"TIPO CAPACITACIÓN (CURSO, TALLER)","MODALIDAD (PRESENCIAL, VIRTUAL)",TEMÁTICA DEL CURSO O TALLER,FECHA DE REALIZACIÓN,Mes,Género,Edad,Nivel de Gobierno (de la entidad),Nombre de la entidad (Unidad Ejecutora),Departamento (donde se ubica la entidad - UE),¿A qué sector pertenece su entidad?,Trimestre,persona_id
TALLER,VIRTUAL,REGISTRO DE INFORMACIÓN DE BIENES INMUEBLES Y SU ASEGURAMIENTO EN EL REPOSITORIO DE BIENES DE LA DIRECCIÓN GENERAL DE ABASTECIMIENTO,2026-01-06,2026-01,Masculino,Entre 31 y 40 años,Regional,UNIDAD EJECUTORA - PROGRAMAS REGIONALES PRO REGION,Cajamarca,Gobiernos Regionales,I Trimestre,a50dc75b4b4b
TALLER,VIRTUAL,REGISTRO DE INFORMACIÓN DE BIENES INMUEBLES Y SU ASEGURAMIENTO EN EL REPOSITORIO DE BIENES DE LA DIRECCIÓN GENERAL DE ABASTECIMIENTO,2026-01-06,2026-01,Femenino,Entre 31 y 40 años,Regional,UNIDAD EJECUTORA N° 403 - SALUD MORROPON CHULUCANAS,Piura,Salud,I Trimestre,113d45866a81
TALLER,VIRTUAL,REGISTRO DE INFORMACIÓN DE BIENES INMUEBLES Y SU ASEGURAMIENTO EN EL REPOSITORIO DE BIENES DE LA DIRECCIÓN GENERAL DE ABASTECIMIENTO,2026-01-06,2026-01,Masculino,Entre 31 y 40 años,Regional,UNIDAD DE GESTION EDUCATIVA LOCAL DE LA PROVINCIA DE HUALGAYOC,Cajamarca,Gobiernos Regionales,I Trimestre,c42d28361c1c
TALLER,VIRTUAL,REGISTRO DE INFORMACIÓN DE BIENES INMUEBLES Y SU ASEGURAMIENTO EN EL REPOSITORIO DE BIENES DE LA DIRECCIÓN GENERAL DE ABASTECIMIENTO,2026-01-06,2026-01,Masculino,Entre 31 y 40 años,Regional,UNIDAD EJECUTORA - RED DE SALUD CAJAMARCA,Cajamarca,Salud,I Trimestre,fb57fe383e7d
TALLER,VIRTUAL,REGISTRO DE INFORMACIÓN DE BIENES INMUEBLES Y SU ASEGURAMIENTO EN EL REPOSITORIO DE BIENES DE LA DIRECCIÓN GENERAL DE ABASTECIMIENTO,2026-01-06,2026-01,Femenino,Entre 41 y 50 años,Local,MUNICIPALIDAD DISTRITAL DE TUMBADEN,Cajamarca,Gobiernos Locales,I Trimestre,03c6519cfd4a
TALLER,VIRTUAL,REGISTRO DE INFORMACIÓN DE BIENES INMUEBLES Y SU ASEGURAMIENTO EN EL REPOSITORIO DE BIENES DE LA DIRECCIÓN GENERAL DE ABASTECIMIENTO,2026-01-06,2026-01,Masculino,Entre 31 y 40 años,Local,MUNICIPALIDAD DISTRITAL DE SITACOCHA,Cajamarca,Gobiernos Locales,I Trimestre,bb864531abab
TALLER,VIRTUAL,REGISTRO DE INFORMACIÓN DE BIENES INMUEBLES Y SU ASEGURAMIENTO EN EL REPOSITORIO DE BIENES DE LA DIRECCIÓN GENERAL DE ABASTECIMIENTO,2026-01-06,2026-01,Masculino,Entre 51 y 60 años,Regional,UNIDAD EJECUTORA - PROGRAMAS REGIONALES PRO REGION,Cajamarca,Gobiernos Regionales,I Trimestre,fa6fc00a0fd5
TALLER,VIRTUAL,REGISTRO DE INFORMACIÓN DE BIENES INMUEBLES Y SU ASEGURAMIENTO EN EL REPOSITORIO DE BIENES DE LA DIRECCIÓN GENERAL DE ABASTECIMIENTO,2026-01-06,2026-01,Masculino,Entre 41 y 50 años,Local,MUNICIPALIDAD DISTRITAL DE MAGDALENA,Cajamarca,Gobiernos Locales,I Trimestre,302f34b66d7d
TALLER,VIRTUAL,REGISTRO DE INFORMACIÓN DE BIENES INMUEBLES Y SU ASEGURAMIENTO EN EL REPOSITORIO DE BIENES DE LA DIRECCIÓN GENERAL DE ABASTECIMIENTO,2026-01-06,2026-01,Femenino,Entre 20 y 30 años,Regional,UNIDAD DE GESTION EDUCATIVA LOCAL DE PAITA,Piura,Educación,I Trimestre,ade94c62599a
TALLER,VIRTUAL,REGISTRO DE INFORMACIÓN DE BIENES INMUEBLES Y SU ASEGURAMIENTO EN EL REPOSITORIO DE BIENES DE LA DIRECCIÓN GENERAL DE ABASTECIMIENTO,2026-01-06,2026-01,Masculino,Entre 20 y 30 años,Regional,DIRECCION REGIONAL DE TRANSPORTES Y COMUNICACIONES DE PIURA,Piura,Gobiernos Regionales,I Trimestre,d32da60f9577
TALLER,VIRTUAL,REGISTRO DE INFORMACIÓN DE BIENES INMUEBLES Y SU ASEGURAMIENTO EN EL REPOSITORIO DE BIENES DE LA DIRECCIÓN GENERAL DE ABASTECIMIENTO,2026-01-06,2026-01,Masculino,Entre 31 y 40 años,Nacional,REGION POLICIAL PIURA,Piura,Interior,I Trimestre,f6fc46004fc6
TALLER,VIRTUAL,REGISTRO DE INFORMACIÓN DE BIENES INMUEBLES Y SU ASEGURAMIENTO EN EL REPOSITORIO DE BIENES DE LA DIRECCIÓN GENERAL DE ABASTECIMIENTO,2026-01-06,2026-01,Masculino,Mayor a 61 años,Local,MUNICIPALIDAD PROVINCIAL DE PAITA,Piura,Gobiernos Locales,I Trimestre,b2cc4cbbd54c
TALLER,VIRTUAL,REGISTRO DE INFORMACIÓN DE BIENES INMUEBLES Y SU ASEGURAMIENTO EN EL REPOSITORIO DE BIENES DE LA DIRECCIÓN GENERAL DE ABASTECIMIENTO,2026-01-06,2026-01,Femenino,Entre 20 y 30 años,Local,MUNICIPALIDAD DISTRITAL DE JESUS,Cajamarca,Gobiernos Locales,I Trimestre,a31984373046
TALLER,VIRTUAL,REGISTRO DE INFORMACIÓN DE BIENES INMUEBLES Y SU ASEGURAMIENTO EN EL REPOSITORIO DE BIENES DE LA DIRECCIÓN GENERAL DE ABASTECIMIENTO,2026-01-06,2026-01,Femenino,Entre 31 y 40 años,Regional,GERENCIA SUB REGIONAL DE MORROPON HUANCABAMBA,Piura,Gobiernos Regionales,I Trimestre,bcbf56c8ab78
TALLER,VIRTUAL,REGISTRO DE INFORMACIÓN DE BIENES INMUEBLES Y SU ASEGURAMIENTO EN EL REPOSITORIO DE BIENES DE LA DIRECCIÓN GENERAL DE ABASTECIMIENTO,2026-01-06,2026-01,Masculino,Entre 31 y 40 años,Regional,PROYECTO ESPECIAL CHIRA PIURA,Piura,Agricultura y Riego,I Trimestre,19450fb56802
TALLER,VIRTUAL,REGISTRO DE INFORMACIÓN DE BIENES INMUEBLES Y SU ASEGURAMIENTO EN EL REPOSITORIO DE BIENES DE LA DIRECCIÓN GENERAL DE ABASTECIMIENTO,2026-01-06,2026-01,Femenino,Entre 41 y 50 años,Local,MUNICIPALIDAD PROVINCIAL DE AYABACA,Piura,Gobiernos Locales,I Trimestre,417ef989a3c0
TALLER,VIRTUAL,REGISTRO DE INFORMACIÓN DE BIENES INMUEBLES Y SU ASEGURAMIENTO EN EL REPOSITORIO DE BIENES DE LA DIRECCIÓN GENERAL DE ABASTECIMIENTO,2026-01-06,2026-01,Masculino,Entre 51 y 60 años,Nacional,REGION POLICIAL PIURA,Piura,Interior,I Trimestre,e6a8d2dfc0c2
TALLER,VIRTUAL,REGISTRO DE INFORMACIÓN DE BIENES INMUEBLES Y SU ASEGURAMIENTO EN EL REPOSITORIO DE BIENES DE LA DIRECCIÓN GENERAL DE ABASTECIMIENTO,2026-01-06,2026-01,Masculino,Entre 41 y 50 años,Regional,UNIDAD DE GESTION EDUCATIVA LOCAL SAN MIGUEL,Cajamarca,Educación,I Trimestre,1f268b1f70ee
TALLER,VIRTUAL,REGISTRO DE INFORMACIÓN DE BIENES INMUEBLES Y SU ASEGURAMIENTO EN EL REPOSITORIO DE BIENES DE LA DIRECCIÓN GENERAL DE ABASTECIMIENTO,2026-01-06,2026-01,Femenino,Entre 41 y 50 años,Regional,DIRECCION REGIONAL DE EDUCACION DE AMAZONAS CHACHAPOYAS,Amazonas,Educación,I Trimestre,dac5512da4ba
TALLER,VIRTUAL,REGISTRO DE INFORMACIÓN DE BIENES INMUEBLES Y SU ASEGURAMIENTO EN EL REPOSITORIO DE BIENES DE LA DIRECCIÓN GENERAL DE ABASTECIMIENTO,2026-01-06,2026-01,Masculino,Entre 41 y 50 años,Regional,UNIDAD DE GESTION EDUCATIVA LOCAL 301 UTCUBAMBA,Amazonas,Educación,I Trimestre,573ecfba3799
TALLER,VIRTUAL,REGISTRO DE INFORMACIÓN DE BIENES INMUEBLES Y SU ASEGURAMIENTO EN EL REPOSITORIO DE BIENES DE LA DIRECCIÓN GENERAL DE ABASTECIMIENTO,2026-01-06,2026-01,Femenino,Entre 51 y 60 años,Local,MUNICIPALIDAD PROVINCIAL DE PAITA,Piura,Gobiernos Locales,I Trimestre,5e3e6635a348
TALLER,VIRTUAL,REGISTRO DE INFORMACIÓN DE BIENES INMUEBLES Y SU ASEGURAMIENTO EN EL REPOSITORIO DE BIENES DE LA DIRECCIÓN GENERAL DE ABASTECIMIENTO,2026-01-06,2026-01,Femenino,Entre 31 y 40 años,Local,MUNICIPALIDAD DISTRITAL DE BELLAVISTA DE LA UNION,Piura,Gobiernos Locales,I Trimestre,80aa26b7092d
TALLER,VIRTUAL,REGISTRO DE INFORMACIÓN DE BIENES INMUEBLES Y SU ASEGURAMIENTO EN EL REPOSITORIO DE BIENES DE LA DIRECCIÓN GENERAL DE ABASTECIMIENTO,2026-01-06,2026-01,Femenino,Entre 41 y 50 años,Regional,GOBIERNO REGIONAL TUMBES,Tumbes,Gobiernos Regionales,I Trimestre,0e7b42652074
TALLER,VIRTUAL,REGISTRO DE INFORMACIÓN DE BIENES INMUEBLES Y SU ASEGURAMIENTO EN EL REPOSITORIO DE BIENES DE LA DIRECCIÓN GENERAL DE ABASTECIMIENTO,2026-01-06,2026-01,Femenino,Entre 51 y 60 años,Nacional,UNIVERSIDAD NACIONAL TORIBIO RODRIGUEZ DE MENDOZA DE AMAZONAS,Amazonas,Educación,I Trimestre,0995bb0253ae
TALLER,VIRTUAL,REGISTRO DE INFORMACIÓN DE BIENES INMUEBLES Y SU ASEGURAMIENTO EN EL REPOSITORIO DE BIENES DE LA DIRECCIÓN GENERAL DE ABASTECIMIENTO,2026-01-06,2026-01,Femenino,Entre 31 y 40 años,Regional,HOSPITAL DE APOYO BAGUA,Amazonas,Salud,I Trimestre,fafffc6e6fd4
TALLER,VIRTUAL,REGISTRO DE INFORMACIÓN DE BIENES INMUEBLES Y SU ASEGURAMIENTO EN EL REPOSITORIO DE BIENES DE LA DIRECCIÓN GENERAL DE ABASTECIMIENTO,2026-01-06,2026-01,Femenino,Entre 41 y 50 años,Nacional,REGION POLICIAL PIURA,Piura,Interior,I Trimestre,096551bf61a2
TALLER,VIRTUAL,REGISTRO DE INFORMACIÓN DE BIENES INMUEBLES Y SU ASEGURAMIENTO EN EL REPOSITORIO DE BIENES DE LA DIRECCIÓN GENERAL DE ABASTECIMIENTO,2026-01-06,2026-01,Masculino,Entre 31 y 40 años,Local,INSTITUTO VIAL PROV. DE HUALGAYOC-BAMBAMARCA,Cajamarca,Gobiernos Locales,I Trimestre,11866c1ef3c7
TALLER,VIRTUAL,REGISTRO DE INFORMACIÓN DE BIENES INMUEBLES Y SU ASEGURAMIENTO EN EL REPOSITORIO DE BIENES DE LA DIRECCIÓN GENERAL DE ABASTECIMIENTO,2026-01-06,2026-01,Masculino,Entre 41 y 50 años,Regional,DIRECCION REGIONAL DE SALUD PIURA,Piura,Gobiernos Regionales,I Trimestre,fe8ba793da33
TALLER,VIRTUAL,REGISTRO DE INFORMACIÓN DE BIENES INMUEBLES Y SU ASEGURAMIENTO EN EL REPOSITORIO DE BIENES DE LA DIRECCIÓN GENERAL DE ABASTECIMIENTO,2026-01-06,2026-01,Femenino,Entre 31 y 40 años,Regional,GOBIERNO REGIONAL AMAZONAS - Sede Amazonas,Amazonas,Otros,I Trimestre,f40883a0ff30
TALLER,VIRTUAL,REGISTRO DE INFORMACIÓN DE BIENES INMUEBLES Y SU ASEGURAMIENTO EN EL REPOSITORIO DE BIENES DE LA DIRECCIÓN GENERAL DE ABASTECIMIENTO,2026-01-06,2026-01,Femenino,Entre 41 y 50 años,Regional,GERENCIA SUB REGIONAL DE MORROPON HUANCABAMBA,Piura,Gobiernos Regionales,I Trimestre,d5889f387ab9
TALLER,VIRTUAL,REGISTRO DE INFORMACIÓN DE BIENES INMUEBLES Y SU ASEGURAMIENTO EN EL REPOSITORIO DE BIENES DE LA DIRECCIÓN GENERAL DE ABASTECIMIENTO,2026-01-06,2026-01,Masculino,Entre 41 y 50 años,Nacional,MINISTERIO DE ECONOMÍA Y FINANZAS,Tumbes,Economía y Finanzas,I Trimestre,b2a39b6d660e
TALLER,VIRTUAL,REGISTRO DE INFORMACIÓN DE BIENES INMUEBLES Y SU ASEGURAMIENTO EN EL REPOSITORIO DE BIENES DE LA DIRECCIÓN GENERAL DE ABASTECIMIENTO,2026-01-06,2026-01,Masculino,Entre 41 y 50 años,Nacional,GERENCIA ADMINISTRATIVA DE AMAZONAS DEL MINISTERIO PUBLICO,Amazonas,Ministerio Público,I Trimestre,018fd6f5dae5
TALLER,VIRTUAL,REGISTRO DE INFORMACIÓN DE BIENES INMUEBLES Y SU ASEGURAMIENTO EN EL REPOSITORIO DE BIENES DE LA DIRECCIÓN GENERAL DE ABASTECIMIENTO,2026-01-06,2026-01,Femenino,Entre 41 y 50 años,Nacional,REGION POLICIAL PIURA,Piura,Interior,I Trimestre,c04cc10b4fca
TALLER,VIRTUAL,REGISTRO DE INFORMACIÓN DE BIENES INMUEBLES Y SU ASEGURAMIENTO EN EL REPOSITORIO DE BIENES DE LA DIRECCIÓN GENERAL DE ABASTECIMIENTO,2026-01-06,2026-01,Masculino,Entre 51 y 60 años,Local,MUNICIPALIDAD PROVINCIAL DE SAN IGNACIO,Cajamarca,Gobiernos Locales,I Trimestre,6985c0432009
TALLER,VIRTUAL,REGISTRO DE INFORMACIÓN DE BIENES INMUEBLES Y SU ASEGURAMIENTO EN EL REPOSITORIO DE BIENES DE LA DIRECCIÓN GENERAL DE ABASTECIMIENTO,2026-01-06,2026-01,Femenino,Entre 31 y 40 años,Regional,UNIDAD DE GESTION EDUCATIVA LOCAL DE BAGUA,Amazonas,Educación,I Trimestre,b70d7eae780c
TALLER,VIRTUAL,REGISTRO DE INFORMACIÓN DE BIENES INMUEBLES Y SU ASEGURAMIENTO EN EL REPOSITORIO DE BIENES DE LA DIRECCIÓN GENERAL DE ABASTECIMIENTO,2026-01-06,2026-01,Femenino,Entre 20 y 30 años,Local,MUNICIPALIDAD DISTRITAL DE MANCORA,Piura,Gobiernos Locales,I Trimestre,9c22265678b0
TALLER,VIRTUAL,REGISTRO DE INFORMACIÓN DE BIENES INMUEBLES Y SU ASEGURAMIENTO EN EL REPOSITORIO DE BIENES DE LA DIRECCIÓN GENERAL DE ABASTECIMIENTO,2026-01-06,2026-01,Femenino,Entre 20 y 30 años,Local,MUNICIPALIDAD DISTRITAL DE IMAZA,Amazonas,Gobiernos Locales,I Trimestre,78f51efd6ede
TALLER,VIRTUAL,REGISTRO DE INFORMACIÓN DE BIENES INMUEBLES Y SU ASEGURAMIENTO EN EL REPOSITORIO DE BIENES DE LA DIRECCIÓN GENERAL DE ABASTECIMIENTO,2026-01-06,2026-01,Masculino,Entre 41 y 50 años,Regional,UNIDAD EJECUTORA N° 402 - HOSPITAL REGIONAL JOSE ALFREDO MENDOZA OLAVARRIA JAMO II 2,Tumbes,Salud,I Trimestre,b7290cbfed5c
TALLER,VIRTUAL,REGISTRO DE INFORMACIÓN DE BIENES INMUEBLES Y SU ASEGURAMIENTO EN EL REPOSITORIO DE BIENES DE LA DIRECCIÓN GENERAL DE ABASTECIMIENTO,2026-01-06,2026-01,Masculino,Entre 51 y 60 años,Local,MUNICIPALIDAD PROVINCIAL DE ZARUMILLA,Tumbes,Gobiernos Locales,I Trimestre,d010e39e22fd
TALLER,VIRTUAL,REGISTRO DE INFORMACIÓN DE BIENES INMUEBLES Y SU ASEGURAMIENTO EN EL REPOSITORIO DE BIENES DE LA DIRECCIÓN GENERAL DE ABASTECIMIENTO,2026-01-06,2026-01,Masculino,Entre 51 y 60 años,Regional,UNIDAD DE GESTION EDUCATIVA LOCAL SAN MIGUEL,Cajamarca,Educación,I Trimestre,46154e901240
TALLER,VIRTUAL,REGISTRO DE INFORMACIÓN DE BIENES INMUEBLES Y SU ASEGURAMIENTO EN EL REPOSITORIO DE BIENES DE LA DIRECCIÓN GENERAL DE ABASTECIMIENTO,2026-01-06,2026-01,Femenino,Entre 41 y 50 años,Regional,ZONA ESPECIAL DE DESARROLLO PAITA - ZED PAITA,Piura,Comercio Exterior y Turismo,I Trimestre,11eee558e45b
TALLER,VIRTUAL,REGISTRO DE INFORMACIÓN DE BIENES INMUEBLES Y SU ASEGURAMIENTO EN EL REPOSITORIO DE BIENES DE LA DIRECCIÓN GENERAL DE ABASTECIMIENTO,2026-01-06,2026-01,Femenino,Entre 31 y 40 años,Regional,GERENCIA SUB REGIONAL DE MORROPON HUANCABAMBA,Piura,Gobiernos Regionales,I Trimestre,4dcc333fdc32
TALLER,VIRTUAL,REGISTRO DE INFORMACIÓN DE BIENES INMUEBLES Y SU ASEGURAMIENTO EN EL REPOSITORIO DE BIENES DE LA DIRECCIÓN GENERAL DE ABASTECIMIENTO,2026-01-06,2026-01,Femenino,Entre 31 y 40 años,Regional,DIRECCION REGIONAL DE AGRICULTURA PIURA,Piura,Gobiernos Regionales,I Trimestre,6a09f4c38eca
TALLER,VIRTUAL,REGISTRO DE INFORMACIÓN DE BIENES INMUEBLES Y SU ASEGURAMIENTO EN EL REPOSITORIO DE BIENES DE LA DIRECCIÓN GENERAL DE ABASTECIMIENTO,2026-01-06,2026-01,Femenino,Entre 41 y 50 años,Regional,HOSPITAL DE APOYO II -1 NUESTRA SEÑORA DE LAS MERCEDES DE PAITA,Piura,Salud,I Trimestre,d36c92046119
TALLER,VIRTUAL,REGISTRO DE INFORMACIÓN DE BIENES INMUEBLES Y SU ASEGURAMIENTO EN EL REPOSITORIO DE BIENES DE LA DIRECCIÓN GENERAL DE ABASTECIMIENTO,2026-01-06,2026-01,Masculino,Mayor a 61 años,Regional,GERENCIA SUB REGIONAL DE MORROPON HUANCABAMBA,Piura,Gobiernos Regionales,I Trimestre,57d283aef5c9
TALLER,VIRTUAL,REGISTRO DE INFORMACIÓN DE BIENES INMUEBLES Y SU ASEGURAMIENTO EN EL REPOSITORIO DE BIENES DE LA DIRECCIÓN GENERAL DE ABASTECIMIENTO,2026-01-06,2026-01,Masculino,Entre 51 y 60 años,Nacional,GERENCIA ADMINISTRATIVA DE AMAZONAS DEL MINISTERIO PUBLICO,Amazonas,Ministerio Público,I Trimestre,e3198affc04f
TALLER,VIRTUAL,REGISTRO DE INFORMACIÓN DE BIENES INMUEBLES Y SU ASEGURAMIENTO EN EL REPOSITORIO DE BIENES DE LA DIRECCIÓN GENERAL DE ABASTECIMIENTO,2026-01-06,2026-01,Femenino,Entre 20 y 30 años,Local,MUNICIPALIDAD DISTRITAL DE PROVIDENCIA,Amazonas,Gobiernos Locales,I Trimestre,8d9b6ea42d22
TALLER,VIRTUAL,REGISTRO DE INFORMACIÓN DE BIENES INMUEBLES Y SU ASEGURAMIENTO EN EL REPOSITORIO DE BIENES DE LA DIRECCIÓN GENERAL DE ABASTECIMIENTO,2026-01-06,2026-01,Masculino,Entre 41 y 50 años,Regional,DIRECCION REGIONAL DE EDUCACION DE AMAZONAS CHACHAPOYAS,Amazonas,Educación,I Trimestre,32781ce8b821
TALLER,VIRTUAL,REGISTRO DE INFORMACIÓN DE BIENES INMUEBLES Y SU ASEGURAMIENTO EN EL REPOSITORIO DE BIENES DE LA DIRECCIÓN GENERAL DE ABASTECIMIENTO,2026-01-06,2026-01,Femenino,Entre 31 y 40 años,Nacional,UNIVERSIDAD NACIONAL DE FRONTERA,Piura,Educación,I Trimestre,eba3c152f391
TALLER,VIRTUAL,REGISTRO DE INFORMACIÓN DE BIENES INMUEBLES Y SU ASEGURAMIENTO EN EL REPOSITORIO DE BIENES DE LA DIRECCIÓN GENERAL DE ABASTECIMIENTO,2026-01-06,2026-01,Femenino,Mayor a 61 años,Regional,DIRECCION REGIONAL DE EDUCACION DE AMAZONAS CHACHAPOYAS,Amazonas,Educación,I Trimestre,00a3691a07ea
TALLER,VIRTUAL,REGISTRO DE INFORMACIÓN DE BIENES INMUEBLES Y SU ASEGURAMIENTO EN EL REPOSITORIO DE BIENES DE LA DIRECCIÓN GENERAL DE ABASTECIMIENTO,2026-01-06,2026-01,Masculino,Entre 20 y 30 años,Local,MUNICIPALIDAD DISTRITAL DE IMAZA,Amazonas,Gobiernos Locales,I Trimestre,6a286dd22aa2
TALLER,VIRTUAL,REGISTRO DE INFORMACIÓN DE BIENES INMUEBLES Y SU ASEGURAMIENTO EN EL REPOSITORIO DE BIENES DE LA DIRECCIÓN GENERAL DE ABASTECIMIENTO,2026-01-06,2026-01,Femenino,Entre 31 y 40 años,Regional,UNIDAD DE GESTION EDUCATIVA LOCAL SAN MIGUEL,Cajamarca,Educación,I Trimestre,d94e61a98dd7
TALLER,VIRTUAL,REGISTRO DE INFORMACIÓN DE BIENES INMUEBLES Y SU ASEGURAMIENTO EN EL REPOSITORIO DE BIENES DE LA DIRECCIÓN GENERAL DE ABASTECIMIENTO,2026-01-06,2026-01,Femenino,Entre 41 y 50 años,Local,MUNICIPALIDAD DISTRITAL DE LA ARENA,Piura,Gobiernos Locales,I Trimestre,1c9622f370e9
TALLER,VIRTUAL,REGISTRO DE INFORMACIÓN DE BIENES INMUEBLES Y SU ASEGURAMIENTO EN EL REPOSITORIO DE BIENES DE LA DIRECCIÓN GENERAL DE ABASTECIMIENTO,2026-01-06,2026-01,Femenino,Entre 51 y 60 años,Regional,DIRECCION REGIONAL DE SALUD PIURA,Piura,Salud,I Trimestre,d083edec1359
TALLER,VIRTUAL,REGISTRO DE INFORMACIÓN DE BIENES INMUEBLES Y SU ASEGURAMIENTO EN EL REPOSITORIO DE BIENES DE LA DIRECCIÓN GENERAL DE ABASTECIMIENTO,2026-01-06,2026-01,Femenino,Entre 20 y 30 años,Regional,GERENCIA SUB REGIONAL DE UTCUBAMBA,Amazonas,Gobiernos Regionales,I Trimestre,4347eb6b79df
TALLER,VIRTUAL,REGISTRO DE INFORMACIÓN DE BIENES INMUEBLES Y SU ASEGURAMIENTO EN EL REPOSITORIO DE BIENES DE LA DIRECCIÓN GENERAL DE ABASTECIMIENTO,2026-01-06,2026-01,Femenino,Entre 41 y 50 años,Regional,UNIDAD EJECUTORA N° 402 - HOSPITAL REGIONAL JOSE ALFREDO MENDOZA OLAVARRIA JAMO II 2,Tumbes,Salud,I Trimestre,82a7a3ce27af
TALLER,VIRTUAL,REGISTRO DE INFORMACIÓN DE BIENES INMUEBLES Y SU ASEGURAMIENTO EN EL REPOSITORIO DE BIENES DE LA DIRECCIÓN GENERAL DE ABASTECIMIENTO,2026-01-06,2026-01,Masculino,Entre 51 y 60 años,Regional,GOBIERNO REGIONAL TUMBES,Tumbes,Gobiernos Regionales,I Trimestre,1436e91844e4
TALLER,VIRTUAL,REGISTRO DE INFORMACIÓN DE BIENES INMUEBLES Y SU ASEGURAMIENTO EN EL REPOSITORIO DE BIENES DE LA DIRECCIÓN GENERAL DE ABASTECIMIENTO,2026-01-06,2026-01,Masculino,Entre 31 y 40 años,Regional,UNIDAD DE GESTION EDUCATIVA LOCAL DE BAGUA,Amazonas,Educación,I Trimestre,6ec554d5eeca
TALLER,VIRTUAL,REGISTRO DE INFORMACIÓN DE BIENES INMUEBLES Y SU ASEGURAMIENTO EN EL REPOSITORIO DE BIENES DE LA DIRECCIÓN GENERAL DE ABASTECIMIENTO,2026-01-06,2026-01,Masculino,Entre 31 y 40 años,Local,MUNICIPALIDAD DISTRITAL DE LOS BAÑOS DEL INCA,Cajamarca,Gobiernos Locales,I Trimestre,b1465ac4ea78
TALLER,VIRTUAL,REGISTRO DE INFORMACIÓN DE BIENES INMUEBLES Y SU ASEGURAMIENTO EN EL REPOSITORIO DE BIENES DE LA DIRECCIÓN GENERAL DE ABASTECIMIENTO,2026-01-06,2026-01,Femenino,Entre 20 y 30 años,Local,MUNICIPALIDAD DISTRITAL DE OMIA,Amazonas,Otros,I Trimestre,d7cd907a10b4
TALLER,VIRTUAL,REGISTRO DE INFORMACIÓN DE BIENES INMUEBLES Y SU ASEGURAMIENTO EN EL REPOSITORIO DE BIENES DE LA DIRECCIÓN GENERAL DE ABASTECIMIENTO,2026-01-06,2026-01,Femenino,Entre 20 y 30 años,Local,MUNICIPALIDAD PROVINCIAL DE LUYA LAMUD,Amazonas,Gobiernos Locales,I Trimestre,225db362f089
TALLER,VIRTUAL,REGISTRO DE INFORMACIÓN DE BIENES INMUEBLES Y SU ASEGURAMIENTO EN EL REPOSITORIO DE BIENES DE LA DIRECCIÓN GENERAL DE ABASTECIMIENTO,2026-01-06,2026-01,Masculino,Entre 51 y 60 años,Regional,UNIDAD EJECUTORA N° 402 - HOSPITAL REGIONAL JOSE ALFREDO MENDOZA OLAVARRIA JAMO II 2,Tumbes,Salud,I Trimestre,f21797f58c51
TALLER,VIRTUAL,REGISTRO DE INFORMACIÓN DE BIENES INMUEBLES Y SU ASEGURAMIENTO EN EL REPOSITORIO DE BIENES DE LA DIRECCIÓN GENERAL DE ABASTECIMIENTO,2026-01-06,2026-01,Masculino,Entre 41 y 50 años,Local,MUNICIPALIDAD DISTRITAL DE BELLAVISTA,Cajamarca,Gobiernos Locales,I Trimestre,6ac1b6c596c2
TALLER,VIRTUAL,REGISTRO DE INFORMACIÓN DE BIENES INMUEBLES Y SU ASEGURAMIENTO EN EL REPOSITORIO DE BIENES DE LA DIRECCIÓN GENERAL DE ABASTECIMIENTO,2026-01-06,2026-01,Masculino,Entre 41 y 50 años,Regional,DIRECCION DE RED DE SALUD HUAYLAS NORTE,Ancash,Salud,I Trimestre,1387fab58980
TALLER,VIRTUAL,REGISTRO DE INFORMACIÓN DE BIENES INMUEBLES Y SU ASEGURAMIENTO EN EL REPOSITORIO DE BIENES DE LA DIRECCIÓN GENERAL DE ABASTECIMIENTO,2026-01-06,2026-01,Masculino,Entre 31 y 40 años,Regional,UNIDAD DE GESTION EDUCATIVA LOCAL JULCAN,La Libertad,Educación,I Trimestre,68220ccc0668
TALLER,VIRTUAL,REGISTRO DE INFORMACIÓN DE BIENES INMUEBLES Y SU ASEGURAMIENTO EN EL REPOSITORIO DE BIENES DE LA DIRECCIÓN GENERAL DE ABASTECIMIENTO,2026-01-06,2026-01,Masculino,Entre 31 y 40 años,Nacional,UNIDAD EJECUTORA N° 007 - MARCAHUAMACHUCO,La Libertad,Cultura,I Trimestre,01f45e327659
TALLER,VIRTUAL,REGISTRO DE INFORMACIÓN DE BIENES INMUEBLES Y SU ASEGURAMIENTO EN EL REPOSITORIO DE BIENES DE LA DIRECCIÓN GENERAL DE ABASTECIMIENTO,2026-01-06,2026-01,Femenino,Entre 41 y 50 años,Opd,SERVICIO DE GESTION AMBIENTAL DE TRUJILLO (SEGAT),La Libertad,Otros,I Trimestre,eb5b79a25fd4
TALLER,VIRTUAL,REGISTRO DE INFORMACIÓN DE BIENES INMUEBLES Y SU ASEGURAMIENTO EN EL REPOSITORIO DE BIENES DE LA DIRECCIÓN GENERAL DE ABASTECIMIENTO,2026-01-06,2026-01,Masculino,Entre 31 y 40 años,Local,MUNICIPALIDAD DISTRITAL DE UCO,Ancash,Gobiernos Locales,I Trimestre,22cb650339b6
TALLER,VIRTUAL,REGISTRO DE INFORMACIÓN DE BIENES INMUEBLES Y SU ASEGURAMIENTO EN EL REPOSITORIO DE BIENES DE LA DIRECCIÓN GENERAL DE ABASTECIMIENTO,2026-01-06,2026-01,Masculino,Entre 31 y 40 años,Nacional,UNIVERSIDAD NACIONAL DEL SANTA (UNS),Ancash,Educación,I Trimestre,dd85ceed6b53
TALLER,VIRTUAL,REGISTRO DE INFORMACIÓN DE BIENES INMUEBLES Y SU ASEGURAMIENTO EN EL REPOSITORIO DE BIENES DE LA DIRECCIÓN GENERAL DE ABASTECIMIENTO,2026-01-06,2026-01,Femenino,Entre 41 y 50 años,Nacional,CORTE SUPERIOR DE JUSTICIA DEL SANTA,Ancash,Poder Judicial,I Trimestre,b4a77e1af05d
TALLER,VIRTUAL,REGISTRO DE INFORMACIÓN DE BIENES INMUEBLES Y SU ASEGURAMIENTO EN EL REPOSITORIO DE BIENES DE LA DIRECCIÓN GENERAL DE ABASTECIMIENTO,2026-01-06,2026-01,Masculino,Entre 31 y 40 años,Local,MUNICIPALIDAD DISTRITAL DE VICTOR LARCO HERRERA,La Libertad,Gobiernos Locales,I Trimestre,67c44794b69f
TALLER,VIRTUAL,REGISTRO DE INFORMACIÓN DE BIENES INMUEBLES Y SU ASEGURAMIENTO EN EL REPOSITORIO DE BIENES DE LA DIRECCIÓN GENERAL DE ABASTECIMIENTO,2026-01-06,2026-01,Masculino,Entre 51 y 60 años,Regional,GERENCIA REGIONAL DE AGRICULTURA,Lambayeque,Gobiernos Regionales,I Trimestre,3c31c790780b
TALLER,VIRTUAL,REGISTRO DE INFORMACIÓN DE BIENES INMUEBLES Y SU ASEGURAMIENTO EN EL REPOSITORIO DE BIENES DE LA DIRECCIÓN GENERAL DE ABASTECIMIENTO,2026-01-06,2026-01,Masculino,Entre 31 y 40 años,Local,MUNICIPALIDAD PROVINCIAL DE YUNGAY,Ancash,Gobiernos Locales,I Trimestre,11115cba49e6
TALLER,VIRTUAL,REGISTRO DE INFORMACIÓN DE BIENES INMUEBLES Y SU ASEGURAMIENTO EN EL REPOSITORIO DE BIENES DE LA DIRECCIÓN GENERAL DE ABASTECIMIENTO,2026-01-06,2026-01,Femenino,Entre 51 y 60 años,Local,MUNICIPALIDAD PROVINCIAL DE LAMBAYEQUE,Lambayeque,Gobiernos Locales,I Trimestre,e6e24d32aaab
TALLER,VIRTUAL,REGISTRO DE INFORMACIÓN DE BIENES INMUEBLES Y SU ASEGURAMIENTO EN EL REPOSITORIO DE BIENES DE LA DIRECCIÓN GENERAL DE ABASTECIMIENTO,2026-01-06,2026-01,Masculino,Entre 41 y 50 años,Regional,GERENCIA REGIONAL DE TRANSPORTES Y COMUNICACIONES DE LA LIBERTAD,La Libertad,Gobiernos Regionales,I Trimestre,b56fac9d58ed
TALLER,VIRTUAL,REGISTRO DE INFORMACIÓN DE BIENES INMUEBLES Y SU ASEGURAMIENTO EN EL REPOSITORIO DE BIENES DE LA DIRECCIÓN GENERAL DE ABASTECIMIENTO,2026-01-06,2026-01,Masculino,Entre 31 y 40 años,Local,MUNICIPALIDAD DISTRITAL DE SANTA CRUZ DE CHUCA,La Libertad,Gobiernos Locales,I Trimestre,0b58335345ce
TALLER,VIRTUAL,REGISTRO DE INFORMACIÓN DE BIENES INMUEBLES Y SU ASEGURAMIENTO EN EL REPOSITORIO DE BIENES DE LA DIRECCIÓN GENERAL DE ABASTECIMIENTO,2026-01-06,2026-01,Masculino,Entre 51 y 60 años,Regional,GERENCIA REGIONAL DE TRANSPORTES Y COMUNICACIONES DE LA LIBERTAD,La Libertad,Transportes y Comunicaciones,I Trimestre,e766de48dbd6
TALLER,VIRTUAL,REGISTRO DE INFORMACIÓN DE BIENES INMUEBLES Y SU ASEGURAMIENTO EN EL REPOSITORIO DE BIENES DE LA DIRECCIÓN GENERAL DE ABASTECIMIENTO,2026-01-06,2026-01,Masculino,Entre 51 y 60 años,Nacional,ESTACION EXPERIMENTAL AGRARIA VISTA FLORIDA LAMBAYEQUE,Lambayeque,Agricultura y Riego,I Trimestre,92cf8f1c4f5b
TALLER,VIRTUAL,REGISTRO DE INFORMACIÓN DE BIENES INMUEBLES Y SU ASEGURAMIENTO EN EL REPOSITORIO DE BIENES DE LA DIRECCIÓN GENERAL DE ABASTECIMIENTO,2026-01-06,2026-01,Masculino,Entre 20 y 30 años,Local,MUNICIPALIDAD DISTRITAL DE CHILLIA,La Libertad,Gobiernos Locales,I Trimestre,f04e5f38186a
TALLER,VIRTUAL,REGISTRO DE INFORMACIÓN DE BIENES INMUEBLES Y SU ASEGURAMIENTO EN EL REPOSITORIO DE BIENES DE LA DIRECCIÓN GENERAL DE ABASTECIMIENTO,2026-01-06,2026-01,Masculino,Entre 51 y 60 años,Regional,GOBIERNO REGIONAL LAMBAYEQUE,Lambayeque,Gobiernos Regionales,I Trimestre,6ad6f00f02eb
TALLER,VIRTUAL,REGISTRO DE INFORMACIÓN DE BIENES INMUEBLES Y SU ASEGURAMIENTO EN EL REPOSITORIO DE BIENES DE LA DIRECCIÓN GENERAL DE ABASTECIMIENTO,2026-01-06,2026-01,Masculino,Entre 31 y 40 años,Nacional,UNIVERSIDAD NACIONAL DEL SANTA (UNS),Ancash,Educación,I Trimestre,938a0be03414
TALLER,VIRTUAL,REGISTRO DE INFORMACIÓN DE BIENES INMUEBLES Y SU ASEGURAMIENTO EN EL REPOSITORIO DE BIENES DE LA DIRECCIÓN GENERAL DE ABASTECIMIENTO,2026-01-06,2026-01,Femenino,Entre 31 y 40 años,Nacional,CORTE SUPERIOR DE JUSTICIA DE ANCASH,Ancash,Poder Judicial,I Trimestre,1cb1eec6d965
TALLER,VIRTUAL,REGISTRO DE INFORMACIÓN DE BIENES INMUEBLES Y SU ASEGURAMIENTO EN EL REPOSITORIO DE BIENES DE LA DIRECCIÓN GENERAL DE ABASTECIMIENTO,2026-01-06,2026-01,Masculino,Entre 41 y 50 años,Opd,SERVICIOS PERIFERICOS TRUJILLO,La Libertad,Salud,I Trimestre,3a99f4e29f1c
TALLER,VIRTUAL,REGISTRO DE INFORMACIÓN DE BIENES INMUEBLES Y SU ASEGURAMIENTO EN EL REPOSITORIO DE BIENES DE LA DIRECCIÓN GENERAL DE ABASTECIMIENTO,2026-01-06,2026-01,Femenino,Entre 20 y 30 años,Local,MUNICIPALIDAD DISTRITAL DE HUALLANCA,Ancash,Otros,I Trimestre,b28c401d5b2f
TALLER,VIRTUAL,REGISTRO DE INFORMACIÓN DE BIENES INMUEBLES Y SU ASEGURAMIENTO EN EL REPOSITORIO DE BIENES DE LA DIRECCIÓN GENERAL DE ABASTECIMIENTO,2026-01-06,2026-01,Masculino,Entre 31 y 40 años,Nacional,CORTE SUPERIOR DE JUSTICIA DEL SANTA,Ancash,Poder Judicial,I Trimestre,b0615bd5d042
TALLER,VIRTUAL,REGISTRO DE INFORMACIÓN DE BIENES INMUEBLES Y SU ASEGURAMIENTO EN EL REPOSITORIO DE BIENES DE LA DIRECCIÓN GENERAL DE ABASTECIMIENTO,2026-01-06,2026-01,Masculino,Entre 31 y 40 años,Regional,UNIDADES DE GESTION EDUCATIVA LOCAL DE SANTA,Ancash,Educación,I Trimestre,a06c220ad7ef
TALLER,VIRTUAL,REGISTRO DE INFORMACIÓN DE BIENES INMUEBLES Y SU ASEGURAMIENTO EN EL REPOSITORIO DE BIENES DE LA DIRECCIÓN GENERAL DE ABASTECIMIENTO,2026-01-06,2026-01,Masculino,Mayor a 61 años,Regional,TERMINAL PORTUARIO DE CHIMBOTE,Ancash,Gobiernos Regionales,I Trimestre,f8c3325c083e
TALLER,VIRTUAL,REGISTRO DE INFORMACIÓN DE BIENES INMUEBLES Y SU ASEGURAMIENTO EN EL REPOSITORIO DE BIENES DE LA DIRECCIÓN GENERAL DE ABASTECIMIENTO,2026-01-06,2026-01,Masculino,Mayor a 61 años,Regional,GOBIERNO REGIONAL LAMBAYEQUE,Lambayeque,Gobiernos Regionales,I Trimestre,c1ea36132f26
TALLER,VIRTUAL,REGISTRO DE INFORMACIÓN DE BIENES INMUEBLES Y SU ASEGURAMIENTO EN EL REPOSITORIO DE BIENES DE LA DIRECCIÓN GENERAL DE ABASTECIMIENTO,2026-01-06,2026-01,Masculino,Entre 20 y 30 años,Local,MUNICIPALIDAD DISTRITAL DE SANTA CRUZ DE CHUCA,La Libertad,Gobiernos Locales,I Trimestre,d5ae4b34d30f
TALLER,VIRTUAL,REGISTRO DE INFORMACIÓN DE BIENES INMUEBLES Y SU ASEGURAMIENTO EN EL REPOSITORIO DE BIENES DE LA DIRECCIÓN GENERAL DE ABASTECIMIENTO,2026-01-06,2026-01,Femenino,Entre 20 y 30 años,Regional,UNIDAD DE GESTION EDUCATIVA LOCAL DE BOLIVAR,La Libertad,Educación,I Trimestre,3b29885859be
TALLER,VIRTUAL,REGISTRO DE INFORMACIÓN DE BIENES INMUEBLES Y SU ASEGURAMIENTO EN EL REPOSITORIO DE BIENES DE LA DIRECCIÓN GENERAL DE ABASTECIMIENTO,2026-01-06,2026-01,Masculino,Entre 51 y 60 años,Nacional,CORTE SUPERIOR DE JUSTICIA DE ANCASH,Ancash,Poder Judicial,I Trimestre,049f64ee7061
TALLER,VIRTUAL,REGISTRO DE INFORMACIÓN DE BIENES INMUEBLES Y SU ASEGURAMIENTO EN EL REPOSITORIO DE BIENES DE LA DIRECCIÓN GENERAL DE ABASTECIMIENTO,2026-01-06,2026-01,Femenino,Entre 51 y 60 años,Local,MUNICIPALIDAD PROVINCIAL DE LAMBAYEQUE,Lambayeque,Gobiernos Locales,I Trimestre,2d22159d7422
TALLER,VIRTUAL,REGISTRO DE INFORMACIÓN DE BIENES INMUEBLES Y SU ASEGURAMIENTO EN EL REPOSITORIO DE BIENES DE LA DIRECCIÓN GENERAL DE ABASTECIMIENTO,2026-01-06,2026-01,Femenino,Entre 20 y 30 años,Local,MUNICIPALIDAD DISTRITAL DE CACHICADAN,La Libertad,Gobiernos Locales,I Trimestre,0cbfdfefe0f7
TALLER,VIRTUAL,REGISTRO DE INFORMACIÓN DE BIENES INMUEBLES Y SU ASEGURAMIENTO EN EL REPOSITORIO DE BIENES DE LA DIRECCIÓN GENERAL DE ABASTECIMIENTO,2026-01-06,2026-01,Masculino,Entre 41 y 50 años,Regional,GERENCIA REGIONAL DE AGRICULTURA,Lambayeque,Agricultura y Riego,I Trimestre,ecd7327e4ac2
TALLER,VIRTUAL,REGISTRO DE INFORMACIÓN DE BIENES INMUEBLES Y SU ASEGURAMIENTO EN EL REPOSITORIO DE BIENES DE LA DIRECCIÓN GENERAL DE ABASTECIMIENTO,2026-01-06,2026-01,Femenino,Mayor a 61 años,Local,MUNICIPALIDAD DISTRITAL DE CHICAMA,La Libertad,Gobiernos Locales,I Trimestre,725e2da7c39a
TALLER,VIRTUAL,REGISTRO DE INFORMACIÓN DE BIENES INMUEBLES Y SU ASEGURAMIENTO EN EL REPOSITORIO DE BIENES DE LA DIRECCIÓN GENERAL DE ABASTECIMIENTO,2026-01-06,2026-01,Femenino,Entre 51 y 60 años,Local,MUNICIPALIDAD DISTRITAL DE JOSÉ LEONARDO ORTIZ ,Lambayeque,Gobiernos Locales,I Trimestre,650e0b671609
TALLER,VIRTUAL,REGISTRO DE INFORMACIÓN DE BIENES INMUEBLES Y SU ASEGURAMIENTO EN EL REPOSITORIO DE BIENES DE LA DIRECCIÓN GENERAL DE ABASTECIMIENTO,2026-01-06,2026-01,Masculino,Entre 41 y 50 años,Local,MUNICIPALIDAD DISTRITAL DE CURGOS,La Libertad,Gobiernos Locales,I Trimestre,c39c4d875a49
TALLER,VIRTUAL,REGISTRO DE INFORMACIÓN DE BIENES INMUEBLES Y SU ASEGURAMIENTO EN EL REPOSITORIO DE BIENES DE LA DIRECCIÓN GENERAL DE ABASTECIMIENTO,2026-01-06,2026-01,Masculino,Entre 31 y 40 años,Local,MUNICIPALIDAD PROVINCIAL DE BOLIVAR,La Libertad,Gobiernos Locales,I Trimestre,f50b7713e0a7
TALLER,VIRTUAL,REGISTRO DE INFORMACIÓN DE BIENES INMUEBLES Y SU ASEGURAMIENTO EN EL REPOSITORIO DE BIENES DE LA DIRECCIÓN GENERAL DE ABASTECIMIENTO,2026-01-06,2026-01,Masculino,Entre 51 y 60 años,Regional,PROYECTO ESPECIAL CHAVIMOCHIC,La Libertad,Gobiernos Regionales,I Trimestre,3315fdf0d112
TALLER,VIRTUAL,REGISTRO DE INFORMACIÓN DE BIENES INMUEBLES Y SU ASEGURAMIENTO EN EL REPOSITORIO DE BIENES DE LA DIRECCIÓN GENERAL DE ABASTECIMIENTO,2026-01-06,2026-01,Femenino,Entre 41 y 50 años,Regional,UNIDAD DE GESTION EDUCATIVA LOCAL DE HUAYLAS,Ancash,Educación,I Trimestre,a247628e79c7
TALLER,VIRTUAL,REGISTRO DE INFORMACIÓN DE BIENES INMUEBLES Y SU ASEGURAMIENTO EN EL REPOSITORIO DE BIENES DE LA DIRECCIÓN GENERAL DE ABASTECIMIENTO,2026-01-06,2026-01,Femenino,Entre 31 y 40 años,Regional,UNIDAD EJECUTORA N° 403 - SALUD TRUJILLO SUR OESTE,La Libertad,Salud,I Trimestre,47534e460ef3
TALLER,VIRTUAL,REGISTRO DE INFORMACIÓN DE BIENES INMUEBLES Y SU ASEGURAMIENTO EN EL REPOSITORIO DE BIENES DE LA DIRECCIÓN GENERAL DE ABASTECIMIENTO,2026-01-06,2026-01,Femenino,Entre 20 y 30 años,Nacional,UNIVERSIDAD NACIONAL DEL SANTA (UNS),Ancash,Educación,I Trimestre,8fea3accdaba
TALLER,VIRTUAL,REGISTRO DE INFORMACIÓN DE BIENES INMUEBLES Y SU ASEGURAMIENTO EN EL REPOSITORIO DE BIENES DE LA DIRECCIÓN GENERAL DE ABASTECIMIENTO,2026-01-06,2026-01,Femenino,Entre 41 y 50 años,Nacional,ZONA REGISTRAL NRO VII -  SEDE HUARAZ,Ancash,Justicia y Derechos Humanos,I Trimestre,9814fd7b5678
TALLER,VIRTUAL,REGISTRO DE INFORMACIÓN DE BIENES INMUEBLES Y SU ASEGURAMIENTO EN EL REPOSITORIO DE BIENES DE LA DIRECCIÓN GENERAL DE ABASTECIMIENTO,2026-01-07,2026-01,Masculino,Entre 51 y 60 años,Local,MUNICIPALIDAD DISTRITAL DE LINCE,Lima,Gobiernos Locales,I Trimestre,447e879e8c87
TALLER,VIRTUAL,REGISTRO DE INFORMACIÓN DE BIENES INMUEBLES Y SU ASEGURAMIENTO EN EL REPOSITORIO DE BIENES DE LA DIRECCIÓN GENERAL DE ABASTECIMIENTO,2026-01-07,2026-01,Femenino,Entre 20 y 30 años,Local,INSTITUTO VIAL PROVINCIAL DE LAMAS,San Martín,Otros,I Trimestre,017d277f8dcf
TALLER,VIRTUAL,REGISTRO DE INFORMACIÓN DE BIENES INMUEBLES Y SU ASEGURAMIENTO EN EL REPOSITORIO DE BIENES DE LA DIRECCIÓN GENERAL DE ABASTECIMIENTO,2026-01-07,2026-01,Masculino,Entre 41 y 50 años,Regional,A.I.S. HOSPITAL APOYO IQUITOS,Loreto,Salud,I Trimestre,1f3b248d5844
TALLER,VIRTUAL,REGISTRO DE INFORMACIÓN DE BIENES INMUEBLES Y SU ASEGURAMIENTO EN EL REPOSITORIO DE BIENES DE LA DIRECCIÓN GENERAL DE ABASTECIMIENTO,2026-01-07,2026-01,Femenino,Entre 20 y 30 años,Local,MUNICIPALIDAD DISTRITAL DE ALTO BIAVO,San Martín,Gobiernos Locales,I Trimestre,d16ffb7e634d
TALLER,VIRTUAL,REGISTRO DE INFORMACIÓN DE BIENES INMUEBLES Y SU ASEGURAMIENTO EN EL REPOSITORIO DE BIENES DE LA DIRECCIÓN GENERAL DE ABASTECIMIENTO,2026-01-07,2026-01,Masculino,Entre 20 y 30 años,Regional,DIRECCION REGIONAL SECTORIAL DE AGRICULTURA DE UCAYALI,Ucayali,Agricultura y Riego,I Trimestre,83f7199a3e7d
TALLER,VIRTUAL,REGISTRO DE INFORMACIÓN DE BIENES INMUEBLES Y SU ASEGURAMIENTO EN EL REPOSITORIO DE BIENES DE LA DIRECCIÓN GENERAL DE ABASTECIMIENTO,2026-01-07,2026-01,Masculino,Entre 51 y 60 años,Nacional,REGION POLICIAL LORETO,Loreto,Interior,I Trimestre,3dc22afb6737
TALLER,VIRTUAL,REGISTRO DE INFORMACIÓN DE BIENES INMUEBLES Y SU ASEGURAMIENTO EN EL REPOSITORIO DE BIENES DE LA DIRECCIÓN GENERAL DE ABASTECIMIENTO,2026-01-07,2026-01,Femenino,Entre 31 y 40 años,Regional,GOBIERNO REGIONAL DE UCAYALI,Ucayali,Gobiernos Regionales,I Trimestre,ccd112f5e870
TALLER,VIRTUAL,REGISTRO DE INFORMACIÓN DE BIENES INMUEBLES Y SU ASEGURAMIENTO EN EL REPOSITORIO DE BIENES DE LA DIRECCIÓN GENERAL DE ABASTECIMIENTO,2026-01-07,2026-01,Masculino,Entre 31 y 40 años,Local,MUNICIPALIDAD DISTRITAL DE PAMPA HERMOSA,Loreto,Gobiernos Locales,I Trimestre,59d748189466
TALLER,VIRTUAL,REGISTRO DE INFORMACIÓN DE BIENES INMUEBLES Y SU ASEGURAMIENTO EN EL REPOSITORIO DE BIENES DE LA DIRECCIÓN GENERAL DE ABASTECIMIENTO,2026-01-07,2026-01,Masculino,Entre 31 y 40 años,Local,MUNICIPALIDAD DISTRITAL DE KOSÑIPATA,Cusco,Gobiernos Locales,I Trimestre,6489722b878a
TALLER,VIRTUAL,REGISTRO DE INFORMACIÓN DE BIENES INMUEBLES Y SU ASEGURAMIENTO EN EL REPOSITORIO DE BIENES DE LA DIRECCIÓN GENERAL DE ABASTECIMIENTO,2026-01-07,2026-01,Femenino,Entre 20 y 30 años,Local,MUNICIPALIDAD DISTRITAL DE HABANA,San Martín,Gobiernos Locales,I Trimestre,4796cd22d822
TALLER,VIRTUAL,REGISTRO DE INFORMACIÓN DE BIENES INMUEBLES Y SU ASEGURAMIENTO EN EL REPOSITORIO DE BIENES DE LA DIRECCIÓN GENERAL DE ABASTECIMIENTO,2026-01-07,2026-01,Femenino,Entre 51 y 60 años,Regional,UNIDAD DE GESTION EDUCATIVA LOCAL SAN MARTIN,San Martín,Educación,I Trimestre,584c6ac16846
TALLER,VIRTUAL,REGISTRO DE INFORMACIÓN DE BIENES INMUEBLES Y SU ASEGURAMIENTO EN EL REPOSITORIO DE BIENES DE LA DIRECCIÓN GENERAL DE ABASTECIMIENTO,2026-01-07,2026-01,Femenino,Entre 20 y 30 años,Regional,REGION LORETO EDUCACION MARISCAL RAMON CASTILLA,Loreto,Educación,I Trimestre,b263ae18d409
TALLER,VIRTUAL,REGISTRO DE INFORMACIÓN DE BIENES INMUEBLES Y SU ASEGURAMIENTO EN EL REPOSITORIO DE BIENES DE LA DIRECCIÓN GENERAL DE ABASTECIMIENTO,2026-01-07,2026-01,Femenino,Entre 31 y 40 años,Local,INSITUTO VIAL PROVINCIAL DE HUALLAGA,San Martín,Educación,I Trimestre,5ecf56230910
TALLER,VIRTUAL,REGISTRO DE INFORMACIÓN DE BIENES INMUEBLES Y SU ASEGURAMIENTO EN EL REPOSITORIO DE BIENES DE LA DIRECCIÓN GENERAL DE ABASTECIMIENTO,2026-01-07,2026-01,Masculino,Entre 41 y 50 años,Regional,DIRECCION REGIONAL DE TRANSPORTES Y COMUNICACIONES DE SAN MARTIN,San Martín,Gobiernos Regionales,I Trimestre,8b778509fefc
TALLER,VIRTUAL,REGISTRO DE INFORMACIÓN DE BIENES INMUEBLES Y SU ASEGURAMIENTO EN EL REPOSITORIO DE BIENES DE LA DIRECCIÓN GENERAL DE ABASTECIMIENTO,2026-01-07,2026-01,Femenino,Entre 41 y 50 años,Local,MUNICIPALIDAD DISTRITAL DE EL TIGRE,Loreto,Gobiernos Locales,I Trimestre,828209aa12dd
TALLER,VIRTUAL,REGISTRO DE INFORMACIÓN DE BIENES INMUEBLES Y SU ASEGURAMIENTO EN EL REPOSITORIO DE BIENES DE LA DIRECCIÓN GENERAL DE ABASTECIMIENTO,2026-01-07,2026-01,Masculino,Entre 31 y 40 años,Regional,GOBIERNO REGIONAL DE APURIMAC,Apurímac,Gobiernos Regionales,I Trimestre,c23fe0d461f3
TALLER,VIRTUAL,REGISTRO DE INFORMACIÓN DE BIENES INMUEBLES Y SU ASEGURAMIENTO EN EL REPOSITORIO DE BIENES DE LA DIRECCIÓN GENERAL DE ABASTECIMIENTO,2026-01-07,2026-01,Masculino,Entre 31 y 40 años,Regional,GOBIERNO REGIONAL DE MADRE DE DIOS,Madre De Dios,Gobiernos Regionales,I Trimestre,1b3b2929d68b
TALLER,VIRTUAL,REGISTRO DE INFORMACIÓN DE BIENES INMUEBLES Y SU ASEGURAMIENTO EN EL REPOSITORIO DE BIENES DE LA DIRECCIÓN GENERAL DE ABASTECIMIENTO,2026-01-07,2026-01,Masculino,Entre 41 y 50 años,Regional,UNIDAD DE GESTION EDUCATIVA LOCAL HUALLAGA,San Martín,Educación,I Trimestre,7957497dede9
TALLER,VIRTUAL,REGISTRO DE INFORMACIÓN DE BIENES INMUEBLES Y SU ASEGURAMIENTO EN EL REPOSITORIO DE BIENES DE LA DIRECCIÓN GENERAL DE ABASTECIMIENTO,2026-01-07,2026-01,Masculino,Entre 41 y 50 años,Regional,UNIDAD DE GESTIÓN EDUCATIVA LOCAL DE RIOJA,San Martín,Educación,I Trimestre,392c00ea1bef
TALLER,VIRTUAL,REGISTRO DE INFORMACIÓN DE BIENES INMUEBLES Y SU ASEGURAMIENTO EN EL REPOSITORIO DE BIENES DE LA DIRECCIÓN GENERAL DE ABASTECIMIENTO,2026-01-07,2026-01,Masculino,Entre 51 y 60 años,Nacional,MINISTERIO DE ECONOMÍA Y FINANZAS,Loreto,Economía y Finanzas,I Trimestre,d7061efbb90a
TALLER,VIRTUAL,REGISTRO DE INFORMACIÓN DE BIENES INMUEBLES Y SU ASEGURAMIENTO EN EL REPOSITORIO DE BIENES DE LA DIRECCIÓN GENERAL DE ABASTECIMIENTO,2026-01-07,2026-01,Masculino,Entre 51 y 60 años,Regional,DIRECCION REGIONAL SECTORIAL DE AGRICULTURA DE UCAYALI,Ucayali,Agricultura y Riego,I Trimestre,58b04c9f5876
TALLER,VIRTUAL,REGISTRO DE INFORMACIÓN DE BIENES INMUEBLES Y SU ASEGURAMIENTO EN EL REPOSITORIO DE BIENES DE LA DIRECCIÓN GENERAL DE ABASTECIMIENTO,2026-01-07,2026-01,Masculino,Mayor a 61 años,Nacional,INSTITUTO DE INVESTIGACIONES DE LA AMAZONIA PERUANA,Loreto,Ambiente,I Trimestre,2cfe6ab5d9a8
TALLER,VIRTUAL,REGISTRO DE INFORMACIÓN DE BIENES INMUEBLES Y SU ASEGURAMIENTO EN EL REPOSITORIO DE BIENES DE LA DIRECCIÓN GENERAL DE ABASTECIMIENTO,2026-01-07,2026-01,Masculino,Entre 51 y 60 años,Local,MUNICIPALIDAD DISTRITAL DE YAVARI,Loreto,Gobiernos Locales,I Trimestre,d65965dabff7
TALLER,VIRTUAL,REGISTRO DE INFORMACIÓN DE BIENES INMUEBLES Y SU ASEGURAMIENTO EN EL REPOSITORIO DE BIENES DE LA DIRECCIÓN GENERAL DE ABASTECIMIENTO,2026-01-07,2026-01,Masculino,Entre 31 y 40 años,Nacional,ESTACION EXPERIMENTAL AGRARIA PUCALLPA UCAYALI,Ucayali,Agricultura y Riego,I Trimestre,359d0f7c16f5
TALLER,VIRTUAL,REGISTRO DE INFORMACIÓN DE BIENES INMUEBLES Y SU ASEGURAMIENTO EN EL REPOSITORIO DE BIENES DE LA DIRECCIÓN GENERAL DE ABASTECIMIENTO,2026-01-07,2026-01,Masculino,Entre 31 y 40 años,Regional,REGION LORETO HOSPITAL SANTA GEMA DE YURIMAGUAS,Loreto,Salud,I Trimestre,41f48d9ce260
TALLER,VIRTUAL,REGISTRO DE INFORMACIÓN DE BIENES INMUEBLES Y SU ASEGURAMIENTO EN EL REPOSITORIO DE BIENES DE LA DIRECCIÓN GENERAL DE ABASTECIMIENTO,2026-01-07,2026-01,Femenino,Entre 31 y 40 años,Regional,UNIDAD DE GESTION EDUCATIVA LOCAL SAN MARTIN,San Martín,Educación,I Trimestre,e9e986af6931
TALLER,VIRTUAL,REGISTRO DE INFORMACIÓN DE BIENES INMUEBLES Y SU ASEGURAMIENTO EN EL REPOSITORIO DE BIENES DE LA DIRECCIÓN GENERAL DE ABASTECIMIENTO,2026-01-07,2026-01,Masculino,Entre 41 y 50 años,Local,MUNICIPALIDAD DISTRITAL DE ALTO SAPOSOA,San Martín,Gobiernos Locales,I Trimestre,65469dc53111
TALLER,VIRTUAL,REGISTRO DE INFORMACIÓN DE BIENES INMUEBLES Y SU ASEGURAMIENTO EN EL REPOSITORIO DE BIENES DE LA DIRECCIÓN GENERAL DE ABASTECIMIENTO,2026-01-07,2026-01,Masculino,Entre 31 y 40 años,Nacional,PROYECTO ESPECIAL DATEM DEL MARAÑON ALTO AMAZONAS LORETO CONDORCANQUI PEDAMAALC,Loreto,Agricultura y Riego,I Trimestre,4be04b6b1f6b
TALLER,VIRTUAL,REGISTRO DE INFORMACIÓN DE BIENES INMUEBLES Y SU ASEGURAMIENTO EN EL REPOSITORIO DE BIENES DE LA DIRECCIÓN GENERAL DE ABASTECIMIENTO,2026-01-07,2026-01,Masculino,Entre 31 y 40 años,Regional,UNIDAD DE GESTION EDUCATIVA LOCAL DE UCAYALI CONTAMANA,Loreto,Educación,I Trimestre,c31500fee8da
TALLER,VIRTUAL,REGISTRO DE INFORMACIÓN DE BIENES INMUEBLES Y SU ASEGURAMIENTO EN EL REPOSITORIO DE BIENES DE LA DIRECCIÓN GENERAL DE ABASTECIMIENTO,2026-01-07,2026-01,Femenino,Entre 31 y 40 años,Nacional,PROYECTO ESPECIAL DATEM DEL MARAÑON ALTO AMAZONAS LORETO CONDORCANQUI PEDAMAALC,Loreto,Agricultura y Riego,I Trimestre,4c8513730b03
TALLER,VIRTUAL,REGISTRO DE INFORMACIÓN DE BIENES INMUEBLES Y SU ASEGURAMIENTO EN EL REPOSITORIO DE BIENES DE LA DIRECCIÓN GENERAL DE ABASTECIMIENTO,2026-01-07,2026-01,Masculino,Entre 31 y 40 años,Nacional,ZONA REGISTRAL NRO IV - SEDE IQUITOS,Loreto,Justicia y Derechos Humanos,I Trimestre,7a49b3d91326
TALLER,VIRTUAL,REGISTRO DE INFORMACIÓN DE BIENES INMUEBLES Y SU ASEGURAMIENTO EN EL REPOSITORIO DE BIENES DE LA DIRECCIÓN GENERAL DE ABASTECIMIENTO,2026-01-07,2026-01,Masculino,Entre 20 y 30 años,Local,INSTITUTO VIAL PROVINCIAL MUNICIPAL DE RIOJA,San Martín,Gobiernos Locales,I Trimestre,42e02aaf4309
TALLER,VIRTUAL,REGISTRO DE INFORMACIÓN DE BIENES INMUEBLES Y SU ASEGURAMIENTO EN EL REPOSITORIO DE BIENES DE LA DIRECCIÓN GENERAL DE ABASTECIMIENTO,2026-01-07,2026-01,Femenino,Entre 31 y 40 años,Regional,DIRECCION REGIONAL DE EDUCACION SAN MARTIN,San Martín,Educación,I Trimestre,06f7e56b1a7a
TALLER,VIRTUAL,REGISTRO DE INFORMACIÓN DE BIENES INMUEBLES Y SU ASEGURAMIENTO EN EL REPOSITORIO DE BIENES DE LA DIRECCIÓN GENERAL DE ABASTECIMIENTO,2026-01-07,2026-01,Masculino,Entre 51 y 60 años,Nacional,PROYECTO ESPECIAL DATEM DEL MARAÑON ALTO AMAZONAS LORETO CONDORCANQUI PEDAMAALC,Loreto,Agricultura y Riego,I Trimestre,31f0f9d748e9
TALLER,VIRTUAL,REGISTRO DE INFORMACIÓN DE BIENES INMUEBLES Y SU ASEGURAMIENTO EN EL REPOSITORIO DE BIENES DE LA DIRECCIÓN GENERAL DE ABASTECIMIENTO,2026-01-07,2026-01,Femenino,Entre 41 y 50 años,Nacional,PROYECTO ESPECIAL DATEM DEL MARAÑON ALTO AMAZONAS LORETO CONDORCANQUI PEDAMAALC,Loreto,Agricultura y Riego,I Trimestre,699b2ff12c79
TALLER,VIRTUAL,REGISTRO DE INFORMACIÓN DE BIENES INMUEBLES Y SU ASEGURAMIENTO EN EL REPOSITORIO DE BIENES DE LA DIRECCIÓN GENERAL DE ABASTECIMIENTO,2026-01-07,2026-01,Femenino,Entre 51 y 60 años,Local,MUNICIPALIDAD PROVINCIAL SAN MARTIN,San Martín,Gobiernos Locales,I Trimestre,441f1febe031
TALLER,VIRTUAL,REGISTRO DE INFORMACIÓN DE BIENES INMUEBLES Y SU ASEGURAMIENTO EN EL REPOSITORIO DE BIENES DE LA DIRECCIÓN GENERAL DE ABASTECIMIENTO,2026-01-07,2026-01,Masculino,Entre 41 y 50 años,Regional,UNIDAD EJECUTORA RED DE SALUD SAN MARTIN DE PANGOA,Junín,Salud,I Trimestre,c7aaf219de3f
TALLER,VIRTUAL,REGISTRO DE INFORMACIÓN DE BIENES INMUEBLES Y SU ASEGURAMIENTO EN EL REPOSITORIO DE BIENES DE LA DIRECCIÓN GENERAL DE ABASTECIMIENTO,2026-01-07,2026-01,Masculino,Entre 20 y 30 años,Local,MUNICIPALIDAD DISTRITAL DE APATA,Junín,Gobiernos Locales,I Trimestre,699e756e4a26
TALLER,VIRTUAL,REGISTRO DE INFORMACIÓN DE BIENES INMUEBLES Y SU ASEGURAMIENTO EN EL REPOSITORIO DE BIENES DE LA DIRECCIÓN GENERAL DE ABASTECIMIENTO,2026-01-07,2026-01,Masculino,Entre 20 y 30 años,Nacional,ZONA REGISTRAL NRO VIII - SEDE HUANCAYO,Junín,Justicia y Derechos Humanos,I Trimestre,f7259a8e011c
TALLER,VIRTUAL,REGISTRO DE INFORMACIÓN DE BIENES INMUEBLES Y SU ASEGURAMIENTO EN EL REPOSITORIO DE BIENES DE LA DIRECCIÓN GENERAL DE ABASTECIMIENTO,2026-01-07,2026-01,Femenino,Entre 31 y 40 años,Local,MUNICIPALIDAD DISTRITAL DE PACCHA,Junín,Gobiernos Locales,I Trimestre,685a8467eeef
TALLER,VIRTUAL,REGISTRO DE INFORMACIÓN DE BIENES INMUEBLES Y SU ASEGURAMIENTO EN EL REPOSITORIO DE BIENES DE LA DIRECCIÓN GENERAL DE ABASTECIMIENTO,2026-01-07,2026-01,Femenino,Entre 31 y 40 años,Regional,GOBIERNO REGIONAL DE HUANUCO,Huánuco,Salud,I Trimestre,c0767679cf69
TALLER,VIRTUAL,REGISTRO DE INFORMACIÓN DE BIENES INMUEBLES Y SU ASEGURAMIENTO EN EL REPOSITORIO DE BIENES DE LA DIRECCIÓN GENERAL DE ABASTECIMIENTO,2026-01-07,2026-01,Femenino,Entre 20 y 30 años,Local,MUNICIPALIDAD DISTRITAL DE YANACANCHA,Junín,Gobiernos Locales,I Trimestre,7e3445e649ae
TALLER,VIRTUAL,REGISTRO DE INFORMACIÓN DE BIENES INMUEBLES Y SU ASEGURAMIENTO EN EL REPOSITORIO DE BIENES DE LA DIRECCIÓN GENERAL DE ABASTECIMIENTO,2026-01-07,2026-01,Masculino,Entre 20 y 30 años,Local,MUNICIPALIDAD DISTRITAL DE JOSE CRESPO Y CASTILLO,Huánuco,Gobiernos Locales,I Trimestre,39f0e72b2b29
TALLER,VIRTUAL,REGISTRO DE INFORMACIÓN DE BIENES INMUEBLES Y SU ASEGURAMIENTO EN EL REPOSITORIO DE BIENES DE LA DIRECCIÓN GENERAL DE ABASTECIMIENTO,2026-01-07,2026-01,Masculino,Entre 20 y 30 años,Local,MUNICIPALIDAD DISTRITAL DE MAZAMARI,Junín,Gobiernos Locales,I Trimestre,3858b0667022
TALLER,VIRTUAL,REGISTRO DE INFORMACIÓN DE BIENES INMUEBLES Y SU ASEGURAMIENTO EN EL REPOSITORIO DE BIENES DE LA DIRECCIÓN GENERAL DE ABASTECIMIENTO,2026-01-07,2026-01,Femenino,Entre 41 y 50 años,Regional,UNIDAD EJECUTORA - EDUCACION PICHANAKI,Junín,Educación,I Trimestre,888431d2f28d
TALLER,VIRTUAL,REGISTRO DE INFORMACIÓN DE BIENES INMUEBLES Y SU ASEGURAMIENTO EN EL REPOSITORIO DE BIENES DE LA DIRECCIÓN GENERAL DE ABASTECIMIENTO,2026-01-07,2026-01,Femenino,Entre 31 y 40 años,Regional,HOSPITAL REGIONAL DOCENTE DE MEDICINA TROPICAL - DR. JULIO CESAR DEMARINI CARO,Junín,Salud,I Trimestre,9f7f9609a31d
TALLER,VIRTUAL,REGISTRO DE INFORMACIÓN DE BIENES INMUEBLES Y SU ASEGURAMIENTO EN EL REPOSITORIO DE BIENES DE LA DIRECCIÓN GENERAL DE ABASTECIMIENTO,2026-01-07,2026-01,Femenino,Entre 20 y 30 años,Local,MUNICIPALIDAD DISTRITAL DE LLAYLLA,Junín,Gobiernos Locales,I Trimestre,b2c813ba4638
TALLER,VIRTUAL,REGISTRO DE INFORMACIÓN DE BIENES INMUEBLES Y SU ASEGURAMIENTO EN EL REPOSITORIO DE BIENES DE LA DIRECCIÓN GENERAL DE ABASTECIMIENTO,2026-01-07,2026-01,Masculino,Entre 20 y 30 años,Local,INSTITUTO VIAL PROVINCIAL DE PACHITEA,Huánuco,Transportes y Comunicaciones,I Trimestre,492250bca100
TALLER,VIRTUAL,REGISTRO DE INFORMACIÓN DE BIENES INMUEBLES Y SU ASEGURAMIENTO EN EL REPOSITORIO DE BIENES DE LA DIRECCIÓN GENERAL DE ABASTECIMIENTO,2026-01-07,2026-01,Femenino,Entre 20 y 30 años,Local,MUNICIPALIDAD PROVINCIAL DE TARMA,Junín,Gobiernos Locales,I Trimestre,3b17dbc13341
TALLER,VIRTUAL,REGISTRO DE INFORMACIÓN DE BIENES INMUEBLES Y SU ASEGURAMIENTO EN EL REPOSITORIO DE BIENES DE LA DIRECCIÓN GENERAL DE ABASTECIMIENTO,2026-01-07,2026-01,Masculino,Entre 51 y 60 años,Nacional,UNIVERSIDAD NACIONAL AUTONOMA DE CHUPACA,Junín,Educación,I Trimestre,00a408bedf92
TALLER,VIRTUAL,REGISTRO DE INFORMACIÓN DE BIENES INMUEBLES Y SU ASEGURAMIENTO EN EL REPOSITORIO DE BIENES DE LA DIRECCIÓN GENERAL DE ABASTECIMIENTO,2026-01-07,2026-01,Femenino,Entre 20 y 30 años,Local,MUNICIPALIDAD PROVINCIAL DE PACHITEA,Huánuco,Gobiernos Locales,I Trimestre,b5f437b87ee9
TALLER,VIRTUAL,REGISTRO DE INFORMACIÓN DE BIENES INMUEBLES Y SU ASEGURAMIENTO EN EL REPOSITORIO DE BIENES DE LA DIRECCIÓN GENERAL DE ABASTECIMIENTO,2026-01-07,2026-01,Masculino,Entre 31 y 40 años,Local,MUNICIPALIDAD DISTRITAL DE MUQUI,Junín,Gobiernos Locales,I Trimestre,9bc0e8e43669
TALLER,VIRTUAL,REGISTRO DE INFORMACIÓN DE BIENES INMUEBLES Y SU ASEGURAMIENTO EN EL REPOSITORIO DE BIENES DE LA DIRECCIÓN GENERAL DE ABASTECIMIENTO,2026-01-07,2026-01,Masculino,Entre 20 y 30 años,Nacional,UNIVERSIDAD NACIONAL DANIEL ALCIDES CARRION (UNDAC),Pasco,Educación,I Trimestre,919fedeedb17
TALLER,VIRTUAL,REGISTRO DE INFORMACIÓN DE BIENES INMUEBLES Y SU ASEGURAMIENTO EN EL REPOSITORIO DE BIENES DE LA DIRECCIÓN GENERAL DE ABASTECIMIENTO,2026-01-07,2026-01,Femenino,Entre 31 y 40 años,Local,MUNICIPALIDAD DISTRITAL DE HUAYLLAY,Pasco,Gobiernos Locales,I Trimestre,591404831804
TALLER,VIRTUAL,REGISTRO DE INFORMACIÓN DE BIENES INMUEBLES Y SU ASEGURAMIENTO EN EL REPOSITORIO DE BIENES DE LA DIRECCIÓN GENERAL DE ABASTECIMIENTO,2026-01-07,2026-01,Femenino,Entre 20 y 30 años,Regional,UNIDAD EJECUTORA DE EDUCACIÓN CHUPACA - JUNIN,Junín,Educación,I Trimestre,086922162de6
TALLER,VIRTUAL,REGISTRO DE INFORMACIÓN DE BIENES INMUEBLES Y SU ASEGURAMIENTO EN EL REPOSITORIO DE BIENES DE LA DIRECCIÓN GENERAL DE ABASTECIMIENTO,2026-01-07,2026-01,Masculino,Entre 20 y 30 años,Nacional,UNIVERSIDAD NACIONAL DANIEL ALCIDES CARRION (UNDAC),Pasco,Educación,I Trimestre,5fdcbf8d2a99
TALLER,VIRTUAL,REGISTRO DE INFORMACIÓN DE BIENES INMUEBLES Y SU ASEGURAMIENTO EN EL REPOSITORIO DE BIENES DE LA DIRECCIÓN GENERAL DE ABASTECIMIENTO,2026-01-07,2026-01,Masculino,Entre 20 y 30 años,Local,MUNICIPALIDAD DISTRITAL DE SAN PEDRO DE CHAULAN,Huánuco,Gobiernos Locales,I Trimestre,1b1cf0deb695
TALLER,VIRTUAL,REGISTRO DE INFORMACIÓN DE BIENES INMUEBLES Y SU ASEGURAMIENTO EN EL REPOSITORIO DE BIENES DE LA DIRECCIÓN GENERAL DE ABASTECIMIENTO,2026-01-07,2026-01,Femenino,Entre 20 y 30 años,Local,MUNICIPALIDAD DISTRITAL DE RIPAN,Huánuco,Otros,I Trimestre,1048c8047027
TALLER,VIRTUAL,REGISTRO DE INFORMACIÓN DE BIENES INMUEBLES Y SU ASEGURAMIENTO EN EL REPOSITORIO DE BIENES DE LA DIRECCIÓN GENERAL DE ABASTECIMIENTO,2026-01-07,2026-01,Masculino,Entre 41 y 50 años,Local,MUNICIPALIDAD DISTRITAL DE RIO TAMBO,Junín,Economía y Finanzas,I Trimestre,42f57d87e765
TALLER,VIRTUAL,REGISTRO DE INFORMACIÓN DE BIENES INMUEBLES Y SU ASEGURAMIENTO EN EL REPOSITORIO DE BIENES DE LA DIRECCIÓN GENERAL DE ABASTECIMIENTO,2026-01-07,2026-01,Femenino,Entre 31 y 40 años,Nacional,UNIVERSIDAD NACIONAL AUTONOMA DE CHUPACA,Junín,Educación,I Trimestre,10beb366a906
TALLER,VIRTUAL,REGISTRO DE INFORMACIÓN DE BIENES INMUEBLES Y SU ASEGURAMIENTO EN EL REPOSITORIO DE BIENES DE LA DIRECCIÓN GENERAL DE ABASTECIMIENTO,2026-01-07,2026-01,Masculino,Mayor a 61 años,Nacional,UNIVERSIDAD NACIONAL DANIEL ALCIDES CARRION (UNDAC),Pasco,Educación,I Trimestre,49546a873591
TALLER,VIRTUAL,REGISTRO DE INFORMACIÓN DE BIENES INMUEBLES Y SU ASEGURAMIENTO EN EL REPOSITORIO DE BIENES DE LA DIRECCIÓN GENERAL DE ABASTECIMIENTO,2026-01-07,2026-01,Femenino,Entre 20 y 30 años,Local,MUNICIPALIDAD DISTRITAL DE CHACAPAMPA,Junín,Gobiernos Locales,I Trimestre,f433922704bc
TALLER,VIRTUAL,REGISTRO DE INFORMACIÓN DE BIENES INMUEBLES Y SU ASEGURAMIENTO EN EL REPOSITORIO DE BIENES DE LA DIRECCIÓN GENERAL DE ABASTECIMIENTO,2026-01-07,2026-01,Masculino,Entre 31 y 40 años,Local,MUNICIPALIDAD PROVINCIAL DE TARMA,Junín,Gobiernos Locales,I Trimestre,3b81af2fa1b0
TALLER,VIRTUAL,REGISTRO DE INFORMACIÓN DE BIENES INMUEBLES Y SU ASEGURAMIENTO EN EL REPOSITORIO DE BIENES DE LA DIRECCIÓN GENERAL DE ABASTECIMIENTO,2026-01-07,2026-01,Masculino,Mayor a 61 años,Nacional,UNIVERSIDAD NACIONAL DANIEL ALCIDES CARRION (UNDAC),Pasco,Educación,I Trimestre,64cb20e23471
TALLER,VIRTUAL,REGISTRO DE INFORMACIÓN DE BIENES INMUEBLES Y SU ASEGURAMIENTO EN EL REPOSITORIO DE BIENES DE LA DIRECCIÓN GENERAL DE ABASTECIMIENTO,2026-01-07,2026-01,Masculino,Entre 20 y 30 años,Local,MUNICIPALIDAD DISTRITAL DE SIMON BOLIVAR,Pasco,Gobiernos Locales,I Trimestre,6a379a822857
TALLER,VIRTUAL,REGISTRO DE INFORMACIÓN DE BIENES INMUEBLES Y SU ASEGURAMIENTO EN EL REPOSITORIO DE BIENES DE LA DIRECCIÓN GENERAL DE ABASTECIMIENTO,2026-01-07,2026-01,Femenino,Entre 31 y 40 años,Local,MUNICIPALIDAD DISTRITAL DE NUEVE DE JULIO,Junín,Gobiernos Locales,I Trimestre,1c2864b490ca
TALLER,VIRTUAL,REGISTRO DE INFORMACIÓN DE BIENES INMUEBLES Y SU ASEGURAMIENTO EN EL REPOSITORIO DE BIENES DE LA DIRECCIÓN GENERAL DE ABASTECIMIENTO,2026-01-07,2026-01,Masculino,Entre 41 y 50 años,Local,MUNICIPALIDAD DISTRITAL DE MARIANO DAMASO BERAUN,Huánuco,Gobiernos Locales,I Trimestre,f7e22230aecc
TALLER,VIRTUAL,REGISTRO DE INFORMACIÓN DE BIENES INMUEBLES Y SU ASEGURAMIENTO EN EL REPOSITORIO DE BIENES DE LA DIRECCIÓN GENERAL DE ABASTECIMIENTO,2026-01-07,2026-01,Masculino,Entre 31 y 40 años,Regional,HOSPITAL REGIONAL DOCENTE DE MEDICINA TROPICAL - DR. JULIO CESAR DEMARINI CARO,Junín,Salud,I Trimestre,5fa5489ff177
TALLER,VIRTUAL,REGISTRO DE INFORMACIÓN DE BIENES INMUEBLES Y SU ASEGURAMIENTO EN EL REPOSITORIO DE BIENES DE LA DIRECCIÓN GENERAL DE ABASTECIMIENTO,2026-01-07,2026-01,Masculino,Entre 31 y 40 años,Local,MUNICIPALIDAD DISTRITAL DE HUALHUAS,Junín,Gobiernos Locales,I Trimestre,1d88d32712ff
TALLER,VIRTUAL,REGISTRO DE INFORMACIÓN DE BIENES INMUEBLES Y SU ASEGURAMIENTO EN EL REPOSITORIO DE BIENES DE LA DIRECCIÓN GENERAL DE ABASTECIMIENTO,2026-01-07,2026-01,Femenino,Entre 31 y 40 años,Nacional,UNIVERSIDAD NACIONAL INTERCULTURAL DE LA SELVA CENTRAL JUAN SANTOS ATAHUALPA - UNISCJSA,Junín,Educación,I Trimestre,2a6129703008
TALLER,VIRTUAL,REGISTRO DE INFORMACIÓN DE BIENES INMUEBLES Y SU ASEGURAMIENTO EN EL REPOSITORIO DE BIENES DE LA DIRECCIÓN GENERAL DE ABASTECIMIENTO,2026-01-07,2026-01,Femenino,Entre 31 y 40 años,Local,MUNICIPALIDAD DISTRITAL DE INGENIO,Junín,Gobiernos Locales,I Trimestre,243938e3b544
TALLER,VIRTUAL,REGISTRO DE INFORMACIÓN DE BIENES INMUEBLES Y SU ASEGURAMIENTO EN EL REPOSITORIO DE BIENES DE LA DIRECCIÓN GENERAL DE ABASTECIMIENTO,2026-01-07,2026-01,Masculino,Entre 41 y 50 años,Local,MUNICIPALIDAD DISTRITAL DE CHONGOS BAJO,Junín,Gobiernos Locales,I Trimestre,f08c0d218fb5
TALLER,VIRTUAL,REGISTRO DE INFORMACIÓN DE BIENES INMUEBLES Y SU ASEGURAMIENTO EN EL REPOSITORIO DE BIENES DE LA DIRECCIÓN GENERAL DE ABASTECIMIENTO,2026-01-07,2026-01,Masculino,Entre 20 y 30 años,Local,MUNICIPALIDAD DISTRITAL DE MAZAMARI,Junín,Gobiernos Locales,I Trimestre,50dccf5d79c2
TALLER,VIRTUAL,REGISTRO DE INFORMACIÓN DE BIENES INMUEBLES Y SU ASEGURAMIENTO EN EL REPOSITORIO DE BIENES DE LA DIRECCIÓN GENERAL DE ABASTECIMIENTO,2026-01-07,2026-01,Masculino,Entre 41 y 50 años,Local,MUNICIPALIDAD DISTRITAL DE RIO NEGRO,Junín,Gobiernos Locales,I Trimestre,fc09a6fee416
TALLER,VIRTUAL,REGISTRO DE INFORMACIÓN DE BIENES INMUEBLES Y SU ASEGURAMIENTO EN EL REPOSITORIO DE BIENES DE LA DIRECCIÓN GENERAL DE ABASTECIMIENTO,2026-01-07,2026-01,Femenino,Entre 41 y 50 años,Nacional,PROYECTO ESPECIAL ALTO HUALLAGA,Huánuco,Agricultura y Riego,I Trimestre,1428073f1520
TALLER,VIRTUAL,REGISTRO DE INFORMACIÓN DE BIENES INMUEBLES Y SU ASEGURAMIENTO EN EL REPOSITORIO DE BIENES DE LA DIRECCIÓN GENERAL DE ABASTECIMIENTO,2026-01-07,2026-01,Masculino,Entre 20 y 30 años,Nacional,UNIVERSIDAD NACIONAL DANIEL ALCIDES CARRION (UNDAC),Pasco,Educación,I Trimestre,62d4cfee92af
TALLER,VIRTUAL,REGISTRO DE INFORMACIÓN DE BIENES INMUEBLES Y SU ASEGURAMIENTO EN EL REPOSITORIO DE BIENES DE LA DIRECCIÓN GENERAL DE ABASTECIMIENTO,2026-01-07,2026-01,Femenino,Entre 20 y 30 años,Regional,UNIDAD EJECUTORA - EDUCACION YAULI LA OROYA,Junín,Educación,I Trimestre,774ad41a9685
TALLER,VIRTUAL,REGISTRO DE INFORMACIÓN DE BIENES INMUEBLES Y SU ASEGURAMIENTO EN EL REPOSITORIO DE BIENES DE LA DIRECCIÓN GENERAL DE ABASTECIMIENTO,2026-01-07,2026-01,Femenino,Entre 20 y 30 años,Regional,RED DE SALUD PACHITEA,Huánuco,Salud,I Trimestre,9cfc734316db
TALLER,VIRTUAL,REGISTRO DE INFORMACIÓN DE BIENES INMUEBLES Y SU ASEGURAMIENTO EN EL REPOSITORIO DE BIENES DE LA DIRECCIÓN GENERAL DE ABASTECIMIENTO,2026-01-07,2026-01,Masculino,Entre 31 y 40 años,Local,MUNICIPALIDAD DISTRITAL DE SAN JERONIMO DE TUNAN,Junín,Gobiernos Locales,I Trimestre,ce1ea5a55f91
TALLER,VIRTUAL,REGISTRO DE INFORMACIÓN DE BIENES INMUEBLES Y SU ASEGURAMIENTO EN EL REPOSITORIO DE BIENES DE LA DIRECCIÓN GENERAL DE ABASTECIMIENTO,2026-01-07,2026-01,Femenino,Entre 51 y 60 años,Local,MUNICIPALIDAD DISTRITAL DE YANACANCHA,Pasco,Gobiernos Locales,I Trimestre,9ea719f1517a
TALLER,VIRTUAL,REGISTRO DE INFORMACIÓN DE BIENES INMUEBLES Y SU ASEGURAMIENTO EN EL REPOSITORIO DE BIENES DE LA DIRECCIÓN GENERAL DE ABASTECIMIENTO,2026-01-07,2026-01,Masculino,Entre 51 y 60 años,Regional,UNIDAD DE GESTION EDUCATIVA LOCAL DE TARMA,Junín,Educación,I Trimestre,375f996c7b24
TALLER,VIRTUAL,REGISTRO DE INFORMACIÓN DE BIENES INMUEBLES Y SU ASEGURAMIENTO EN EL REPOSITORIO DE BIENES DE LA DIRECCIÓN GENERAL DE ABASTECIMIENTO,2026-01-07,2026-01,Masculino,Mayor a 61 años,Local,MUNICIPALIDAD DISTRITAL DE MOLINO,Huánuco,Gobiernos Locales,I Trimestre,6357bb9762bd
TALLER,VIRTUAL,REGISTRO DE INFORMACIÓN DE BIENES INMUEBLES Y SU ASEGURAMIENTO EN EL REPOSITORIO DE BIENES DE LA DIRECCIÓN GENERAL DE ABASTECIMIENTO,2026-01-07,2026-01,Femenino,Entre 20 y 30 años,Local,MUNICIPALIDAD DISTRITAL DE LLAYLLA,Junín,Gobiernos Locales,I Trimestre,3b36b73be7a2
TALLER,VIRTUAL,REGISTRO DE INFORMACIÓN DE BIENES INMUEBLES Y SU ASEGURAMIENTO EN EL REPOSITORIO DE BIENES DE LA DIRECCIÓN GENERAL DE ABASTECIMIENTO,2026-01-07,2026-01,Masculino,Entre 51 y 60 años,Regional,GOBIERNO REGIONAL DE JUNIN,Junín,Gobiernos Regionales,I Trimestre,58e9e83cc9f2
TALLER,VIRTUAL,REGISTRO DE INFORMACIÓN DE BIENES INMUEBLES Y SU ASEGURAMIENTO EN EL REPOSITORIO DE BIENES DE LA DIRECCIÓN GENERAL DE ABASTECIMIENTO,2026-01-07,2026-01,Masculino,Entre 41 y 50 años,Local,MUNICIPALIDAD DISTRITAL DE SAN JERONIMO DE TUNAN,Junín,Gobiernos Locales,I Trimestre,82754e58177a
TALLER,VIRTUAL,REGISTRO DE INFORMACIÓN DE BIENES INMUEBLES Y SU ASEGURAMIENTO EN EL REPOSITORIO DE BIENES DE LA DIRECCIÓN GENERAL DE ABASTECIMIENTO,2026-01-07,2026-01,Masculino,Entre 41 y 50 años,Nacional,ZONA REGISTRAL NRO VIII - SEDE HUANCAYO,Junín,Justicia y Derechos Humanos,I Trimestre,d597ac43b93b
TALLER,VIRTUAL,REGISTRO DE INFORMACIÓN DE BIENES INMUEBLES Y SU ASEGURAMIENTO EN EL REPOSITORIO DE BIENES DE LA DIRECCIÓN GENERAL DE ABASTECIMIENTO,2026-01-07,2026-01,Femenino,Entre 31 y 40 años,Regional,RED DE SALUD VALLE DEL MANTARO,Junín,Salud,I Trimestre,619558518b99
TALLER,VIRTUAL,REGISTRO DE INFORMACIÓN DE BIENES INMUEBLES Y SU ASEGURAMIENTO EN EL REPOSITORIO DE BIENES DE LA DIRECCIÓN GENERAL DE ABASTECIMIENTO,2026-01-07,2026-01,Femenino,Entre 51 y 60 años,Nacional,UNIVERSIDAD NACIONAL DANIEL ALCIDES CARRION (UNDAC),Pasco,Educación,I Trimestre,e5e24218ecb8
TALLER,VIRTUAL,REGISTRO DE INFORMACIÓN DE BIENES INMUEBLES Y SU ASEGURAMIENTO EN EL REPOSITORIO DE BIENES DE LA DIRECCIÓN GENERAL DE ABASTECIMIENTO,2026-01-07,2026-01,Masculino,Entre 20 y 30 años,Nacional,UNIVERSIDAD NACIONAL DANIEL ALCIDES CARRION (UNDAC),Pasco,Educación,I Trimestre,aec2c994601f
TALLER,VIRTUAL,REGISTRO DE INFORMACIÓN DE BIENES INMUEBLES Y SU ASEGURAMIENTO EN EL REPOSITORIO DE BIENES DE LA DIRECCIÓN GENERAL DE ABASTECIMIENTO,2026-01-07,2026-01,Masculino,Entre 31 y 40 años,Nacional,UNIVERSIDAD NACIONAL DANIEL ALCIDES CARRION (UNDAC),Pasco,Educación,I Trimestre,df86c741f4da
TALLER,VIRTUAL,REGISTRO DE INFORMACIÓN DE BIENES INMUEBLES Y SU ASEGURAMIENTO EN EL REPOSITORIO DE BIENES DE LA DIRECCIÓN GENERAL DE ABASTECIMIENTO,2026-01-07,2026-01,Femenino,Entre 20 y 30 años,Local,MUNICIPALIDAD DISTRITAL DE APATA,Junín,Gobiernos Locales,I Trimestre,5ed0db61253b
TALLER,VIRTUAL,REGISTRO DE INFORMACIÓN DE BIENES INMUEBLES Y SU ASEGURAMIENTO EN EL REPOSITORIO DE BIENES DE LA DIRECCIÓN GENERAL DE ABASTECIMIENTO,2026-01-07,2026-01,Femenino,Entre 20 y 30 años,Regional,UNIDAD EJECUTORA DE EDUCACIÓN CHUPACA - JUNIN,Junín,Educación,I Trimestre,51fbc7cd7788
TALLER,VIRTUAL,REGISTRO DE INFORMACIÓN DE BIENES INMUEBLES Y SU ASEGURAMIENTO EN EL REPOSITORIO DE BIENES DE LA DIRECCIÓN GENERAL DE ABASTECIMIENTO,2026-01-07,2026-01,Femenino,Entre 31 y 40 años,Local,MUNICIPALIDAD DISTRITAL DE CHUPURO,Junín,Otros,I Trimestre,4be7d6275a36
TALLER,VIRTUAL,REGISTRO DE INFORMACIÓN DE BIENES INMUEBLES Y SU ASEGURAMIENTO EN EL REPOSITORIO DE BIENES DE LA DIRECCIÓN GENERAL DE ABASTECIMIENTO,2026-01-07,2026-01,Masculino,Entre 20 y 30 años,Local,UNIDAD EJECUTORA EDUCACION PANGOA,Junín,Educación,I Trimestre,7543f6e7f835
TALLER,VIRTUAL,REGISTRO DE INFORMACIÓN DE BIENES INMUEBLES Y SU ASEGURAMIENTO EN EL REPOSITORIO DE BIENES DE LA DIRECCIÓN GENERAL DE ABASTECIMIENTO,2026-01-08,2026-01,Masculino,Entre 31 y 40 años,Regional,GOBIERNO REGIONAL DE ICA,Ica,Gobiernos Regionales,I Trimestre,8c4e2e8724d3
TALLER,VIRTUAL,REGISTRO DE INFORMACIÓN DE BIENES INMUEBLES Y SU ASEGURAMIENTO EN EL REPOSITORIO DE BIENES DE LA DIRECCIÓN GENERAL DE ABASTECIMIENTO,2026-01-08,2026-01,Masculino,Entre 51 y 60 años,Regional,UNIDAD EJECUTORA N° 404 - HOSPITAL SAN JUAN DE DIOS PISCO,Ica,Salud,I Trimestre,66631d79a0cc
TALLER,VIRTUAL,REGISTRO DE INFORMACIÓN DE BIENES INMUEBLES Y SU ASEGURAMIENTO EN EL REPOSITORIO DE BIENES DE LA DIRECCIÓN GENERAL DE ABASTECIMIENTO,2026-01-08,2026-01,Femenino,Entre 31 y 40 años,Local,MUNICIPALIDAD DISTRITAL DE HUARIBAMBA,Huancavelica,Gobiernos Locales,I Trimestre,5526cab66c57
TALLER,VIRTUAL,REGISTRO DE INFORMACIÓN DE BIENES INMUEBLES Y SU ASEGURAMIENTO EN EL REPOSITORIO DE BIENES DE LA DIRECCIÓN GENERAL DE ABASTECIMIENTO,2026-01-08,2026-01,Femenino,Entre 31 y 40 años,Local,MUNICIPALIDAD DISTRITAL DE COLCABAMBA,Huancavelica,Gobiernos Locales,I Trimestre,c7859e42b9ac
TALLER,VIRTUAL,REGISTRO DE INFORMACIÓN DE BIENES INMUEBLES Y SU ASEGURAMIENTO EN EL REPOSITORIO DE BIENES DE LA DIRECCIÓN GENERAL DE ABASTECIMIENTO,2026-01-08,2026-01,Femenino,Entre 41 y 50 años,Nacional,UNIVERSIDAD NACIONAL DE HUANCAVELICA (UNH),Huancavelica,Educación,I Trimestre,be91bf2aad06
TALLER,VIRTUAL,REGISTRO DE INFORMACIÓN DE BIENES INMUEBLES Y SU ASEGURAMIENTO EN EL REPOSITORIO DE BIENES DE LA DIRECCIÓN GENERAL DE ABASTECIMIENTO,2026-01-08,2026-01,Femenino,Entre 31 y 40 años,Local,MUNICIPALIDAD DISTRITAL DE CHINCHA BAJA,Ica,Gobiernos Locales,I Trimestre,a34534172ee4
TALLER,VIRTUAL,REGISTRO DE INFORMACIÓN DE BIENES INMUEBLES Y SU ASEGURAMIENTO EN EL REPOSITORIO DE BIENES DE LA DIRECCIÓN GENERAL DE ABASTECIMIENTO,2026-01-08,2026-01,Masculino,Entre 31 y 40 años,Regional,UNIDAD DE GESTION EDUCATIVA LOCAL DE PARINACOCHAS,Ayacucho,Educación,I Trimestre,a8eae283f996
TALLER,VIRTUAL,REGISTRO DE INFORMACIÓN DE BIENES INMUEBLES Y SU ASEGURAMIENTO EN EL REPOSITORIO DE BIENES DE LA DIRECCIÓN GENERAL DE ABASTECIMIENTO,2026-01-08,2026-01,Femenino,Entre 20 y 30 años,Local,MUNICIPALIDAD DISTRITAL DE INDEPENDENCIA,Ayacucho,Gobiernos Locales,I Trimestre,dd5599f2049b
TALLER,VIRTUAL,REGISTRO DE INFORMACIÓN DE BIENES INMUEBLES Y SU ASEGURAMIENTO EN EL REPOSITORIO DE BIENES DE LA DIRECCIÓN GENERAL DE ABASTECIMIENTO,2026-01-08,2026-01,Femenino,Entre 20 y 30 años,Local,MUNICIPALIDAD DISTRITAL DE INDEPENDENCIA,Ayacucho,Gobiernos Locales,I Trimestre,6affbc7d9888
TALLER,VIRTUAL,REGISTRO DE INFORMACIÓN DE BIENES INMUEBLES Y SU ASEGURAMIENTO EN EL REPOSITORIO DE BIENES DE LA DIRECCIÓN GENERAL DE ABASTECIMIENTO,2026-01-08,2026-01,Masculino,Entre 20 y 30 años,Local,MUNICIPALIDAD PROVINCIAL DE TAYACAJA,Huancavelica,Gobiernos Locales,I Trimestre,91c1256e8b9f
TALLER,VIRTUAL,REGISTRO DE INFORMACIÓN DE BIENES INMUEBLES Y SU ASEGURAMIENTO EN EL REPOSITORIO DE BIENES DE LA DIRECCIÓN GENERAL DE ABASTECIMIENTO,2026-01-08,2026-01,Femenino,Entre 20 y 30 años,Local,MUNICIPALIDAD DISTRITAL DE SANTA LUCIA,Ayacucho,Gobiernos Locales,I Trimestre,eeb0ddec248b
TALLER,VIRTUAL,REGISTRO DE INFORMACIÓN DE BIENES INMUEBLES Y SU ASEGURAMIENTO EN EL REPOSITORIO DE BIENES DE LA DIRECCIÓN GENERAL DE ABASTECIMIENTO,2026-01-08,2026-01,Masculino,Entre 51 y 60 años,Nacional,UNIVERSIDAD NACIONAL DE HUANCAVELICA (UNH),Huancavelica,Educación,I Trimestre,8211939ff6d4
TALLER,VIRTUAL,REGISTRO DE INFORMACIÓN DE BIENES INMUEBLES Y SU ASEGURAMIENTO EN EL REPOSITORIO DE BIENES DE LA DIRECCIÓN GENERAL DE ABASTECIMIENTO,2026-01-08,2026-01,Masculino,Entre 20 y 30 años,Nacional,UNIVERSIDAD NACIONAL DE CAÑETE,Lima,Educación,I Trimestre,7ae141c31f38
TALLER,VIRTUAL,REGISTRO DE INFORMACIÓN DE BIENES INMUEBLES Y SU ASEGURAMIENTO EN EL REPOSITORIO DE BIENES DE LA DIRECCIÓN GENERAL DE ABASTECIMIENTO,2026-01-08,2026-01,Femenino,Entre 41 y 50 años,Local,MUNICIPALIDAD DISTRITAL DE ASCENSION,Huancavelica,Gobiernos Locales,I Trimestre,e102a5f40204
TALLER,VIRTUAL,REGISTRO DE INFORMACIÓN DE BIENES INMUEBLES Y SU ASEGURAMIENTO EN EL REPOSITORIO DE BIENES DE LA DIRECCIÓN GENERAL DE ABASTECIMIENTO,2026-01-08,2026-01,Masculino,Entre 31 y 40 años,Local,MUNICIPALIDAD DISTRITAL DE QUICHUAS,Huancavelica,Gobiernos Locales,I Trimestre,168a3e2b0c8a
TALLER,VIRTUAL,REGISTRO DE INFORMACIÓN DE BIENES INMUEBLES Y SU ASEGURAMIENTO EN EL REPOSITORIO DE BIENES DE LA DIRECCIÓN GENERAL DE ABASTECIMIENTO,2026-01-08,2026-01,Masculino,Entre 31 y 40 años,Local,MUNICIPALIDAD PROVINCIAL DE CHURCAMPA,Huancavelica,Gobiernos Locales,I Trimestre,8437e8fc1579
TALLER,VIRTUAL,REGISTRO DE INFORMACIÓN DE BIENES INMUEBLES Y SU ASEGURAMIENTO EN EL REPOSITORIO DE BIENES DE LA DIRECCIÓN GENERAL DE ABASTECIMIENTO,2026-01-08,2026-01,Masculino,Entre 31 y 40 años,Local,MUNICIPALIDAD DISTRITAL DE SANTA LUCIA,Ayacucho,Otros,I Trimestre,fbd8c1c31afc
TALLER,VIRTUAL,REGISTRO DE INFORMACIÓN DE BIENES INMUEBLES Y SU ASEGURAMIENTO EN EL REPOSITORIO DE BIENES DE LA DIRECCIÓN GENERAL DE ABASTECIMIENTO,2026-01-08,2026-01,Masculino,Entre 20 y 30 años,Local,MUNICIPALIDAD DISTRITAL DE SAN ANDRES,Ica,Gobiernos Locales,I Trimestre,a225477921c3
TALLER,VIRTUAL,REGISTRO DE INFORMACIÓN DE BIENES INMUEBLES Y SU ASEGURAMIENTO EN EL REPOSITORIO DE BIENES DE LA DIRECCIÓN GENERAL DE ABASTECIMIENTO,2026-01-08,2026-01,Femenino,Entre 20 y 30 años,Local,MUNICIPALIDAD DISTRITAL DE HUANCANO,Ica,Gobiernos Locales,I Trimestre,84699d27fc6a
TALLER,VIRTUAL,REGISTRO DE INFORMACIÓN DE BIENES INMUEBLES Y SU ASEGURAMIENTO EN EL REPOSITORIO DE BIENES DE LA DIRECCIÓN GENERAL DE ABASTECIMIENTO,2026-01-08,2026-01,Masculino,Entre 20 y 30 años,Local,MUNICIPALIDAD DISTRITAL DE LURICOCHA,Ayacucho,Gobiernos Locales,I Trimestre,5645f8fb96cd
TALLER,VIRTUAL,REGISTRO DE INFORMACIÓN DE BIENES INMUEBLES Y SU ASEGURAMIENTO EN EL REPOSITORIO DE BIENES DE LA DIRECCIÓN GENERAL DE ABASTECIMIENTO,2026-01-08,2026-01,Femenino,Entre 31 y 40 años,Regional,UNIDAD EJECUTORA - EDUCACION UGEL SUCRE,Ayacucho,Educación,I Trimestre,3a34329a90e5
TALLER,VIRTUAL,REGISTRO DE INFORMACIÓN DE BIENES INMUEBLES Y SU ASEGURAMIENTO EN EL REPOSITORIO DE BIENES DE LA DIRECCIÓN GENERAL DE ABASTECIMIENTO,2026-01-08,2026-01,Masculino,Entre 31 y 40 años,Regional,UNIDAD DE GESTION EDUCATIVA LOCAL DE VICTOR FAJARDO,Ayacucho,Educación,I Trimestre,2fa2d411154e
TALLER,VIRTUAL,REGISTRO DE INFORMACIÓN DE BIENES INMUEBLES Y SU ASEGURAMIENTO EN EL REPOSITORIO DE BIENES DE LA DIRECCIÓN GENERAL DE ABASTECIMIENTO,2026-01-08,2026-01,Masculino,Entre 31 y 40 años,Nacional,REGION POLICIAL AYACUCHO ICA,Ayacucho,Interior,I Trimestre,74c7873ccb27
TALLER,VIRTUAL,REGISTRO DE INFORMACIÓN DE BIENES INMUEBLES Y SU ASEGURAMIENTO EN EL REPOSITORIO DE BIENES DE LA DIRECCIÓN GENERAL DE ABASTECIMIENTO,2026-01-08,2026-01,Femenino,Entre 41 y 50 años,Local,MUNICIPALIDAD DISTRITAL DE QUICHUAS,Huancavelica,Gobiernos Locales,I Trimestre,74676536bcf3
TALLER,VIRTUAL,REGISTRO DE INFORMACIÓN DE BIENES INMUEBLES Y SU ASEGURAMIENTO EN EL REPOSITORIO DE BIENES DE LA DIRECCIÓN GENERAL DE ABASTECIMIENTO,2026-01-08,2026-01,Masculino,Entre 41 y 50 años,Local,MUNICIPALIDAD DISTRITAL DE CHUSCHI,Ayacucho,Gobiernos Locales,I Trimestre,df4165f057ea
TALLER,VIRTUAL,REGISTRO DE INFORMACIÓN DE BIENES INMUEBLES Y SU ASEGURAMIENTO EN EL REPOSITORIO DE BIENES DE LA DIRECCIÓN GENERAL DE ABASTECIMIENTO,2026-01-08,2026-01,Femenino,Entre 41 y 50 años,Nacional,UNIVERSIDAD NACIONAL TECNOLOGICA DE CHINCHA,Ica,Educación,I Trimestre,aad437a2a5cf
TALLER,VIRTUAL,REGISTRO DE INFORMACIÓN DE BIENES INMUEBLES Y SU ASEGURAMIENTO EN EL REPOSITORIO DE BIENES DE LA DIRECCIÓN GENERAL DE ABASTECIMIENTO,2026-01-08,2026-01,Femenino,Entre 20 y 30 años,Local,MUNICIPALIDAD DISTRITAL DE SAN JOSE DE LOS MOLINOS,Ica,Gobiernos Locales,I Trimestre,e5ee1f5b84d1
TALLER,VIRTUAL,REGISTRO DE INFORMACIÓN DE BIENES INMUEBLES Y SU ASEGURAMIENTO EN EL REPOSITORIO DE BIENES DE LA DIRECCIÓN GENERAL DE ABASTECIMIENTO,2026-01-08,2026-01,Femenino,Entre 20 y 30 años,Local,MUNICIPALIDAD DISTRITAL DE HUANCARAYLLA,Ayacucho,Gobiernos Locales,I Trimestre,54747e0e370b
TALLER,VIRTUAL,REGISTRO DE INFORMACIÓN DE BIENES INMUEBLES Y SU ASEGURAMIENTO EN EL REPOSITORIO DE BIENES DE LA DIRECCIÓN GENERAL DE ABASTECIMIENTO,2026-01-08,2026-01,Femenino,Entre 41 y 50 años,Local,MUNICIPALIDAD DISTRITAL DE OCUCAJE,Ica,Gobiernos Locales,I Trimestre,e9c7f696fdad
TALLER,VIRTUAL,REGISTRO DE INFORMACIÓN DE BIENES INMUEBLES Y SU ASEGURAMIENTO EN EL REPOSITORIO DE BIENES DE LA DIRECCIÓN GENERAL DE ABASTECIMIENTO,2026-01-08,2026-01,Masculino,Entre 31 y 40 años,Local,MUNICIPALIDAD DISTRITAL DE LEONCIO PRADO,Ayacucho,Gobiernos Locales,I Trimestre,79ee9409cc64
TALLER,VIRTUAL,REGISTRO DE INFORMACIÓN DE BIENES INMUEBLES Y SU ASEGURAMIENTO EN EL REPOSITORIO DE BIENES DE LA DIRECCIÓN GENERAL DE ABASTECIMIENTO,2026-01-08,2026-01,Masculino,Entre 41 y 50 años,Local,MUNICIPALIDAD DISTRITAL DE AUCARA,Ayacucho,Gobiernos Locales,I Trimestre,4156592ef7ce
TALLER,VIRTUAL,REGISTRO DE INFORMACIÓN DE BIENES INMUEBLES Y SU ASEGURAMIENTO EN EL REPOSITORIO DE BIENES DE LA DIRECCIÓN GENERAL DE ABASTECIMIENTO,2026-01-08,2026-01,Masculino,Entre 31 y 40 años,Local,MUNICIPALIDAD DISTRITAL DE SAN PEDRO DE CORIS,Huancavelica,Gobiernos Locales,I Trimestre,b8d590a9f8c8
TALLER,VIRTUAL,REGISTRO DE INFORMACIÓN DE BIENES INMUEBLES Y SU ASEGURAMIENTO EN EL REPOSITORIO DE BIENES DE LA DIRECCIÓN GENERAL DE ABASTECIMIENTO,2026-01-08,2026-01,Masculino,Entre 20 y 30 años,Local,MUNICIPALIDAD DISTRITAL DE CHUSCHI,Ayacucho,Gobiernos Locales,I Trimestre,5e32958e17d9
TALLER,VIRTUAL,REGISTRO DE INFORMACIÓN DE BIENES INMUEBLES Y SU ASEGURAMIENTO EN EL REPOSITORIO DE BIENES DE LA DIRECCIÓN GENERAL DE ABASTECIMIENTO,2026-01-08,2026-01,Femenino,Entre 31 y 40 años,Local,MUNICIPALIDAD DISTRITAL DE CHIGUATA,Arequipa,Gobiernos Locales,I Trimestre,f2c7e472914a
TALLER,VIRTUAL,REGISTRO DE INFORMACIÓN DE BIENES INMUEBLES Y SU ASEGURAMIENTO EN EL REPOSITORIO DE BIENES DE LA DIRECCIÓN GENERAL DE ABASTECIMIENTO,2026-01-08,2026-01,Masculino,Entre 41 y 50 años,Regional,UNIDAD EJECUTORA SUB REGION DE DESARROLLO GENERAL SANCHEZ CERRO,Moquegua,Gobiernos Regionales,I Trimestre,78afef3f7c17
TALLER,VIRTUAL,REGISTRO DE INFORMACIÓN DE BIENES INMUEBLES Y SU ASEGURAMIENTO EN EL REPOSITORIO DE BIENES DE LA DIRECCIÓN GENERAL DE ABASTECIMIENTO,2026-01-08,2026-01,Femenino,Entre 31 y 40 años,Nacional,UNIVERSIDAD NACIONAL DE SAN AGUSTIN (UNSA),Arequipa,Educación,I Trimestre,5573e6ace59c
TALLER,VIRTUAL,REGISTRO DE INFORMACIÓN DE BIENES INMUEBLES Y SU ASEGURAMIENTO EN EL REPOSITORIO DE BIENES DE LA DIRECCIÓN GENERAL DE ABASTECIMIENTO,2026-01-08,2026-01,Masculino,Entre 41 y 50 años,Nacional,UNIVERSIDAD NACIONAL DE SAN AGUSTIN (UNSA),Arequipa,Educación,I Trimestre,740cc8a2ddfd
TALLER,VIRTUAL,REGISTRO DE INFORMACIÓN DE BIENES INMUEBLES Y SU ASEGURAMIENTO EN EL REPOSITORIO DE BIENES DE LA DIRECCIÓN GENERAL DE ABASTECIMIENTO,2026-01-08,2026-01,Masculino,Entre 20 y 30 años,Local,MUNICIPALIDAD PROVINCIAL DE TACNA,Tacna,Gobiernos Locales,I Trimestre,146f9085092a
TALLER,VIRTUAL,REGISTRO DE INFORMACIÓN DE BIENES INMUEBLES Y SU ASEGURAMIENTO EN EL REPOSITORIO DE BIENES DE LA DIRECCIÓN GENERAL DE ABASTECIMIENTO,2026-01-08,2026-01,Masculino,Entre 41 y 50 años,Opd,ZONA ESPECIAL DE DESARROLLO ILO - ZED ILO,Moquegua,Comercio Exterior y Turismo,I Trimestre,f9be932cfea2
TALLER,VIRTUAL,REGISTRO DE INFORMACIÓN DE BIENES INMUEBLES Y SU ASEGURAMIENTO EN EL REPOSITORIO DE BIENES DE LA DIRECCIÓN GENERAL DE ABASTECIMIENTO,2026-01-08,2026-01,Femenino,Entre 31 y 40 años,Local,MUNICIPALIDAD DISTRITAL DE CORONEL GREGORIO ALBARRACIN LANCHIPA,Tacna,Gobiernos Locales,I Trimestre,0053ed890bea
TALLER,VIRTUAL,REGISTRO DE INFORMACIÓN DE BIENES INMUEBLES Y SU ASEGURAMIENTO EN EL REPOSITORIO DE BIENES DE LA DIRECCIÓN GENERAL DE ABASTECIMIENTO,2026-01-08,2026-01,Femenino,Entre 31 y 40 años,Nacional,UNIVERSIDAD NACIONAL DE SAN AGUSTIN (UNSA),Arequipa,Educación,I Trimestre,1c4f584f40a4
TALLER,VIRTUAL,REGISTRO DE INFORMACIÓN DE BIENES INMUEBLES Y SU ASEGURAMIENTO EN EL REPOSITORIO DE BIENES DE LA DIRECCIÓN GENERAL DE ABASTECIMIENTO,2026-01-08,2026-01,Masculino,Entre 41 y 50 años,Nacional,UNIVERSIDAD NACIONAL DE SAN AGUSTIN (UNSA),Arequipa,Educación,I Trimestre,11fa46930825
TALLER,VIRTUAL,REGISTRO DE INFORMACIÓN DE BIENES INMUEBLES Y SU ASEGURAMIENTO EN EL REPOSITORIO DE BIENES DE LA DIRECCIÓN GENERAL DE ABASTECIMIENTO,2026-01-08,2026-01,Masculino,Entre 31 y 40 años,Local,Municipalidad Distrital de Islay,Arequipa,Gobiernos Locales,I Trimestre,19331ba232bc
TALLER,VIRTUAL,REGISTRO DE INFORMACIÓN DE BIENES INMUEBLES Y SU ASEGURAMIENTO EN EL REPOSITORIO DE BIENES DE LA DIRECCIÓN GENERAL DE ABASTECIMIENTO,2026-01-08,2026-01,Masculino,Entre 20 y 30 años,Local,MUNICIPALIDAD DISTRITAL DE SACHACA,Arequipa,Gobiernos Locales,I Trimestre,b287db4ef13b
TALLER,VIRTUAL,REGISTRO DE INFORMACIÓN DE BIENES INMUEBLES Y SU ASEGURAMIENTO EN EL REPOSITORIO DE BIENES DE LA DIRECCIÓN GENERAL DE ABASTECIMIENTO,2026-01-08,2026-01,Masculino,Entre 41 y 50 años,Regional,GERENCIA REGIONAL DE AGRICULTURA MOQUEGUA,Moquegua,Agricultura y Riego,I Trimestre,7b65eb16d27a
TALLER,VIRTUAL,REGISTRO DE INFORMACIÓN DE BIENES INMUEBLES Y SU ASEGURAMIENTO EN EL REPOSITORIO DE BIENES DE LA DIRECCIÓN GENERAL DE ABASTECIMIENTO,2026-01-08,2026-01,Femenino,Entre 41 y 50 años,Nacional,UNIVERSIDAD NACIONAL DE SAN AGUSTIN (UNSA),Arequipa,Educación,I Trimestre,0d1abf7fb824
TALLER,VIRTUAL,REGISTRO DE INFORMACIÓN DE BIENES INMUEBLES Y SU ASEGURAMIENTO EN EL REPOSITORIO DE BIENES DE LA DIRECCIÓN GENERAL DE ABASTECIMIENTO,2026-01-08,2026-01,Femenino,Entre 51 y 60 años,Local,MUNICIPALIDAD DISTRITAL DE TIABAYA,Arequipa,Gobiernos Locales,I Trimestre,d658a40a57a5
TALLER,VIRTUAL,REGISTRO DE INFORMACIÓN DE BIENES INMUEBLES Y SU ASEGURAMIENTO EN EL REPOSITORIO DE BIENES DE LA DIRECCIÓN GENERAL DE ABASTECIMIENTO,2026-01-08,2026-01,Femenino,Entre 51 y 60 años,Opd,ZONA FRANCA Y ZONA COMERCIAL DE TACNA - ZOFRATACNA,Tacna,Comercio Exterior y Turismo,I Trimestre,69faa696c34b
TALLER,VIRTUAL,REGISTRO DE INFORMACIÓN DE BIENES INMUEBLES Y SU ASEGURAMIENTO EN EL REPOSITORIO DE BIENES DE LA DIRECCIÓN GENERAL DE ABASTECIMIENTO,2026-01-08,2026-01,Femenino,Entre 20 y 30 años,Local,MUNICIPALIDAD DISTRITAL DE CHOCO,Arequipa,Gobiernos Locales,I Trimestre,ffe097a08080
TALLER,VIRTUAL,REGISTRO DE INFORMACIÓN DE BIENES INMUEBLES Y SU ASEGURAMIENTO EN EL REPOSITORIO DE BIENES DE LA DIRECCIÓN GENERAL DE ABASTECIMIENTO,2026-01-08,2026-01,Masculino,Entre 31 y 40 años,Regional,GOBIERNO REGIONAL DE AREQUIPA SALUD APLAO,Arequipa,Salud,I Trimestre,3423e9856bc7
TALLER,VIRTUAL,REGISTRO DE INFORMACIÓN DE BIENES INMUEBLES Y SU ASEGURAMIENTO EN EL REPOSITORIO DE BIENES DE LA DIRECCIÓN GENERAL DE ABASTECIMIENTO,2026-01-08,2026-01,Femenino,Entre 31 y 40 años,Local,MUNICIPALIDAD DISTRITAL DE CORONEL GREGORIO ALBARRACIN LANCHIPA,Tacna,Gobiernos Locales,I Trimestre,12f908caab63
TALLER,VIRTUAL,REGISTRO DE INFORMACIÓN DE BIENES INMUEBLES Y SU ASEGURAMIENTO EN EL REPOSITORIO DE BIENES DE LA DIRECCIÓN GENERAL DE ABASTECIMIENTO,2026-01-08,2026-01,Masculino,Entre 31 y 40 años,Nacional,UNIVERSIDAD NACIONAL DE SAN AGUSTIN (UNSA),Arequipa,Educación,I Trimestre,51528b8f4b89
TALLER,VIRTUAL,REGISTRO DE INFORMACIÓN DE BIENES INMUEBLES Y SU ASEGURAMIENTO EN EL REPOSITORIO DE BIENES DE LA DIRECCIÓN GENERAL DE ABASTECIMIENTO,2026-01-09,2026-01,Masculino,Entre 51 y 60 años,Nacional,ESTACION EXPERIMENTAL AGRARIA ANDENES CUSCO,Cusco,Agricultura y Riego,I Trimestre,ca735741ee57
TALLER,VIRTUAL,REGISTRO DE INFORMACIÓN DE BIENES INMUEBLES Y SU ASEGURAMIENTO EN EL REPOSITORIO DE BIENES DE LA DIRECCIÓN GENERAL DE ABASTECIMIENTO,2026-01-09,2026-01,Masculino,Entre 20 y 30 años,Local,MUNICIPALIDAD DISTRITAL DE QUIÑOTA,Cusco,Gobiernos Locales,I Trimestre,7679248ce225
TALLER,VIRTUAL,REGISTRO DE INFORMACIÓN DE BIENES INMUEBLES Y SU ASEGURAMIENTO EN EL REPOSITORIO DE BIENES DE LA DIRECCIÓN GENERAL DE ABASTECIMIENTO,2026-01-09,2026-01,Masculino,Entre 31 y 40 años,Local,MUNICIPALIDAD DISTRITAL DE MACHUPICCHU,Cusco,Gobiernos Locales,I Trimestre,fdcadcdabd2e
TALLER,VIRTUAL,REGISTRO DE INFORMACIÓN DE BIENES INMUEBLES Y SU ASEGURAMIENTO EN EL REPOSITORIO DE BIENES DE LA DIRECCIÓN GENERAL DE ABASTECIMIENTO,2026-01-09,2026-01,Masculino,Entre 31 y 40 años,Local,MUNICIPALIDAD DISTRITAL DE CACHIMAYO,Cusco,Gobiernos Locales,I Trimestre,da2d9635f3f7
TALLER,VIRTUAL,REGISTRO DE INFORMACIÓN DE BIENES INMUEBLES Y SU ASEGURAMIENTO EN EL REPOSITORIO DE BIENES DE LA DIRECCIÓN GENERAL DE ABASTECIMIENTO,2026-01-09,2026-01,Masculino,Entre 20 y 30 años,Local,MUNICIPALIDAD PROVINCIAL DE ESPINAR,Cusco,Gobiernos Locales,I Trimestre,246c44b7e4f0
TALLER,VIRTUAL,REGISTRO DE INFORMACIÓN DE BIENES INMUEBLES Y SU ASEGURAMIENTO EN EL REPOSITORIO DE BIENES DE LA DIRECCIÓN GENERAL DE ABASTECIMIENTO,2026-01-09,2026-01,Masculino,Entre 31 y 40 años,Local,MUNICIPALIDAD DISTRITAL DE CIRCA,Apurímac,Gobiernos Locales,I Trimestre,fca663eed1be
TALLER,VIRTUAL,REGISTRO DE INFORMACIÓN DE BIENES INMUEBLES Y SU ASEGURAMIENTO EN EL REPOSITORIO DE BIENES DE LA DIRECCIÓN GENERAL DE ABASTECIMIENTO,2026-01-09,2026-01,Masculino,Entre 31 y 40 años,Local,MUNICIPALIDAD DISTRITAL DE ANCAHUASI,Cusco,Gobiernos Locales,I Trimestre,7aa7aaa76990
TALLER,VIRTUAL,REGISTRO DE INFORMACIÓN DE BIENES INMUEBLES Y SU ASEGURAMIENTO EN EL REPOSITORIO DE BIENES DE LA DIRECCIÓN GENERAL DE ABASTECIMIENTO,2026-01-09,2026-01,Femenino,Entre 51 y 60 años,Nacional,UNIVERSIDAD NACIONAL DE ARTE DIEGO QUISPE TITO DEL CUSCO,Cusco,Educación,I Trimestre,f20c0e95ad78
TALLER,VIRTUAL,REGISTRO DE INFORMACIÓN DE BIENES INMUEBLES Y SU ASEGURAMIENTO EN EL REPOSITORIO DE BIENES DE LA DIRECCIÓN GENERAL DE ABASTECIMIENTO,2026-01-09,2026-01,Masculino,Entre 20 y 30 años,Local,MUNICIPALIDAD DISTRITAL DE CUSIPATA,Cusco,Gobiernos Locales,I Trimestre,10dc02fdfd6c
TALLER,VIRTUAL,REGISTRO DE INFORMACIÓN DE BIENES INMUEBLES Y SU ASEGURAMIENTO EN EL REPOSITORIO DE BIENES DE LA DIRECCIÓN GENERAL DE ABASTECIMIENTO,2026-01-09,2026-01,Femenino,Entre 41 y 50 años,Local,MUNICIPALIDAD DISTRITAL DE MACHUPICCHU,Cusco,Gobiernos Locales,I Trimestre,348307cae32f
TALLER,VIRTUAL,REGISTRO DE INFORMACIÓN DE BIENES INMUEBLES Y SU ASEGURAMIENTO EN EL REPOSITORIO DE BIENES DE LA DIRECCIÓN GENERAL DE ABASTECIMIENTO,2026-01-09,2026-01,Femenino,Entre 20 y 30 años,Local,MUNICIPALIDAD DISTRITAL DE CCORCA,Cusco,Gobiernos Locales,I Trimestre,d96969abb097
TALLER,VIRTUAL,REGISTRO DE INFORMACIÓN DE BIENES INMUEBLES Y SU ASEGURAMIENTO EN EL REPOSITORIO DE BIENES DE LA DIRECCIÓN GENERAL DE ABASTECIMIENTO,2026-01-09,2026-01,Masculino,Entre 31 y 40 años,Local,MUNICIPALIDAD DISTRITAL DE MANITEA,Cusco,Gobiernos Locales,I Trimestre,2a14435ddfae
TALLER,VIRTUAL,REGISTRO DE INFORMACIÓN DE BIENES INMUEBLES Y SU ASEGURAMIENTO EN EL REPOSITORIO DE BIENES DE LA DIRECCIÓN GENERAL DE ABASTECIMIENTO,2026-01-09,2026-01,Femenino,Entre 20 y 30 años,Local,MUNICIPALIDAD PROVINCIAL DE PUNO,Puno,Gobiernos Locales,I Trimestre,cf64f211b174
TALLER,VIRTUAL,REGISTRO DE INFORMACIÓN DE BIENES INMUEBLES Y SU ASEGURAMIENTO EN EL REPOSITORIO DE BIENES DE LA DIRECCIÓN GENERAL DE ABASTECIMIENTO,2026-01-09,2026-01,Femenino,Entre 20 y 30 años,Regional,UNIDAD EJECUTORA N° 315 - EDUCACION ANTA,Cusco,Gobiernos Regionales,I Trimestre,fc3dc9ef0b51
TALLER,VIRTUAL,REGISTRO DE INFORMACIÓN DE BIENES INMUEBLES Y SU ASEGURAMIENTO EN EL REPOSITORIO DE BIENES DE LA DIRECCIÓN GENERAL DE ABASTECIMIENTO,2026-01-09,2026-01,Femenino,Entre 31 y 40 años,Regional,DIRECCION REGIONAL DE EDUCACION DE CUSCO,Cusco,Gobiernos Regionales,I Trimestre,d4bc7e26b4d1
TALLER,VIRTUAL,REGISTRO DE INFORMACIÓN DE BIENES INMUEBLES Y SU ASEGURAMIENTO EN EL REPOSITORIO DE BIENES DE LA DIRECCIÓN GENERAL DE ABASTECIMIENTO,2026-01-09,2026-01,Masculino,Entre 31 y 40 años,Regional,GOBIERNO REGIONAL AMAZONAS - SEDE CENTRAL,Amazonas,Gobiernos Regionales,I Trimestre,4990e806b042
TALLER,VIRTUAL,REGISTRO DE INFORMACIÓN DE BIENES INMUEBLES Y SU ASEGURAMIENTO EN EL REPOSITORIO DE BIENES DE LA DIRECCIÓN GENERAL DE ABASTECIMIENTO,2026-01-09,2026-01,Masculino,Entre 51 y 60 años,Local,INSTITUTO VIAL PROVINCIAL DE ANTA,Cusco,Gobiernos Locales,I Trimestre,dcb9f37d5144
TALLER,VIRTUAL,REGISTRO DE INFORMACIÓN DE BIENES INMUEBLES Y SU ASEGURAMIENTO EN EL REPOSITORIO DE BIENES DE LA DIRECCIÓN GENERAL DE ABASTECIMIENTO,2026-01-09,2026-01,Masculino,Entre 31 y 40 años,Local,MUNICIPALIDAD DISTRITAL DE LIMATAMBO,Cusco,Gobiernos Locales,I Trimestre,0331202ae46e
TALLER,VIRTUAL,REGISTRO DE INFORMACIÓN DE BIENES INMUEBLES Y SU ASEGURAMIENTO EN EL REPOSITORIO DE BIENES DE LA DIRECCIÓN GENERAL DE ABASTECIMIENTO,2026-01-09,2026-01,Femenino,Entre 41 y 50 años,Local,MUNICIPALIDAD DISTRITAL DE CIRCA,Apurímac,Gobiernos Locales,I Trimestre,d3ae4abf6115
TALLER,VIRTUAL,REGISTRO DE INFORMACIÓN DE BIENES INMUEBLES Y SU ASEGURAMIENTO EN EL REPOSITORIO DE BIENES DE LA DIRECCIÓN GENERAL DE ABASTECIMIENTO,2026-01-09,2026-01,Masculino,Entre 20 y 30 años,Regional,DIRECCION REGIONAL DE EDUCACION DE CUSCO,Cusco,Gobiernos Regionales,I Trimestre,db3919c746b7
TALLER,VIRTUAL,REGISTRO DE INFORMACIÓN DE BIENES INMUEBLES Y SU ASEGURAMIENTO EN EL REPOSITORIO DE BIENES DE LA DIRECCIÓN GENERAL DE ABASTECIMIENTO,2026-01-09,2026-01,Masculino,Entre 31 y 40 años,Local,INSTITUTO VIAL PROVINCIAL DE PARURO,Cusco,Gobiernos Locales,I Trimestre,1efc8a7b8b20
TALLER,VIRTUAL,REGISTRO DE INFORMACIÓN DE BIENES INMUEBLES Y SU ASEGURAMIENTO EN EL REPOSITORIO DE BIENES DE LA DIRECCIÓN GENERAL DE ABASTECIMIENTO,2026-01-09,2026-01,Masculino,Entre 41 y 50 años,Nacional,CORTE SUPERIOR DE JUSTICIA DE PUNO,Puno,Poder Judicial,I Trimestre,faaec5c7bfa6
TALLER,VIRTUAL,REGISTRO DE INFORMACIÓN DE BIENES INMUEBLES Y SU ASEGURAMIENTO EN EL REPOSITORIO DE BIENES DE LA DIRECCIÓN GENERAL DE ABASTECIMIENTO,2026-01-09,2026-01,Masculino,Entre 41 y 50 años,Local,MUNICIPALIDAD PROVINCIAL DEL CUSCO,Cusco,Gobiernos Locales,I Trimestre,08ef1ba4d762
TALLER,VIRTUAL,REGISTRO DE INFORMACIÓN DE BIENES INMUEBLES Y SU ASEGURAMIENTO EN EL REPOSITORIO DE BIENES DE LA DIRECCIÓN GENERAL DE ABASTECIMIENTO,2026-01-09,2026-01,Masculino,Entre 20 y 30 años,Local,MUNICIPALIDAD DISTRITAL DE AGALLPAMPA,La Libertad,Gobiernos Locales,I Trimestre,962d6c455ef9
TALLER,VIRTUAL,REGISTRO DE INFORMACIÓN DE BIENES INMUEBLES Y SU ASEGURAMIENTO EN EL REPOSITORIO DE BIENES DE LA DIRECCIÓN GENERAL DE ABASTECIMIENTO,2026-01-09,2026-01,Masculino,Entre 31 y 40 años,Local,MUNICIPALIDAD DISTRITAL DE SAN SEBASTIAN,Cusco,Gobiernos Locales,I Trimestre,c3c1ea3b09f6
TALLER,VIRTUAL,REGISTRO DE INFORMACIÓN DE BIENES INMUEBLES Y SU ASEGURAMIENTO EN EL REPOSITORIO DE BIENES DE LA DIRECCIÓN GENERAL DE ABASTECIMIENTO,2026-01-09,2026-01,Femenino,Entre 31 y 40 años,Regional,DIRECCION REGIONAL DE EDUCACION DE CUSCO,Cusco,Gobiernos Regionales,I Trimestre,79f3d57a8fbc
TALLER,VIRTUAL,REGISTRO DE INFORMACIÓN DE BIENES INMUEBLES Y SU ASEGURAMIENTO EN EL REPOSITORIO DE BIENES DE LA DIRECCIÓN GENERAL DE ABASTECIMIENTO,2026-01-09,2026-01,Masculino,Entre 41 y 50 años,Nacional,MARINA DE GUERRA DEL PERU,Callao,Defensa,I Trimestre,2f1c0ea424f8
TALLER,VIRTUAL,REGISTRO DE INFORMACIÓN DE BIENES INMUEBLES Y SU ASEGURAMIENTO EN EL REPOSITORIO DE BIENES DE LA DIRECCIÓN GENERAL DE ABASTECIMIENTO,2026-01-09,2026-01,Femenino,Entre 41 y 50 años,Nacional,CORTE SUPERIOR DE JUSTICIA DE CUSCO,Cusco,Poder Judicial,I Trimestre,7dcc28577b3b
TALLER,VIRTUAL,REGISTRO DE INFORMACIÓN DE BIENES INMUEBLES Y SU ASEGURAMIENTO EN EL REPOSITORIO DE BIENES DE LA DIRECCIÓN GENERAL DE ABASTECIMIENTO,2026-01-09,2026-01,Masculino,Mayor a 61 años,Nacional,ESTACION EXPERIMENTAL AGRARIA ANDENES - CUSCO,Cusco,Agricultura y Riego,I Trimestre,f9a7b63beba4
TALLER,VIRTUAL,REGISTRO DE INFORMACIÓN DE BIENES INMUEBLES Y SU ASEGURAMIENTO EN EL REPOSITORIO DE BIENES DE LA DIRECCIÓN GENERAL DE ABASTECIMIENTO,2026-01-09,2026-01,Femenino,Entre 31 y 40 años,Local,MUNICIPALIDAD PROVINCIAL DEL CUSCO,Cusco,Gobiernos Locales,I Trimestre,1332ac765a8f
TALLER,VIRTUAL,REGISTRO DE INFORMACIÓN DE BIENES INMUEBLES Y SU ASEGURAMIENTO EN EL REPOSITORIO DE BIENES DE LA DIRECCIÓN GENERAL DE ABASTECIMIENTO,2026-01-09,2026-01,Femenino,Mayor a 61 años,Local,MUNICIPALIDAD PROVINCIAL DE URUBAMBA,Cusco,Gobiernos Locales,I Trimestre,9fd4cae7aec3
TALLER,VIRTUAL,REGISTRO DE INFORMACIÓN DE BIENES INMUEBLES Y SU ASEGURAMIENTO EN EL REPOSITORIO DE BIENES DE LA DIRECCIÓN GENERAL DE ABASTECIMIENTO,2026-01-09,2026-01,Masculino,Mayor a 61 años,Regional,DIRECCION REGIONAL DE EDUCACION DE PUNO,Puno,Educación,I Trimestre,de4f83295103
TALLER,VIRTUAL,REGISTRO DE INFORMACIÓN DE BIENES INMUEBLES Y SU ASEGURAMIENTO EN EL REPOSITORIO DE BIENES DE LA DIRECCIÓN GENERAL DE ABASTECIMIENTO,2026-01-09,2026-01,Masculino,Entre 41 y 50 años,Local,MUNICIPALIDAD PROVINCIAL DE CANCHIS,Cusco,Gobiernos Locales,I Trimestre,0d2b2de5d683
TALLER,VIRTUAL,REGISTRO DE INFORMACIÓN DE BIENES INMUEBLES Y SU ASEGURAMIENTO EN EL REPOSITORIO DE BIENES DE LA DIRECCIÓN GENERAL DE ABASTECIMIENTO,2026-01-09,2026-01,Femenino,Entre 41 y 50 años,Regional,INSTITUTO DE MANEJO DE AGUA Y MEDIO AMBIENTE,Cusco,Gobiernos Regionales,I Trimestre,7b00adf6acfd
TALLER,VIRTUAL,REGISTRO DE INFORMACIÓN DE BIENES INMUEBLES Y SU ASEGURAMIENTO EN EL REPOSITORIO DE BIENES DE LA DIRECCIÓN GENERAL DE ABASTECIMIENTO,2026-01-09,2026-01,Masculino,Entre 31 y 40 años,Local,MUNICIPALIDAD DISTRITAL DE MANITEA,Cusco,Gobiernos Locales,I Trimestre,9b1b423d9042
TALLER,VIRTUAL,REGISTRO DE INFORMACIÓN DE BIENES INMUEBLES Y SU ASEGURAMIENTO EN EL REPOSITORIO DE BIENES DE LA DIRECCIÓN GENERAL DE ABASTECIMIENTO,2026-01-09,2026-01,Masculino,Entre 41 y 50 años,Local,MUNICIPALIDAD DISTRITAL DE RONDOCAN,Cusco,Gobiernos Locales,I Trimestre,179637c32a11
TALLER,VIRTUAL,REGISTRO DE INFORMACIÓN DE BIENES INMUEBLES Y SU ASEGURAMIENTO EN EL REPOSITORIO DE BIENES DE LA DIRECCIÓN GENERAL DE ABASTECIMIENTO,2026-01-09,2026-01,Femenino,Entre 20 y 30 años,Local,MUNICIPALIDAD DE DISTRITAL DE VILLA KINTIARINA,Cusco,Gobiernos Locales,I Trimestre,a84096b30125
TALLER,VIRTUAL,REGISTRO DE INFORMACIÓN DE BIENES INMUEBLES Y SU ASEGURAMIENTO EN EL REPOSITORIO DE BIENES DE LA DIRECCIÓN GENERAL DE ABASTECIMIENTO,2026-01-09,2026-01,Masculino,Entre 31 y 40 años,Local,MUNICIPALIDAD DISTRITAL DE SAN GABAN,Puno,Gobiernos Locales,I Trimestre,b5a0d9b530f2
TALLER,VIRTUAL,REGISTRO DE INFORMACIÓN DE BIENES INMUEBLES Y SU ASEGURAMIENTO EN EL REPOSITORIO DE BIENES DE LA DIRECCIÓN GENERAL DE ABASTECIMIENTO,2026-01-09,2026-01,Femenino,Entre 31 y 40 años,Local,MUNICIPAIDAD PROVINCIAL DE QUISPICANCHI,Cusco,Gobiernos Locales,I Trimestre,70f5d44eb5b2
TALLER,VIRTUAL,REGISTRO DE INFORMACIÓN DE BIENES INMUEBLES Y SU ASEGURAMIENTO EN EL REPOSITORIO DE BIENES DE LA DIRECCIÓN GENERAL DE ABASTECIMIENTO,2026-01-09,2026-01,Masculino,Entre 31 y 40 años,Local,MUNICIPALIDAD DISTRITAL DE MACHUPICCHU,Cusco,Gobiernos Locales,I Trimestre,379ff7c3a278
TALLER,VIRTUAL,REGISTRO DE INFORMACIÓN DE BIENES INMUEBLES Y SU ASEGURAMIENTO EN EL REPOSITORIO DE BIENES DE LA DIRECCIÓN GENERAL DE ABASTECIMIENTO,2026-01-09,2026-01,Masculino,Entre 41 y 50 años,Nacional,OECE,Lima,Economía y Finanzas,I Trimestre,75dd86dd0fd3
TALLER,VIRTUAL,REGISTRO DE INFORMACIÓN DE BIENES INMUEBLES Y SU ASEGURAMIENTO EN EL REPOSITORIO DE BIENES DE LA DIRECCIÓN GENERAL DE ABASTECIMIENTO,2026-01-09,2026-01,Femenino,Entre 41 y 50 años,Regional,UNIDAD DE GESTION EDUCATIVA LOCAL DE CUSCO,Cusco,Gobiernos Regionales,I Trimestre,bc226876366d
TALLER,VIRTUAL,REGISTRO DE INFORMACIÓN DE BIENES INMUEBLES Y SU ASEGURAMIENTO EN EL REPOSITORIO DE BIENES DE LA DIRECCIÓN GENERAL DE ABASTECIMIENTO,2026-01-09,2026-01,Masculino,Entre 31 y 40 años,Local,MUNICIPALIDAD DISTRITAL DE HAQUIRA,Apurímac,Gobiernos Locales,I Trimestre,f1dd052fbb52
TALLER,VIRTUAL,REGISTRO DE INFORMACIÓN DE BIENES INMUEBLES Y SU ASEGURAMIENTO EN EL REPOSITORIO DE BIENES DE LA DIRECCIÓN GENERAL DE ABASTECIMIENTO,2026-01-09,2026-01,Masculino,Entre 31 y 40 años,Local,MUNICIPALIDAD DISTRITAL DE ANCAHUASI,Cusco,Gobiernos Locales,I Trimestre,040def01d2c8
TALLER,VIRTUAL,REGISTRO DE INFORMACIÓN DE BIENES INMUEBLES Y SU ASEGURAMIENTO EN EL REPOSITORIO DE BIENES DE LA DIRECCIÓN GENERAL DE ABASTECIMIENTO,2026-01-09,2026-01,Femenino,Entre 20 y 30 años,Regional,DIRECCION DE TRANSPORTES PUNO,Puno,Transportes y Comunicaciones,I Trimestre,610e107be3f6
TALLER,VIRTUAL,REGISTRO DE INFORMACIÓN DE BIENES INMUEBLES Y SU ASEGURAMIENTO EN EL REPOSITORIO DE BIENES DE LA DIRECCIÓN GENERAL DE ABASTECIMIENTO,2026-01-09,2026-01,Femenino,Entre 51 y 60 años,Local,MUNICIPALIDAD PROVINCIAL DE PUNO,Puno,Gobiernos Locales,I Trimestre,75a49b6ea2b2
TALLER,VIRTUAL,REGISTRO DE INFORMACIÓN DE BIENES INMUEBLES Y SU ASEGURAMIENTO EN EL REPOSITORIO DE BIENES DE LA DIRECCIÓN GENERAL DE ABASTECIMIENTO,2026-01-09,2026-01,Femenino,Entre 31 y 40 años,Local,MUNICIPALIDAD PROVINCIAL DE ESPINAR,Cusco,Gobiernos Locales,I Trimestre,3f60cf729415
TALLER,VIRTUAL,REGISTRO DE INFORMACIÓN DE BIENES INMUEBLES Y SU ASEGURAMIENTO EN EL REPOSITORIO DE BIENES DE LA DIRECCIÓN GENERAL DE ABASTECIMIENTO,2026-01-09,2026-01,Masculino,Entre 31 y 40 años,Regional,UNIDAD DE GESTION EDUCATIVA LOCAL LA CONVENCION - REGION CUSCO,Cusco,Gobiernos Regionales,I Trimestre,7e07ac09195b
TALLER,VIRTUAL,REGISTRO DE INFORMACIÓN DE BIENES INMUEBLES Y SU ASEGURAMIENTO EN EL REPOSITORIO DE BIENES DE LA DIRECCIÓN GENERAL DE ABASTECIMIENTO,2026-01-09,2026-01,Masculino,Entre 41 y 50 años,Nacional,CORTE SUPERIOR DE JUSTICIA DE CUSCO,Cusco,Poder Judicial,I Trimestre,7e5f03df05af
TALLER,VIRTUAL,REGISTRO DE INFORMACIÓN DE BIENES INMUEBLES Y SU ASEGURAMIENTO EN EL REPOSITORIO DE BIENES DE LA DIRECCIÓN GENERAL DE ABASTECIMIENTO,2026-01-09,2026-01,Femenino,Entre 51 y 60 años,Nacional,UNIVERSIDAD NACIONAL DE SAN CRISTOBAL DE HUAMANGA,Ayacucho,Educación,I Trimestre,9856492cc957
TALLER,VIRTUAL,REGISTRO DE INFORMACIÓN DE BIENES INMUEBLES Y SU ASEGURAMIENTO EN EL REPOSITORIO DE BIENES DE LA DIRECCIÓN GENERAL DE ABASTECIMIENTO,2026-01-09,2026-01,Masculino,Entre 31 y 40 años,Local,MUNICIPALIDAD DISTRITAL DE LLUSCO,Cusco,Gobiernos Locales,I Trimestre,e71ffea5f628
TALLER,VIRTUAL,REGISTRO DE INFORMACIÓN DE BIENES INMUEBLES Y SU ASEGURAMIENTO EN EL REPOSITORIO DE BIENES DE LA DIRECCIÓN GENERAL DE ABASTECIMIENTO,2026-01-09,2026-01,Masculino,Entre 31 y 40 años,Local,MUNICIPALIDAD PROVINCIAL DE SAN ROMAN,Puno,Gobiernos Locales,I Trimestre,2859f38050c9
TALLER,VIRTUAL,REGISTRO DE INFORMACIÓN DE BIENES INMUEBLES Y SU ASEGURAMIENTO EN EL REPOSITORIO DE BIENES DE LA DIRECCIÓN GENERAL DE ABASTECIMIENTO,2026-01-09,2026-01,Masculino,Entre 31 y 40 años,Local,MUNICIPALIDAD DISTRITAL DE ANDAHUAYLILLAS,Cusco,Gobiernos Locales,I Trimestre,49c976fcce9c
TALLER,VIRTUAL,REGISTRO DE INFORMACIÓN DE BIENES INMUEBLES Y SU ASEGURAMIENTO EN EL REPOSITORIO DE BIENES DE LA DIRECCIÓN GENERAL DE ABASTECIMIENTO,2026-01-09,2026-01,Masculino,Entre 20 y 30 años,Local,MUNICIPALIDAD DISTRITAL DE SAN SEBASTIAN,Cusco,Gobiernos Locales,I Trimestre,08cff6ba5b25
TALLER,VIRTUAL,REGISTRO DE INFORMACIÓN DE BIENES INMUEBLES Y SU ASEGURAMIENTO EN EL REPOSITORIO DE BIENES DE LA DIRECCIÓN GENERAL DE ABASTECIMIENTO,2026-01-09,2026-01,Femenino,Entre 41 y 50 años,Regional,GOBIERNO REGIONAL DE CUSCO - SALUD LA CONVENCION ,Cusco,Gobiernos Regionales,I Trimestre,5a6886e98edb
TALLER,VIRTUAL,REGISTRO DE INFORMACIÓN DE BIENES INMUEBLES Y SU ASEGURAMIENTO EN EL REPOSITORIO DE BIENES DE LA DIRECCIÓN GENERAL DE ABASTECIMIENTO,2026-01-09,2026-01,Masculino,Entre 20 y 30 años,Nacional, ZONA REGISTRAL X CUSCO,Cusco,Justicia y Derechos Humanos,I Trimestre,eb435c7a34c8
TALLER,VIRTUAL,REGISTRO DE INFORMACIÓN DE BIENES INMUEBLES Y SU ASEGURAMIENTO EN EL REPOSITORIO DE BIENES DE LA DIRECCIÓN GENERAL DE ABASTECIMIENTO,2026-01-09,2026-01,Femenino,Entre 31 y 40 años,Local,MUNICIPALIDAD DISTRITAL DE CHARACATO,Arequipa,Gobiernos Locales,I Trimestre,9d3907d6beab
TALLER,VIRTUAL,REGISTRO DE INFORMACIÓN DE BIENES INMUEBLES Y SU ASEGURAMIENTO EN EL REPOSITORIO DE BIENES DE LA DIRECCIÓN GENERAL DE ABASTECIMIENTO,2026-01-09,2026-01,Femenino,Entre 20 y 30 años,Local,MUNICIPALIDAD DISTRITAL DE MACHUPICCHU,Cusco,Gobiernos Locales,I Trimestre,6699fd6346c1
TALLER,VIRTUAL,REGISTRO DE INFORMACIÓN DE BIENES INMUEBLES Y SU ASEGURAMIENTO EN EL REPOSITORIO DE BIENES DE LA DIRECCIÓN GENERAL DE ABASTECIMIENTO,2026-01-09,2026-01,Masculino,Entre 31 y 40 años,Local,MUNICIPALIDAD DISTRITAL DE LLUSCO,Cusco,Gobiernos Locales,I Trimestre,0d4f9d0079c0
TALLER,VIRTUAL,REGISTRO DE INFORMACIÓN DE BIENES INMUEBLES Y SU ASEGURAMIENTO EN EL REPOSITORIO DE BIENES DE LA DIRECCIÓN GENERAL DE ABASTECIMIENTO,2026-01-09,2026-01,Femenino,Entre 31 y 40 años,Local,MUNICIPALIDAD DISTRITAL DE OLLANTAYTAMBO,Cusco,Gobiernos Locales,I Trimestre,55e4a8954178
TALLER,VIRTUAL,REGISTRO DE INFORMACIÓN DE BIENES INMUEBLES Y SU ASEGURAMIENTO EN EL REPOSITORIO DE BIENES DE LA DIRECCIÓN GENERAL DE ABASTECIMIENTO,2026-01-09,2026-01,Femenino,Mayor a 61 años,Local,MUNICIPALIDAD PROVINCIAL DEL CUSCO,Cusco,Gobiernos Locales,I Trimestre,f99e6bbf2188
TALLER,VIRTUAL,REGISTRO DE INFORMACIÓN DE BIENES INMUEBLES Y SU ASEGURAMIENTO EN EL REPOSITORIO DE BIENES DE LA DIRECCIÓN GENERAL DE ABASTECIMIENTO,2026-01-09,2026-01,Masculino,Entre 31 y 40 años,Regional,UNIDAD EJECUTORA N° 406 - RED DE SERVICIOS DE SALUD KIMBIRI PICHARI,Cusco,Gobiernos Regionales,I Trimestre,ba43db3aa4c0
TALLER,VIRTUAL,REGISTRO DE INFORMACIÓN DE BIENES INMUEBLES Y SU ASEGURAMIENTO EN EL REPOSITORIO DE BIENES DE LA DIRECCIÓN GENERAL DE ABASTECIMIENTO,2026-01-09,2026-01,Masculino,Mayor a 61 años,Local,MUNICIPALIDAD DISTRITAL DE ANCAHUASI,Cusco,Gobiernos Locales,I Trimestre,d4090fb81bcb
TALLER,VIRTUAL,REGISTRO DE INFORMACIÓN DE BIENES INMUEBLES Y SU ASEGURAMIENTO EN EL REPOSITORIO DE BIENES DE LA DIRECCIÓN GENERAL DE ABASTECIMIENTO,2026-01-09,2026-01,Masculino,Entre 41 y 50 años,Local,MUNICIPALIDAD PROVINCIAL DE ABANCAY,Apurímac,Gobiernos Locales,I Trimestre,c1a420208cb0
TALLER,VIRTUAL,REGISTRO DE INFORMACIÓN DE BIENES INMUEBLES Y SU ASEGURAMIENTO EN EL REPOSITORIO DE BIENES DE LA DIRECCIÓN GENERAL DE ABASTECIMIENTO,2026-01-09,2026-01,Masculino,Entre 51 y 60 años,Local,MUNICIPALIDAD PROVINCIAL DE CANCHIS,Cusco,Gobiernos Locales,I Trimestre,c6e01a95df63
TALLER,VIRTUAL,REGISTRO DE INFORMACIÓN DE BIENES INMUEBLES Y SU ASEGURAMIENTO EN EL REPOSITORIO DE BIENES DE LA DIRECCIÓN GENERAL DE ABASTECIMIENTO,2026-01-09,2026-01,Masculino,Entre 51 y 60 años,Regional,UNIDAD GESTION EDUCATIVA QUISPICANCHI,Cusco,Gobiernos Regionales,I Trimestre,65985a8cb31c
TALLER,VIRTUAL,REGISTRO DE INFORMACIÓN DE BIENES INMUEBLES Y SU ASEGURAMIENTO EN EL REPOSITORIO DE BIENES DE LA DIRECCIÓN GENERAL DE ABASTECIMIENTO,2026-01-09,2026-01,Masculino,Entre 31 y 40 años,Local,MUNICIPALIDAD DISTRITAL DE POCOHUANCA,Apurímac,Gobiernos Locales,I Trimestre,6aa4c8008c81
TALLER,VIRTUAL,REGISTRO DE INFORMACIÓN DE BIENES INMUEBLES Y SU ASEGURAMIENTO EN EL REPOSITORIO DE BIENES DE LA DIRECCIÓN GENERAL DE ABASTECIMIENTO,2026-01-09,2026-01,Femenino,Entre 31 y 40 años,Local,MUNICIPALIDAD PROVINCIAL DEL CUSCO,Cusco,Gobiernos Locales,I Trimestre,44e4dcc2512e
TALLER,VIRTUAL,REGISTRO DE INFORMACIÓN DE BIENES INMUEBLES Y SU ASEGURAMIENTO EN EL REPOSITORIO DE BIENES DE LA DIRECCIÓN GENERAL DE ABASTECIMIENTO,2026-01-09,2026-01,Masculino,Entre 51 y 60 años,Local,MUNICIPALIDAD PROVINCIAL DE CANCHIS,Cusco,Gobiernos Locales,I Trimestre,96e1df3f08ea
TALLER,VIRTUAL,REGISTRO DE INFORMACIÓN DE BIENES INMUEBLES Y SU ASEGURAMIENTO EN EL REPOSITORIO DE BIENES DE LA DIRECCIÓN GENERAL DE ABASTECIMIENTO,2026-01-09,2026-01,Femenino,Entre 20 y 30 años,Local,Municipalidad Provincial de Antabamba,Apurímac,Gobiernos Locales,I Trimestre,f3c269633cc1
TALLER,VIRTUAL,REGISTRO DE INFORMACIÓN DE BIENES INMUEBLES Y SU ASEGURAMIENTO EN EL REPOSITORIO DE BIENES DE LA DIRECCIÓN GENERAL DE ABASTECIMIENTO,2026-01-09,2026-01,Masculino,Entre 31 y 40 años,Regional,GOBIERNO  REGIONAL DE LIMA - EDUCACION CANTA,Lima,Gobiernos Regionales,I Trimestre,1ed84d5685e6
TALLER,VIRTUAL,REGISTRO DE INFORMACIÓN DE BIENES INMUEBLES Y SU ASEGURAMIENTO EN EL REPOSITORIO DE BIENES DE LA DIRECCIÓN GENERAL DE ABASTECIMIENTO,2026-01-09,2026-01,Femenino,Entre 31 y 40 años,Local,MUNICIPALIDAD PROVINCIAL DEL CUZCO,Cusco,Gobiernos Locales,I Trimestre,c5ca4ac1279d
TALLER,VIRTUAL,REGISTRO DE INFORMACIÓN DE BIENES INMUEBLES Y SU ASEGURAMIENTO EN EL REPOSITORIO DE BIENES DE LA DIRECCIÓN GENERAL DE ABASTECIMIENTO,2026-01-09,2026-01,Femenino,Entre 51 y 60 años,Regional,GOBIERNO REGIONAL DE CUSCO - SEDE CENTRAL,Cusco,Gobiernos Regionales,I Trimestre,df1efd5244f2
TALLER,VIRTUAL,REGISTRO DE INFORMACIÓN DE BIENES INMUEBLES Y SU ASEGURAMIENTO EN EL REPOSITORIO DE BIENES DE LA DIRECCIÓN GENERAL DE ABASTECIMIENTO,2026-01-09,2026-01,Femenino,Entre 51 y 60 años,Local,MUNICIPALIDAD PROVINCIAL DE SAN MARTIN,San Martín,Gobiernos Locales,I Trimestre,441f1febe031
TALLER,VIRTUAL,REGISTRO DE INFORMACIÓN DE BIENES INMUEBLES Y SU ASEGURAMIENTO EN EL REPOSITORIO DE BIENES DE LA DIRECCIÓN GENERAL DE ABASTECIMIENTO,2026-01-09,2026-01,Masculino,Entre 51 y 60 años,Nacional,ESTACION EXPERIMENTAL AGRARIA ANDENES - CUSCO,Cusco,Agricultura y Riego,I Trimestre,ee6f3435a214
TALLER,VIRTUAL,REGISTRO DE INFORMACIÓN DE BIENES INMUEBLES Y SU ASEGURAMIENTO EN EL REPOSITORIO DE BIENES DE LA DIRECCIÓN GENERAL DE ABASTECIMIENTO,2026-01-09,2026-01,Masculino,Entre 31 y 40 años,Local,MUNICIPALIDAD DISTRITAL DE ANANEA,Puno,Gobiernos Locales,I Trimestre,a20e4bf3c904
TALLER,VIRTUAL,REGISTRO DE INFORMACIÓN DE BIENES INMUEBLES Y SU ASEGURAMIENTO EN EL REPOSITORIO DE BIENES DE LA DIRECCIÓN GENERAL DE ABASTECIMIENTO,2026-01-09,2026-01,Masculino,Entre 41 y 50 años,Regional,GOB.REG. APURIMAC- SUB REGION CHINCHEROS,Apurímac,Gobiernos Regionales,I Trimestre,6ab0c701d4ac
TALLER,VIRTUAL,REGISTRO DE INFORMACIÓN DE BIENES INMUEBLES Y SU ASEGURAMIENTO EN EL REPOSITORIO DE BIENES DE LA DIRECCIÓN GENERAL DE ABASTECIMIENTO,2026-01-09,2026-01,Masculino,Entre 51 y 60 años,Nacional,UNIVERSIDAD NACIONAL DEL VRAEM,Cusco,Educación,I Trimestre,ef49586db45c
TALLER,VIRTUAL,REGISTRO DE INFORMACIÓN DE BIENES INMUEBLES Y SU ASEGURAMIENTO EN EL REPOSITORIO DE BIENES DE LA DIRECCIÓN GENERAL DE ABASTECIMIENTO,2026-01-09,2026-01,Femenino,Entre 41 y 50 años,Regional,DIRECCION REGIONAL DE EDUCACION DE CUSCO,Cusco,Gobiernos Regionales,I Trimestre,512373de93ba
TALLER,VIRTUAL,REGISTRO DE INFORMACIÓN DE BIENES INMUEBLES Y SU ASEGURAMIENTO EN EL REPOSITORIO DE BIENES DE LA DIRECCIÓN GENERAL DE ABASTECIMIENTO,2026-01-09,2026-01,Femenino,Entre 51 y 60 años,Regional,UNIDAD EJECUTORA HOSPITAL DE REHABILITACION DEL CALLAO,Callao,Salud,I Trimestre,845c95105df1
TALLER,VIRTUAL,REGISTRO DE INFORMACIÓN DE BIENES INMUEBLES Y SU ASEGURAMIENTO EN EL REPOSITORIO DE BIENES DE LA DIRECCIÓN GENERAL DE ABASTECIMIENTO,2026-01-09,2026-01,Femenino,Entre 51 y 60 años,Local,MUNICIPALIDAD DISTRITAL DE SAN BORJA,Lima,Gobiernos Locales,I Trimestre,2b205281094b
TALLER,VIRTUAL,REGISTRO DE INFORMACIÓN DE BIENES INMUEBLES Y SU ASEGURAMIENTO EN EL REPOSITORIO DE BIENES DE LA DIRECCIÓN GENERAL DE ABASTECIMIENTO,2026-01-09,2026-01,Masculino,Entre 31 y 40 años,Local,MUNICIPALIDAD PROVINCIAL DE HUARAL,Lima,Gobiernos Locales,I Trimestre,9eb0a4b52a1d
TALLER,VIRTUAL,REGISTRO DE INFORMACIÓN DE BIENES INMUEBLES Y SU ASEGURAMIENTO EN EL REPOSITORIO DE BIENES DE LA DIRECCIÓN GENERAL DE ABASTECIMIENTO,2026-01-09,2026-01,Masculino,Mayor a 61 años,Nacional,CONSEJO NACIONAL PARA LA INTEGRACION DE LA PERSONA CON DISCAPACIDAD (CONADIS),Lima,Mujer y Poblaciones Vulnerables,I Trimestre,8ea2e3b0a224
TALLER,VIRTUAL,REGISTRO DE INFORMACIÓN DE BIENES INMUEBLES Y SU ASEGURAMIENTO EN EL REPOSITORIO DE BIENES DE LA DIRECCIÓN GENERAL DE ABASTECIMIENTO,2026-01-09,2026-01,Masculino,Entre 31 y 40 años,Regional,UNIDAD EJECUTORA HOSPITAL DE REHABILITACION DEL CALLAO,Callao,Salud,I Trimestre,afa1d4027945
TALLER,VIRTUAL,REGISTRO DE INFORMACIÓN DE BIENES INMUEBLES Y SU ASEGURAMIENTO EN EL REPOSITORIO DE BIENES DE LA DIRECCIÓN GENERAL DE ABASTECIMIENTO,2026-01-09,2026-01,Femenino,Entre 20 y 30 años,Nacional,SECRETARIA TECNICA DEL CONSEJO FISCAL,Lima,Economía y Finanzas,I Trimestre,9f7299d348aa
TALLER,VIRTUAL,REGISTRO DE INFORMACIÓN DE BIENES INMUEBLES Y SU ASEGURAMIENTO EN EL REPOSITORIO DE BIENES DE LA DIRECCIÓN GENERAL DE ABASTECIMIENTO,2026-01-09,2026-01,Femenino,Entre 51 y 60 años,Local,MUNICIPALIDAD DISTRITAL DE CARMEN DE LA LEGUA REYNOSO,Lima,Gobiernos Locales,I Trimestre,d9e5e524bc05
TALLER,VIRTUAL,REGISTRO DE INFORMACIÓN DE BIENES INMUEBLES Y SU ASEGURAMIENTO EN EL REPOSITORIO DE BIENES DE LA DIRECCIÓN GENERAL DE ABASTECIMIENTO,2026-01-09,2026-01,Femenino,Entre 41 y 50 años,Nacional,VII DIRECCION TERRITORIAL DE POLICIA LIMA,Lima,Interior,I Trimestre,10863f8f4a70
TALLER,VIRTUAL,REGISTRO DE INFORMACIÓN DE BIENES INMUEBLES Y SU ASEGURAMIENTO EN EL REPOSITORIO DE BIENES DE LA DIRECCIÓN GENERAL DE ABASTECIMIENTO,2026-01-09,2026-01,Masculino,Entre 31 y 40 años,Local,MUNICIPALIDAD DISTRITAL DE LA MOLINA,Lima,Gobiernos Locales,I Trimestre,d6fcbf739e43
TALLER,VIRTUAL,REGISTRO DE INFORMACIÓN DE BIENES INMUEBLES Y SU ASEGURAMIENTO EN EL REPOSITORIO DE BIENES DE LA DIRECCIÓN GENERAL DE ABASTECIMIENTO,2026-01-09,2026-01,Femenino,Entre 20 y 30 años,Local,MUNICIPALIDAD DISTRITAL DE HUANTAN,Lima,Gobiernos Locales,I Trimestre,72296ca66e0e
TALLER,VIRTUAL,REGISTRO DE INFORMACIÓN DE BIENES INMUEBLES Y SU ASEGURAMIENTO EN EL REPOSITORIO DE BIENES DE LA DIRECCIÓN GENERAL DE ABASTECIMIENTO,2026-01-09,2026-01,Femenino,Entre 31 y 40 años,Nacional,UNIVERSIDAD NACIONAL DE EDUCACION ENRIQUE GUZMAN Y VALLE,Lima,Educación,I Trimestre,6c1197660b3d
TALLER,VIRTUAL,REGISTRO DE INFORMACIÓN DE BIENES INMUEBLES Y SU ASEGURAMIENTO EN EL REPOSITORIO DE BIENES DE LA DIRECCIÓN GENERAL DE ABASTECIMIENTO,2026-01-09,2026-01,Masculino,Entre 41 y 50 años,Regional,GOBIERNO REGIONAL DEL CALLAO,Callao,Gobiernos Regionales,I Trimestre,afc386f6c892
TALLER,VIRTUAL,REGISTRO DE INFORMACIÓN DE BIENES INMUEBLES Y SU ASEGURAMIENTO EN EL REPOSITORIO DE BIENES DE LA DIRECCIÓN GENERAL DE ABASTECIMIENTO,2026-01-09,2026-01,Masculino,Mayor a 61 años,Nacional,PRESIDENCIA DEL CONSEJO DE MINISTROS (PCM),Lima,Presidencia del Consejo de Ministros,I Trimestre,bb8458730cea
TALLER,VIRTUAL,REGISTRO DE INFORMACIÓN DE BIENES INMUEBLES Y SU ASEGURAMIENTO EN EL REPOSITORIO DE BIENES DE LA DIRECCIÓN GENERAL DE ABASTECIMIENTO,2026-01-09,2026-01,Masculino,Entre 31 y 40 años,Nacional,UNIDAD DE GESTION EDUCATIVA LOCAL N° 02 - SAN MARTIN DE PORRES,Lima,Educación,I Trimestre,3bfaf85d0fdc
TALLER,VIRTUAL,REGISTRO DE INFORMACIÓN DE BIENES INMUEBLES Y SU ASEGURAMIENTO EN EL REPOSITORIO DE BIENES DE LA DIRECCIÓN GENERAL DE ABASTECIMIENTO,2026-01-09,2026-01,Femenino,Entre 41 y 50 años,Local,MUNICIPALIDAD DISTRITAL DE SUPE,Lima,Otros,I Trimestre,1f4fdb3d1a8c
TALLER,VIRTUAL,REGISTRO DE INFORMACIÓN DE BIENES INMUEBLES Y SU ASEGURAMIENTO EN EL REPOSITORIO DE BIENES DE LA DIRECCIÓN GENERAL DE ABASTECIMIENTO,2026-01-09,2026-01,Femenino,Entre 20 y 30 años,Nacional,COMANDO CONJUNTO DE LAS FUERZAS ARMADAS,Lima,Defensa,I Trimestre,1d1fceb9fcba
TALLER,VIRTUAL,REGISTRO DE INFORMACIÓN DE BIENES INMUEBLES Y SU ASEGURAMIENTO EN EL REPOSITORIO DE BIENES DE LA DIRECCIÓN GENERAL DE ABASTECIMIENTO,2026-01-09,2026-01,Masculino,Mayor a 61 años,Nacional,SUPERINTENDENCIA NACIONAL DE LOS REGISTROS PUBLICOS,Lima,Justicia y Derechos Humanos,I Trimestre,983b85d5dabb
TALLER,VIRTUAL,REGISTRO DE INFORMACIÓN DE BIENES INMUEBLES Y SU ASEGURAMIENTO EN EL REPOSITORIO DE BIENES DE LA DIRECCIÓN GENERAL DE ABASTECIMIENTO,2026-01-09,2026-01,Femenino,Entre 41 y 50 años,Nacional,ORGANISMO ESPECIALIZADO PARA LAS CONTRATACIONES PUBLICAS EFICIENTES - OECE,Lima,Economía y Finanzas,I Trimestre,5439d7a20cfd
TALLER,VIRTUAL,REGISTRO DE INFORMACIÓN DE BIENES INMUEBLES Y SU ASEGURAMIENTO EN EL REPOSITORIO DE BIENES DE LA DIRECCIÓN GENERAL DE ABASTECIMIENTO,2026-01-09,2026-01,Femenino,Entre 31 y 40 años,Nacional,VII DIRECCION TERRITORIAL DE POLICIA LIMA,Lima,Interior,I Trimestre,cb7a2715101d
TALLER,VIRTUAL,REGISTRO DE INFORMACIÓN DE BIENES INMUEBLES Y SU ASEGURAMIENTO EN EL REPOSITORIO DE BIENES DE LA DIRECCIÓN GENERAL DE ABASTECIMIENTO,2026-01-09,2026-01,Masculino,Entre 51 y 60 años,Nacional,022-XI-DIRECCION TERRITORIAL DE POLICIA AREQUIPA,Arequipa,Interior,I Trimestre,fac0dbc82f9e
TALLER,VIRTUAL,REGISTRO DE INFORMACIÓN DE BIENES INMUEBLES Y SU ASEGURAMIENTO EN EL REPOSITORIO DE BIENES DE LA DIRECCIÓN GENERAL DE ABASTECIMIENTO,2026-01-09,2026-01,Femenino,Mayor a 61 años,Nacional,AUTORIDAD NACIONAL DE INFRAESTRUCTURA,Lima,Presidencia del Consejo de Ministros,I Trimestre,9ae24d7c8ef5
TALLER,VIRTUAL,REGISTRO DE INFORMACIÓN DE BIENES INMUEBLES Y SU ASEGURAMIENTO EN EL REPOSITORIO DE BIENES DE LA DIRECCIÓN GENERAL DE ABASTECIMIENTO,2026-01-09,2026-01,Femenino,Entre 41 y 50 años,Nacional,MINISTERIO DE LA MUJER Y POBLACIONES VULNERABLES (MIMP),Lima,Mujer y Poblaciones Vulnerables,I Trimestre,1fa73310b481
TALLER,VIRTUAL,REGISTRO DE INFORMACIÓN DE BIENES INMUEBLES Y SU ASEGURAMIENTO EN EL REPOSITORIO DE BIENES DE LA DIRECCIÓN GENERAL DE ABASTECIMIENTO,2026-01-09,2026-01,Femenino,Entre 31 y 40 años,Nacional,CREACION Y MEJORAMIENTO DEL SERVICIO DE CATASTRO EN DISTRITOS SELECCIONADOS DE LA PROVINCIA DE LIMA,Lima,"Vivienda, Construcción y Saneamiento",I Trimestre,107d6cc10918
TALLER,VIRTUAL,REGISTRO DE INFORMACIÓN DE BIENES INMUEBLES Y SU ASEGURAMIENTO EN EL REPOSITORIO DE BIENES DE LA DIRECCIÓN GENERAL DE ABASTECIMIENTO,2026-01-09,2026-01,Masculino,Entre 41 y 50 años,Nacional,MINISTERIO DE DESARROLLO AGRARIO Y RIEGO (MIDAGRI),Lima,Agricultura y Riego,I Trimestre,42cfa9dcad77
TALLER,VIRTUAL,REGISTRO DE INFORMACIÓN DE BIENES INMUEBLES Y SU ASEGURAMIENTO EN EL REPOSITORIO DE BIENES DE LA DIRECCIÓN GENERAL DE ABASTECIMIENTO,2026-01-09,2026-01,Femenino,Mayor a 61 años,Nacional,INSTITUTO NACIONAL DE REHABILITACION DRA. ADRIANA REBAZA FLORES AMISTAD PERU JAPON,Lima,Salud,I Trimestre,7853504f93e5
TALLER,VIRTUAL,REGISTRO DE INFORMACIÓN DE BIENES INMUEBLES Y SU ASEGURAMIENTO EN EL REPOSITORIO DE BIENES DE LA DIRECCIÓN GENERAL DE ABASTECIMIENTO,2026-01-09,2026-01,Femenino,Entre 20 y 30 años,Nacional,FRENTE POLICIAL PUNO,Puno,Interior,I Trimestre,5cf4f8e90bf1
TALLER,VIRTUAL,REGISTRO DE INFORMACIÓN DE BIENES INMUEBLES Y SU ASEGURAMIENTO EN EL REPOSITORIO DE BIENES DE LA DIRECCIÓN GENERAL DE ABASTECIMIENTO,2026-01-09,2026-01,Masculino,Entre 41 y 50 años,Nacional,AUTORIDAD NACIONAL DE INFRAESTRUCTURA,Lima,Presidencia del Consejo de Ministros,I Trimestre,eb7b2857fd98
TALLER,VIRTUAL,REGISTRO DE INFORMACIÓN DE BIENES INMUEBLES Y SU ASEGURAMIENTO EN EL REPOSITORIO DE BIENES DE LA DIRECCIÓN GENERAL DE ABASTECIMIENTO,2026-01-09,2026-01,Femenino,Entre 51 y 60 años,Local,Municipalidad Provincial del Callao,Lima,Gobiernos Locales,I Trimestre,11fb3c279a95
TALLER,VIRTUAL,REGISTRO DE INFORMACIÓN DE BIENES INMUEBLES Y SU ASEGURAMIENTO EN EL REPOSITORIO DE BIENES DE LA DIRECCIÓN GENERAL DE ABASTECIMIENTO,2026-01-09,2026-01,Femenino,Mayor a 61 años,Nacional,HOSPITAL CARLOS LANFRANCO LA HOZ,Lima,Salud,I Trimestre,1e9a03b7482b
TALLER,VIRTUAL,REGISTRO DE INFORMACIÓN DE BIENES INMUEBLES Y SU ASEGURAMIENTO EN EL REPOSITORIO DE BIENES DE LA DIRECCIÓN GENERAL DE ABASTECIMIENTO,2026-01-09,2026-01,Masculino,Entre 31 y 40 años,Nacional,SUPERINTENDENCIA NACIONAL DE EDUCACION SUPERIOR UNIVERSITARIA (SUNEDU),Lima,Educación,I Trimestre,47f9ed0a3ccf
TALLER,VIRTUAL,REGISTRO DE INFORMACIÓN DE BIENES INMUEBLES Y SU ASEGURAMIENTO EN EL REPOSITORIO DE BIENES DE LA DIRECCIÓN GENERAL DE ABASTECIMIENTO,2026-01-09,2026-01,Masculino,Entre 41 y 50 años,Nacional,HOSPITAL NACIONAL DOS DE MAYO,Lima,Salud,I Trimestre,cf27cb15a47b
TALLER,VIRTUAL,REGISTRO DE INFORMACIÓN DE BIENES INMUEBLES Y SU ASEGURAMIENTO EN EL REPOSITORIO DE BIENES DE LA DIRECCIÓN GENERAL DE ABASTECIMIENTO,2026-01-09,2026-01,Masculino,Mayor a 61 años,Nacional,HOSPITAL SAN JUAN DE LURIGANCHO,Lima,Salud,I Trimestre,35f09af5ef56
TALLER,VIRTUAL,REGISTRO DE INFORMACIÓN DE BIENES INMUEBLES Y SU ASEGURAMIENTO EN EL REPOSITORIO DE BIENES DE LA DIRECCIÓN GENERAL DE ABASTECIMIENTO,2026-01-09,2026-01,Masculino,Entre 31 y 40 años,Opd,FONDO METROPOLITANO DE INVERSIONES (INVERMET),Lima,Gobiernos Locales,I Trimestre,b944adeacc27
TALLER,VIRTUAL,REGISTRO DE INFORMACIÓN DE BIENES INMUEBLES Y SU ASEGURAMIENTO EN EL REPOSITORIO DE BIENES DE LA DIRECCIÓN GENERAL DE ABASTECIMIENTO,2026-01-09,2026-01,Masculino,Entre 51 y 60 años,Nacional,UNIVERSIDAD NACIONAL DE EDUCACION ENRIQUE GUZMAN Y VALLE,Lima,Educación,I Trimestre,62e634f7badd
TALLER,VIRTUAL,REGISTRO DE INFORMACIÓN DE BIENES INMUEBLES Y SU ASEGURAMIENTO EN EL REPOSITORIO DE BIENES DE LA DIRECCIÓN GENERAL DE ABASTECIMIENTO,2026-01-09,2026-01,Femenino,Entre 20 y 30 años,Local,MUNICIPALIDAD DISTRITAL DE SUPE,Lima,Gobiernos Locales,I Trimestre,4dc4e8bbb1ab
TALLER,VIRTUAL,REGISTRO DE INFORMACIÓN DE BIENES INMUEBLES Y SU ASEGURAMIENTO EN EL REPOSITORIO DE BIENES DE LA DIRECCIÓN GENERAL DE ABASTECIMIENTO,2026-01-09,2026-01,Masculino,Entre 51 y 60 años,Nacional,CORTE SUPERIOR DE JUSTICIA DEL CALLAO,Callao,Poder Judicial,I Trimestre,9c9101e7323d
TALLER,VIRTUAL,REGISTRO DE INFORMACIÓN DE BIENES INMUEBLES Y SU ASEGURAMIENTO EN EL REPOSITORIO DE BIENES DE LA DIRECCIÓN GENERAL DE ABASTECIMIENTO,2026-01-09,2026-01,Masculino,Entre 20 y 30 años,Nacional,PROGRAMA NACIONAL CUNA MAS - PNCM,Lima,Desarrollo e Inclusión Social,I Trimestre,893080cbe897
TALLER,VIRTUAL,REGISTRO DE INFORMACIÓN DE BIENES INMUEBLES Y SU ASEGURAMIENTO EN EL REPOSITORIO DE BIENES DE LA DIRECCIÓN GENERAL DE ABASTECIMIENTO,2026-01-09,2026-01,Masculino,Entre 41 y 50 años,Nacional,MINISTERIO DE CULTURA - ADMINISTRACION GENERAL,Lima,Cultura,I Trimestre,9c233455330a
TALLER,VIRTUAL,REGISTRO DE INFORMACIÓN DE BIENES INMUEBLES Y SU ASEGURAMIENTO EN EL REPOSITORIO DE BIENES DE LA DIRECCIÓN GENERAL DE ABASTECIMIENTO,2026-01-09,2026-01,Masculino,Entre 41 y 50 años,Local,MUNICIPALIDAD PROVINCIAL DE HUARAL,Lima,Otros,I Trimestre,b75d6e8d70c1
TALLER,VIRTUAL,REGISTRO DE INFORMACIÓN DE BIENES INMUEBLES Y SU ASEGURAMIENTO EN EL REPOSITORIO DE BIENES DE LA DIRECCIÓN GENERAL DE ABASTECIMIENTO,2026-01-09,2026-01,Femenino,Entre 31 y 40 años,Nacional,VII DIRECCION TERRITORIAL DE POLICIA LIMA,Lima,Otros,I Trimestre,b2fd08bfd63f
TALLER,VIRTUAL,REGISTRO DE INFORMACIÓN DE BIENES INMUEBLES Y SU ASEGURAMIENTO EN EL REPOSITORIO DE BIENES DE LA DIRECCIÓN GENERAL DE ABASTECIMIENTO,2026-01-09,2026-01,Femenino,Entre 31 y 40 años,Local,MUNICIPALIDAD DISTRITAL DE SANTA CRUZ DE FLORES,Lima,Gobiernos Locales,I Trimestre,f78d9c538d50
TALLER,VIRTUAL,REGISTRO DE INFORMACIÓN DE BIENES INMUEBLES Y SU ASEGURAMIENTO EN EL REPOSITORIO DE BIENES DE LA DIRECCIÓN GENERAL DE ABASTECIMIENTO,2026-01-09,2026-01,Masculino,Entre 41 y 50 años,Nacional,AGROMERCADO,Lima,Agricultura y Riego,I Trimestre,f59a04d95321
TALLER,VIRTUAL,REGISTRO DE INFORMACIÓN DE BIENES INMUEBLES Y SU ASEGURAMIENTO EN EL REPOSITORIO DE BIENES DE LA DIRECCIÓN GENERAL DE ABASTECIMIENTO,2026-01-09,2026-01,Masculino,Entre 41 y 50 años,Nacional,PROGRAMA NACIONAL DE INFRAESTRUCTURA EDUCATIVA,Lima,Educación,I Trimestre,546a4b1df5e2
TALLER,VIRTUAL,REGISTRO DE INFORMACIÓN DE BIENES INMUEBLES Y SU ASEGURAMIENTO EN EL REPOSITORIO DE BIENES DE LA DIRECCIÓN GENERAL DE ABASTECIMIENTO,2026-01-09,2026-01,Femenino,Mayor a 61 años,Nacional,CENTRO DE FORMACION EN TURISMO (CENFOTUR),Lima,Comercio Exterior y Turismo,I Trimestre,6a2caeb24750
TALLER,VIRTUAL,REGISTRO DE INFORMACIÓN DE BIENES INMUEBLES Y SU ASEGURAMIENTO EN EL REPOSITORIO DE BIENES DE LA DIRECCIÓN GENERAL DE ABASTECIMIENTO,2026-01-09,2026-01,Masculino,Entre 41 y 50 años,Nacional,AUTORIDAD PORTUARIA NACIONAL,Callao,Transportes y Comunicaciones,I Trimestre,db5a90625712
TALLER,VIRTUAL,REGISTRO DE INFORMACIÓN DE BIENES INMUEBLES Y SU ASEGURAMIENTO EN EL REPOSITORIO DE BIENES DE LA DIRECCIÓN GENERAL DE ABASTECIMIENTO,2026-01-09,2026-01,Femenino,Entre 31 y 40 años,Nacional,DIRECCION DE ECONOMIA Y FINANZAS DE LA POLICIA NACIONAL DEL PERU,Lima,Interior,I Trimestre,1f84f831b1a3
TALLER,VIRTUAL,REGISTRO DE INFORMACIÓN DE BIENES INMUEBLES Y SU ASEGURAMIENTO EN EL REPOSITORIO DE BIENES DE LA DIRECCIÓN GENERAL DE ABASTECIMIENTO,2026-01-09,2026-01,Masculino,Entre 31 y 40 años,Nacional,UNIDAD DE GESTION EDUCATIVA LOCAL N° 02 - SAN MARTIN DE PORRES,Lima,Educación,I Trimestre,8affda4b57db
TALLER,VIRTUAL,REGISTRO DE INFORMACIÓN DE BIENES INMUEBLES Y SU ASEGURAMIENTO EN EL REPOSITORIO DE BIENES DE LA DIRECCIÓN GENERAL DE ABASTECIMIENTO,2026-01-09,2026-01,Masculino,Entre 41 y 50 años,Nacional,AGENCIA DE PROMOCION DE LA INVERSION PRIVADA (PROINVERSION),Lima,Economía y Finanzas,I Trimestre,cf5eebcfb0ea
TALLER,VIRTUAL,REGISTRO DE INFORMACIÓN DE BIENES INMUEBLES Y SU ASEGURAMIENTO EN EL REPOSITORIO DE BIENES DE LA DIRECCIÓN GENERAL DE ABASTECIMIENTO,2026-01-09,2026-01,Femenino,Entre 41 y 50 años,Nacional,MINISTERIO DE DESARROLLO AGRARIO Y RIEGO (MIDAGRI),Lima,Agricultura y Riego,I Trimestre,820a93411d73
TALLER,VIRTUAL,REGISTRO DE INFORMACIÓN DE BIENES INMUEBLES Y SU ASEGURAMIENTO EN EL REPOSITORIO DE BIENES DE LA DIRECCIÓN GENERAL DE ABASTECIMIENTO,2026-01-09,2026-01,Femenino,Mayor a 61 años,Nacional,FONDO DE COOPERACION PARA EL DESARROLLO SOCIAL - FONCODES,Lima,Desarrollo e Inclusión Social,I Trimestre,a1d2abc94afa
TALLER,VIRTUAL,REGISTRO DE INFORMACIÓN DE BIENES INMUEBLES Y SU ASEGURAMIENTO EN EL REPOSITORIO DE BIENES DE LA DIRECCIÓN GENERAL DE ABASTECIMIENTO,2026-01-09,2026-01,Femenino,Entre 41 y 50 años,Nacional,AUTORIDAD PORTUARIA NACIONAL,Callao,Transportes y Comunicaciones,I Trimestre,a0f892e5e3ff
TALLER,VIRTUAL,REGISTRO DE INFORMACIÓN DE BIENES INMUEBLES Y SU ASEGURAMIENTO EN EL REPOSITORIO DE BIENES DE LA DIRECCIÓN GENERAL DE ABASTECIMIENTO,2026-01-09,2026-01,Masculino,Mayor a 61 años,Nacional,ORGANISMO DE ESTUDIOS Y DISEÑO DE PROYECTOS DE INVERSION (OEDI),Lima,Presidencia del Consejo de Ministros,I Trimestre,c637bc5bdbb1
TALLER,VIRTUAL,REGISTRO DE INFORMACIÓN DE BIENES INMUEBLES Y SU ASEGURAMIENTO EN EL REPOSITORIO DE BIENES DE LA DIRECCIÓN GENERAL DE ABASTECIMIENTO,2026-01-09,2026-01,Femenino,Entre 20 y 30 años,Local,MUNICIPALIDAD DISTRITAL DE BREÑA,Lima,Gobiernos Locales,I Trimestre,599469b2e0f3
TALLER,VIRTUAL,REGISTRO DE INFORMACIÓN DE BIENES INMUEBLES Y SU ASEGURAMIENTO EN EL REPOSITORIO DE BIENES DE LA DIRECCIÓN GENERAL DE ABASTECIMIENTO,2026-01-09,2026-01,Femenino,Entre 41 y 50 años,Nacional,CENTRO NACIONAL DE ABASTECIMIENTO DE RECURSOS ESTRATEGICOS EN SALUD,Lima,Salud,I Trimestre,332c33fa06a9
TALLER,VIRTUAL,REGISTRO DE INFORMACIÓN DE BIENES INMUEBLES Y SU ASEGURAMIENTO EN EL REPOSITORIO DE BIENES DE LA DIRECCIÓN GENERAL DE ABASTECIMIENTO,2026-01-09,2026-01,Masculino,Entre 41 y 50 años,Nacional,MARINA DE GUERRA DEL PERU,Callao,Defensa,I Trimestre,2f1c0ea424f8
TALLER,VIRTUAL,REGISTRO DE INFORMACIÓN DE BIENES INMUEBLES Y SU ASEGURAMIENTO EN EL REPOSITORIO DE BIENES DE LA DIRECCIÓN GENERAL DE ABASTECIMIENTO,2026-01-09,2026-01,Masculino,Mayor a 61 años,Nacional,ORGANISMO SUPERVISOR DE LA INVERSION EN ENERGIA Y MINERIA (OSINERGMIN),Lima,Presidencia del Consejo de Ministros,I Trimestre,333211721188
TALLER,VIRTUAL,REGISTRO DE INFORMACIÓN DE BIENES INMUEBLES Y SU ASEGURAMIENTO EN EL REPOSITORIO DE BIENES DE LA DIRECCIÓN GENERAL DE ABASTECIMIENTO,2026-01-09,2026-01,Masculino,Entre 51 y 60 años,Nacional,PROVIAS NACIONAL,Lima,Transportes y Comunicaciones,I Trimestre,00924a7f5f44
TALLER,VIRTUAL,REGISTRO DE INFORMACIÓN DE BIENES INMUEBLES Y SU ASEGURAMIENTO EN EL REPOSITORIO DE BIENES DE LA DIRECCIÓN GENERAL DE ABASTECIMIENTO,2026-01-09,2026-01,Masculino,Entre 31 y 40 años,Local,MUNICIPALIDAD DISTRITAL DE SANTA MARIA,Lima,Gobiernos Locales,I Trimestre,d58ed92c4a18
TALLER,VIRTUAL,REGISTRO DE INFORMACIÓN DE BIENES INMUEBLES Y SU ASEGURAMIENTO EN EL REPOSITORIO DE BIENES DE LA DIRECCIÓN GENERAL DE ABASTECIMIENTO,2026-01-09,2026-01,Masculino,Entre 31 y 40 años,Nacional,ORGANISMO ESPECIALIZADO PARA LAS CONTRATACIONES PUBLICAS EFICIENTES - OECE,Lima,Economía y Finanzas,I Trimestre,67294da11b5e
TALLER,VIRTUAL,REGISTRO DE INFORMACIÓN DE BIENES INMUEBLES Y SU ASEGURAMIENTO EN EL REPOSITORIO DE BIENES DE LA DIRECCIÓN GENERAL DE ABASTECIMIENTO,2026-01-09,2026-01,Femenino,Entre 31 y 40 años,Nacional,UNIVERSIDAD NACIONAL DE BARRANCA (UNAB),Lima,Educación,I Trimestre,c4d9135d5bce
TALLER,VIRTUAL,REGISTRO DE INFORMACIÓN DE BIENES INMUEBLES Y SU ASEGURAMIENTO EN EL REPOSITORIO DE BIENES DE LA DIRECCIÓN GENERAL DE ABASTECIMIENTO,2026-01-09,2026-01,Femenino,Entre 41 y 50 años,Nacional,ORGANISMO ESPECIALIZADO PARA LAS CONTRATACIONES PUBLICAS EFICIENTES - OECE,Lima,Economía y Finanzas,I Trimestre,0c18e04be53c
TALLER,VIRTUAL,REGISTRO DE INFORMACIÓN DE BIENES INMUEBLES Y SU ASEGURAMIENTO EN EL REPOSITORIO DE BIENES DE LA DIRECCIÓN GENERAL DE ABASTECIMIENTO,2026-01-09,2026-01,Femenino,Entre 51 y 60 años,Opd,PATRONATO DEL PARQUE DE LAS LEYENDAS FELIPE BENAVIDES BARREDA,Lima,Gobiernos Locales,I Trimestre,ffe858901196
TALLER,VIRTUAL,REGISTRO DE INFORMACIÓN DE BIENES INMUEBLES Y SU ASEGURAMIENTO EN EL REPOSITORIO DE BIENES DE LA DIRECCIÓN GENERAL DE ABASTECIMIENTO,2026-01-09,2026-01,Femenino,Entre 51 y 60 años,Nacional,AUTORIDAD DE TRANSPORTE URBANO PARA LIMA Y CALLAO - ATU,Lima,Transportes y Comunicaciones,I Trimestre,76b0f1a67dd7
TALLER,VIRTUAL,REGISTRO DE INFORMACIÓN DE BIENES INMUEBLES Y SU ASEGURAMIENTO EN EL REPOSITORIO DE BIENES DE LA DIRECCIÓN GENERAL DE ABASTECIMIENTO,2026-01-09,2026-01,Femenino,Entre 51 y 60 años,Nacional,MINISTERIO DE ECONOMIA Y FINANZAS (MEF),Lima,Economía y Finanzas,I Trimestre,67af4214be81
TALLER,VIRTUAL,REGISTRO DE INFORMACIÓN DE BIENES INMUEBLES Y SU ASEGURAMIENTO EN EL REPOSITORIO DE BIENES DE LA DIRECCIÓN GENERAL DE ABASTECIMIENTO,2026-01-09,2026-01,Femenino,Entre 41 y 50 años,Nacional,MINISTERIO DE EDUCACION (MINEDU),Lima,Educación,I Trimestre,0b97dd5e43a9
TALLER,VIRTUAL,REGISTRO DE INFORMACIÓN DE BIENES INMUEBLES Y SU ASEGURAMIENTO EN EL REPOSITORIO DE BIENES DE LA DIRECCIÓN GENERAL DE ABASTECIMIENTO,2026-01-09,2026-01,Masculino,Entre 20 y 30 años,Nacional,MINISTERIO DE DEFENSA (MINDEF),Lima,Defensa,I Trimestre,abd32577fb51
TALLER,VIRTUAL,REGISTRO DE INFORMACIÓN DE BIENES INMUEBLES Y SU ASEGURAMIENTO EN EL REPOSITORIO DE BIENES DE LA DIRECCIÓN GENERAL DE ABASTECIMIENTO,2026-01-09,2026-01,Masculino,Entre 41 y 50 años,Nacional,ORGANISMO SUPERVISOR DE LA INVERSION EN ENERGIA Y MINERIA (OSINERGMIN),Lima,Presidencia del Consejo de Ministros,I Trimestre,8b8fa7ff6f0e
TALLER,VIRTUAL,REGISTRO DE INFORMACIÓN DE BIENES INMUEBLES Y SU ASEGURAMIENTO EN EL REPOSITORIO DE BIENES DE LA DIRECCIÓN GENERAL DE ABASTECIMIENTO,2026-01-09,2026-01,Masculino,Entre 20 y 30 años,Nacional,DIRECCION DE REDES INTEGRADAS DE SALUD LIMA ESTE,Lima,Relaciones Exteriores,I Trimestre,abfa86c2484e
TALLER,VIRTUAL,REGISTRO DE INFORMACIÓN DE BIENES INMUEBLES Y SU ASEGURAMIENTO EN EL REPOSITORIO DE BIENES DE LA DIRECCIÓN GENERAL DE ABASTECIMIENTO,2026-01-09,2026-01,Masculino,Entre 41 y 50 años,Regional,GOBIERNO REGIONAL DEL CALLAO,Callao,Gobiernos Regionales,I Trimestre,8c9be02d4bcb
TALLER,VIRTUAL,REGISTRO DE INFORMACIÓN DE BIENES INMUEBLES Y SU ASEGURAMIENTO EN EL REPOSITORIO DE BIENES DE LA DIRECCIÓN GENERAL DE ABASTECIMIENTO,2026-01-09,2026-01,Masculino,Entre 41 y 50 años,Opd,PATRONATO DEL PARQUE DE LAS LEYENDAS FELIPE BENAVIDES BARREDA,Lima,Cultura,I Trimestre,10c6a8e1cd18
TALLER,VIRTUAL,REGISTRO DE INFORMACIÓN DE BIENES INMUEBLES Y SU ASEGURAMIENTO EN EL REPOSITORIO DE BIENES DE LA DIRECCIÓN GENERAL DE ABASTECIMIENTO,2026-01-09,2026-01,Femenino,Entre 31 y 40 años,Nacional,VII DIRECCION TERRITORIAL DE POLICIA LIMA,Lima,Interior,I Trimestre,a7a4135d04df
TALLER,VIRTUAL,REGISTRO DE INFORMACIÓN DE BIENES INMUEBLES Y SU ASEGURAMIENTO EN EL REPOSITORIO DE BIENES DE LA DIRECCIÓN GENERAL DE ABASTECIMIENTO,2026-01-09,2026-01,Masculino,Entre 20 y 30 años,Nacional,VII DIRECCION TERRITORIAL DE POLICIA LIMA,Lima,Interior,I Trimestre,e17a33187f24
TALLER,VIRTUAL,REGISTRO DE INFORMACIÓN DE BIENES INMUEBLES Y SU ASEGURAMIENTO EN EL REPOSITORIO DE BIENES DE LA DIRECCIÓN GENERAL DE ABASTECIMIENTO,2026-01-09,2026-01,Masculino,Entre 41 y 50 años,Opd,PATRONATO DEL PARQUE DE LAS LEYENDAS FELIPE BENAVIDES BARREDA,Lima,Otros,I Trimestre,74e71324315d
TALLER,VIRTUAL,REGISTRO DE INFORMACIÓN DE BIENES INMUEBLES Y SU ASEGURAMIENTO EN EL REPOSITORIO DE BIENES DE LA DIRECCIÓN GENERAL DE ABASTECIMIENTO,2026-01-09,2026-01,Masculino,Entre 20 y 30 años,Nacional,HOSPITAL SAN JUAN DE LURIGANCHO,Lima,Salud,I Trimestre,489defdea554
TALLER,VIRTUAL,REGISTRO DE INFORMACIÓN DE BIENES INMUEBLES Y SU ASEGURAMIENTO EN EL REPOSITORIO DE BIENES DE LA DIRECCIÓN GENERAL DE ABASTECIMIENTO,2026-01-09,2026-01,Masculino,Entre 51 y 60 años,Nacional,VII DIRECCION TERRITORIAL DE POLICIA LIMA,Lima,Fuero Militar Policial,I Trimestre,04da7be625af
TALLER,VIRTUAL,REGISTRO DE INFORMACIÓN DE BIENES INMUEBLES Y SU ASEGURAMIENTO EN EL REPOSITORIO DE BIENES DE LA DIRECCIÓN GENERAL DE ABASTECIMIENTO,2026-01-09,2026-01,Masculino,Mayor a 61 años,Nacional,UNIVERSIDAD NACIONAL JOSE FAUSTINO SANCHEZ CARRION,Lima,Educación,I Trimestre,29474894a38a
TALLER,VIRTUAL,REGISTRO DE INFORMACIÓN DE BIENES INMUEBLES Y SU ASEGURAMIENTO EN EL REPOSITORIO DE BIENES DE LA DIRECCIÓN GENERAL DE ABASTECIMIENTO,2026-01-09,2026-01,Masculino,Entre 51 y 60 años,Nacional,AUTORIDAD NACIONAL DEL CONTROL DEL MINISTERIO PUBLICO,Lima,Ministerio Público,I Trimestre,98f9955cbe0f
TALLER,VIRTUAL,REGISTRO DE INFORMACIÓN DE BIENES INMUEBLES Y SU ASEGURAMIENTO EN EL REPOSITORIO DE BIENES DE LA DIRECCIÓN GENERAL DE ABASTECIMIENTO,2026-01-09,2026-01,Masculino,Entre 31 y 40 años,Nacional,ORGANISMO SUPERVISOR DE LA INVERSION EN ENERGIA Y MINERIA (OSINERGMIN),Lima,Presidencia del Consejo de Ministros,I Trimestre,a66a996d07ad
TALLER,VIRTUAL,REGISTRO DE INFORMACIÓN DE BIENES INMUEBLES Y SU ASEGURAMIENTO EN EL REPOSITORIO DE BIENES DE LA DIRECCIÓN GENERAL DE ABASTECIMIENTO,2026-01-09,2026-01,Femenino,Entre 41 y 50 años,Nacional,CORTE SUPERIOR DE JUSTICIA DE HUAURA,Lima,Poder Judicial,I Trimestre,83fe5c806f27
TALLER,VIRTUAL,REGISTRO DE INFORMACIÓN DE BIENES INMUEBLES Y SU ASEGURAMIENTO EN EL REPOSITORIO DE BIENES DE LA DIRECCIÓN GENERAL DE ABASTECIMIENTO,2026-01-09,2026-01,Masculino,Entre 51 y 60 años,Nacional,DEFENSORIA DEL PUEBLO,Lima,Defensoría del Pueblo,I Trimestre,885490702f7b
TALLER,VIRTUAL,REGISTRO DE INFORMACIÓN DE BIENES INMUEBLES Y SU ASEGURAMIENTO EN EL REPOSITORIO DE BIENES DE LA DIRECCIÓN GENERAL DE ABASTECIMIENTO,2026-01-09,2026-01,Masculino,Mayor a 61 años,Nacional,INSTITUTO NACIONAL PENITENCIARIO (INPE),Lima,Justicia y Derechos Humanos,I Trimestre,416c00b75bd4
TALLER,VIRTUAL,REGISTRO DE INFORMACIÓN DE BIENES INMUEBLES Y SU ASEGURAMIENTO EN EL REPOSITORIO DE BIENES DE LA DIRECCIÓN GENERAL DE ABASTECIMIENTO,2026-01-09,2026-01,Masculino,Mayor a 61 años,Nacional,SERVICIO NACIONAL DE METEOROLOGIA E HIDROLOGIA (SENAMHI),Lima,Ambiente,I Trimestre,c91244fe2910
TALLER,VIRTUAL,REGISTRO DE INFORMACIÓN DE BIENES INMUEBLES Y SU ASEGURAMIENTO EN EL REPOSITORIO DE BIENES DE LA DIRECCIÓN GENERAL DE ABASTECIMIENTO,2026-01-09,2026-01,Masculino,Entre 31 y 40 años,Nacional,VII DIRECCION TERRITORIAL DE POLICIA LIMA,Lima,Interior,I Trimestre,c6847b68a039
TALLER,VIRTUAL,REGISTRO DE INFORMACIÓN DE BIENES INMUEBLES Y SU ASEGURAMIENTO EN EL REPOSITORIO DE BIENES DE LA DIRECCIÓN GENERAL DE ABASTECIMIENTO,2026-01-09,2026-01,Masculino,Mayor a 61 años,Nacional,MINISTERIO DE EDUCACION (MINEDU),Lima,Educación,I Trimestre,a81eda57987d
TALLER,VIRTUAL,REGISTRO DE INFORMACIÓN DE BIENES INMUEBLES Y SU ASEGURAMIENTO EN EL REPOSITORIO DE BIENES DE LA DIRECCIÓN GENERAL DE ABASTECIMIENTO,2026-01-09,2026-01,Masculino,Entre 31 y 40 años,Nacional,MARINA DE GUERRA DEL PERU,Lima,Defensa,I Trimestre,7804440704c6
TALLER,VIRTUAL,REGISTRO DE INFORMACIÓN DE BIENES INMUEBLES Y SU ASEGURAMIENTO EN EL REPOSITORIO DE BIENES DE LA DIRECCIÓN GENERAL DE ABASTECIMIENTO,2026-01-09,2026-01,Femenino,Entre 51 y 60 años,Nacional,INSTITUTO NACIONAL DE DEFENSA DE LA COMPETENCIA Y DE LA PROTECCION DE LA PROPIEDAD INTELECTUAL (INDECOPI),Lima,Presidencia del Consejo de Ministros,I Trimestre,102ae16886b6
TALLER,VIRTUAL,REGISTRO DE INFORMACIÓN DE BIENES INMUEBLES Y SU ASEGURAMIENTO EN EL REPOSITORIO DE BIENES DE LA DIRECCIÓN GENERAL DE ABASTECIMIENTO,2026-01-09,2026-01,Masculino,Entre 51 y 60 años,Nacional,DIRECCION TERRITORIAL DE POLICIA - CUSCO,Cusco,Interior,I Trimestre,2c50b7ccb232
TALLER,VIRTUAL,REGISTRO DE INFORMACIÓN DE BIENES INMUEBLES Y SU ASEGURAMIENTO EN EL REPOSITORIO DE BIENES DE LA DIRECCIÓN GENERAL DE ABASTECIMIENTO,2026-01-09,2026-01,Masculino,Entre 41 y 50 años,Nacional,HOSPITAL NACIONAL VICTOR LARCO HERRERA (HVLH),Lima,Salud,I Trimestre,e99340aa697f
TALLER,VIRTUAL,REGISTRO DE INFORMACIÓN DE BIENES INMUEBLES Y SU ASEGURAMIENTO EN EL REPOSITORIO DE BIENES DE LA DIRECCIÓN GENERAL DE ABASTECIMIENTO,2026-01-09,2026-01,Masculino,Entre 31 y 40 años,Nacional,UNIDAD DE COORDINACION DE PROYECTOS DEL PODER JUDICIAL,Lima,Poder Judicial,I Trimestre,88ab3dc2e27f
TALLER,VIRTUAL,REGISTRO DE INFORMACIÓN DE BIENES INMUEBLES Y SU ASEGURAMIENTO EN EL REPOSITORIO DE BIENES DE LA DIRECCIÓN GENERAL DE ABASTECIMIENTO,2026-01-09,2026-01,Masculino,Entre 31 y 40 años,Opd,SERVICIO DE PARQUES DE LIMA (SERPAR),Lima,Gobiernos Locales,I Trimestre,cfc47daebce7
TALLER,VIRTUAL,REGISTRO DE INFORMACIÓN DE BIENES INMUEBLES Y SU ASEGURAMIENTO EN EL REPOSITORIO DE BIENES DE LA DIRECCIÓN GENERAL DE ABASTECIMIENTO,2026-01-09,2026-01,Masculino,Entre 51 y 60 años,Nacional,DIRECCION DE ECONOMIA Y FINANZAS DE LA POLICIA NACIONAL DEL PERU,Lima,Interior,I Trimestre,bb51cd1247e5
TALLER,VIRTUAL,REGISTRO DE INFORMACIÓN DE BIENES INMUEBLES Y SU ASEGURAMIENTO EN EL REPOSITORIO DE BIENES DE LA DIRECCIÓN GENERAL DE ABASTECIMIENTO,2026-01-09,2026-01,Femenino,Entre 51 y 60 años,Nacional,VII DIRECCION TERRITORIAL DE POLICIA LIMA,Lima,Interior,I Trimestre,06ff3732030c
TALLER,VIRTUAL,REGISTRO DE INFORMACIÓN DE BIENES INMUEBLES Y SU ASEGURAMIENTO EN EL REPOSITORIO DE BIENES DE LA DIRECCIÓN GENERAL DE ABASTECIMIENTO,2026-01-09,2026-01,Masculino,Mayor a 61 años,Nacional,AUTORIDAD DE TRANSPORTE URBANO PARA LIMA Y CALLAO - ATU,Lima,Transportes y Comunicaciones,I Trimestre,2bb5e1cee343
TALLER,VIRTUAL,REGISTRO DE INFORMACIÓN DE BIENES INMUEBLES Y SU ASEGURAMIENTO EN EL REPOSITORIO DE BIENES DE LA DIRECCIÓN GENERAL DE ABASTECIMIENTO,2026-01-09,2026-01,Masculino,Entre 41 y 50 años,Local,MUNICIPALIDAD DISTRITAL DE BARRANCO,Lima,Gobiernos Locales,I Trimestre,c011eb3e60a6
TALLER,VIRTUAL,REGISTRO DE INFORMACIÓN DE BIENES INMUEBLES Y SU ASEGURAMIENTO EN EL REPOSITORIO DE BIENES DE LA DIRECCIÓN GENERAL DE ABASTECIMIENTO,2026-01-09,2026-01,Masculino,Entre 51 y 60 años,Fonafe,SEGURO SOCIAL DE SALUD,Lima,Trabajo y Promoción del Empleo,I Trimestre,4a1a05bd1a2f
TALLER,VIRTUAL,REGISTRO DE INFORMACIÓN DE BIENES INMUEBLES Y SU ASEGURAMIENTO EN EL REPOSITORIO DE BIENES DE LA DIRECCIÓN GENERAL DE ABASTECIMIENTO,2026-01-09,2026-01,Femenino,Entre 31 y 40 años,Local,MUNICIPALIDAD DISTRITAL DE LURIGANCHO (CHOSICA),Lima,Gobiernos Locales,I Trimestre,80039d88a6fa
TALLER,VIRTUAL,REGISTRO DE INFORMACIÓN DE BIENES INMUEBLES Y SU ASEGURAMIENTO EN EL REPOSITORIO DE BIENES DE LA DIRECCIÓN GENERAL DE ABASTECIMIENTO,2026-01-09,2026-01,Femenino,Entre 41 y 50 años,Nacional,GESTION DE PROYECTOS Y FORTALECIMIENTO DE CAPACIDADES,Lima,Presidencia del Consejo de Ministros,I Trimestre,08a99f5b9ebc
TALLER,VIRTUAL,REGISTRO DE INFORMACIÓN DE BIENES INMUEBLES Y SU ASEGURAMIENTO EN EL REPOSITORIO DE BIENES DE LA DIRECCIÓN GENERAL DE ABASTECIMIENTO,2026-01-09,2026-01,Masculino,Entre 51 y 60 años,Nacional,VII DIRECCION TERRITORIAL DE POLICIA LIMA,Lima,Interior,I Trimestre,5fb3fa40f8be
TALLER,VIRTUAL,REGISTRO DE INFORMACIÓN DE BIENES INMUEBLES Y SU ASEGURAMIENTO EN EL REPOSITORIO DE BIENES DE LA DIRECCIÓN GENERAL DE ABASTECIMIENTO,2026-01-09,2026-01,Femenino,Entre 41 y 50 años,Nacional,UNIDAD DE GESTION EDUCATIVA LOCAL N° 03 - CERCADO,Lima,Educación,I Trimestre,589637effff3
TALLER,VIRTUAL,REGISTRO DE INFORMACIÓN DE BIENES INMUEBLES Y SU ASEGURAMIENTO EN EL REPOSITORIO DE BIENES DE LA DIRECCIÓN GENERAL DE ABASTECIMIENTO,2026-01-09,2026-01,Femenino,Entre 51 y 60 años,Fonafe,SEGURO SOCIAL DE SALUD,Lima,Trabajo y Promoción del Empleo,I Trimestre,a8c8b9f2a851
TALLER,VIRTUAL,REGISTRO DE INFORMACIÓN DE BIENES INMUEBLES Y SU ASEGURAMIENTO EN EL REPOSITORIO DE BIENES DE LA DIRECCIÓN GENERAL DE ABASTECIMIENTO,2026-01-09,2026-01,Masculino,Entre 31 y 40 años,Nacional,Organismo Supervisor de la Inversion en Infraestructura de Transporte de Uso Publico - Ositran,Lima,Presidencia del Consejo de Ministros,I Trimestre,9cb46dbd47be
TALLER,VIRTUAL,REGISTRO DE INFORMACIÓN DE BIENES INMUEBLES Y SU ASEGURAMIENTO EN EL REPOSITORIO DE BIENES DE LA DIRECCIÓN GENERAL DE ABASTECIMIENTO,2026-01-09,2026-01,Masculino,Entre 20 y 30 años,Nacional,VII DIRECCION TERRITORIAL DE POLICIA LIMA,Lima,Interior,I Trimestre,8fc60e8d0598
TALLER,VIRTUAL,REGISTRO DE INFORMACIÓN DE BIENES INMUEBLES Y SU ASEGURAMIENTO EN EL REPOSITORIO DE BIENES DE LA DIRECCIÓN GENERAL DE ABASTECIMIENTO,2026-01-09,2026-01,Femenino,Entre 41 y 50 años,Nacional,VII DIRECCION TERRITORIAL DE POLICIA LIMA,Lima,Interior,I Trimestre,8d1538ad26eb
TALLER,VIRTUAL,REGISTRO DE INFORMACIÓN DE BIENES INMUEBLES Y SU ASEGURAMIENTO EN EL REPOSITORIO DE BIENES DE LA DIRECCIÓN GENERAL DE ABASTECIMIENTO,2026-01-09,2026-01,Femenino,Entre 41 y 50 años,Nacional,ZONA REGISTRAL NRO IX - SEDE LIMA,Lima,Justicia y Derechos Humanos,I Trimestre,99ac7f95054f
TALLER,VIRTUAL,REGISTRO DE INFORMACIÓN DE BIENES INMUEBLES Y SU ASEGURAMIENTO EN EL REPOSITORIO DE BIENES DE LA DIRECCIÓN GENERAL DE ABASTECIMIENTO,2026-01-09,2026-01,Masculino,Entre 20 y 30 años,Nacional,DIRECCION DE ECONOMIA Y FINANZAS DE LA POLICIA NACIONAL DEL PERU,Lima,Otros,I Trimestre,0152956c761f
TALLER,VIRTUAL,REGISTRO DE INFORMACIÓN DE BIENES INMUEBLES Y SU ASEGURAMIENTO EN EL REPOSITORIO DE BIENES DE LA DIRECCIÓN GENERAL DE ABASTECIMIENTO,2026-01-09,2026-01,Masculino,Entre 20 y 30 años,Nacional,ORGANISMO SUPERVISOR DE LA INVERSION EN ENERGIA Y MINERIA (OSINERGMIN),Lima,Presidencia del Consejo de Ministros,I Trimestre,03eb174b9777
TALLER,VIRTUAL,REGISTRO DE INFORMACIÓN DE BIENES INMUEBLES Y SU ASEGURAMIENTO EN EL REPOSITORIO DE BIENES DE LA DIRECCIÓN GENERAL DE ABASTECIMIENTO,2026-01-09,2026-01,Femenino,Entre 41 y 50 años,Nacional,SERVICIO NACIONAL DE METEOROLOGIA E HIDROLOGIA (SENAMHI),Lima,Ambiente,I Trimestre,3e8e5ba209d5
TALLER,VIRTUAL,REGISTRO DE INFORMACIÓN DE BIENES INMUEBLES Y SU ASEGURAMIENTO EN EL REPOSITORIO DE BIENES DE LA DIRECCIÓN GENERAL DE ABASTECIMIENTO,2026-01-09,2026-01,Masculino,Entre 31 y 40 años,Nacional,CORTE SUPERIOR DE JUSTICIA DEL CALLAO,Callao,Poder Judicial,I Trimestre,ed3b7c3a6f0d
TALLER,VIRTUAL,REGISTRO DE INFORMACIÓN DE BIENES INMUEBLES Y SU ASEGURAMIENTO EN EL REPOSITORIO DE BIENES DE LA DIRECCIÓN GENERAL DE ABASTECIMIENTO,2026-01-09,2026-01,Femenino,Entre 41 y 50 años,Nacional,CENTRO NACIONAL DE ABASTECIMIENTO DE RECURSOS ESTRATEGICOS EN SALUD,Lima,Salud,I Trimestre,15f80c7421cf
TALLER,VIRTUAL,REGISTRO DE INFORMACIÓN DE BIENES INMUEBLES Y SU ASEGURAMIENTO EN EL REPOSITORIO DE BIENES DE LA DIRECCIÓN GENERAL DE ABASTECIMIENTO,2026-01-09,2026-01,Masculino,Entre 31 y 40 años,Opd,PATRONATO DEL PARQUE DE LAS LEYENDAS FELIPE BENAVIDES BARREDA,Lima,Otros,I Trimestre,1ec89d5b65c0
TALLER,VIRTUAL,REGISTRO DE INFORMACIÓN DE BIENES INMUEBLES Y SU ASEGURAMIENTO EN EL REPOSITORIO DE BIENES DE LA DIRECCIÓN GENERAL DE ABASTECIMIENTO,2026-01-09,2026-01,Femenino,Entre 31 y 40 años,Regional,UNIDAD EJECUTORA HOSPITAL DE REHABILITACION DEL CALLAO,Callao,Salud,I Trimestre,1b205879c0cc
TALLER,VIRTUAL,REGISTRO DE INFORMACIÓN DE BIENES INMUEBLES Y SU ASEGURAMIENTO EN EL REPOSITORIO DE BIENES DE LA DIRECCIÓN GENERAL DE ABASTECIMIENTO,2026-01-09,2026-01,Masculino,Entre 41 y 50 años,Nacional,CENTRO DE FORMACION EN TURISMO (CENFOTUR),Lima,Comercio Exterior y Turismo,I Trimestre,3efe7828dbfc
TALLER,VIRTUAL,REGISTRO DE INFORMACIÓN DE BIENES INMUEBLES Y SU ASEGURAMIENTO EN EL REPOSITORIO DE BIENES DE LA DIRECCIÓN GENERAL DE ABASTECIMIENTO,2026-01-09,2026-01,Femenino,Entre 31 y 40 años,Nacional,MINISTERIO DE DEFENSA (MINDEF),Lima,Defensa,I Trimestre,446a6d3d588a
TALLER,VIRTUAL,REGISTRO DE INFORMACIÓN DE BIENES INMUEBLES Y SU ASEGURAMIENTO EN EL REPOSITORIO DE BIENES DE LA DIRECCIÓN GENERAL DE ABASTECIMIENTO,2026-01-09,2026-01,Femenino,Entre 41 y 50 años,Nacional,PROGRAMA NACIONAL CUNA MAS - PNCM,Lima,Otros,I Trimestre,33ec5114f3e8
TALLER,VIRTUAL,REGISTRO DE INFORMACIÓN DE BIENES INMUEBLES Y SU ASEGURAMIENTO EN EL REPOSITORIO DE BIENES DE LA DIRECCIÓN GENERAL DE ABASTECIMIENTO,2026-01-09,2026-01,Femenino,Entre 20 y 30 años,Regional,UNIDAD DE GESTION EDUCATIVA LOCAL N° 13 YAUYO,Lima,Educación,I Trimestre,512814062261
TALLER,VIRTUAL,REGISTRO DE INFORMACIÓN DE BIENES INMUEBLES Y SU ASEGURAMIENTO EN EL REPOSITORIO DE BIENES DE LA DIRECCIÓN GENERAL DE ABASTECIMIENTO,2026-01-09,2026-01,Masculino,Entre 20 y 30 años,Local,MUNICIPALIDAD DISTRITAL DE LA MOLINA,Lima,Gobiernos Locales,I Trimestre,b635123a7907
TALLER,VIRTUAL,REGISTRO DE INFORMACIÓN DE BIENES INMUEBLES Y SU ASEGURAMIENTO EN EL REPOSITORIO DE BIENES DE LA DIRECCIÓN GENERAL DE ABASTECIMIENTO,2026-01-09,2026-01,Femenino,Entre 31 y 40 años,Nacional,UNIDAD DE GESTION EDUCATIVA LOCAL N° 03 - CERCADO,Lima,Educación,I Trimestre,3bac68615939
TALLER,VIRTUAL,REGISTRO DE INFORMACIÓN DE BIENES INMUEBLES Y SU ASEGURAMIENTO EN EL REPOSITORIO DE BIENES DE LA DIRECCIÓN GENERAL DE ABASTECIMIENTO,2026-01-09,2026-01,Femenino,Entre 31 y 40 años,Nacional,"UNIDAD EJECUTORA 022 ""PROYECTO DE TRANSFORMACION DIGITAL CON EQUIDAD - PROTDE""",Lima,Presidencia del Consejo de Ministros,I Trimestre,93a4cc42766e
TALLER,VIRTUAL,REGISTRO DE INFORMACIÓN DE BIENES INMUEBLES Y SU ASEGURAMIENTO EN EL REPOSITORIO DE BIENES DE LA DIRECCIÓN GENERAL DE ABASTECIMIENTO,2026-01-09,2026-01,Masculino,Entre 20 y 30 años,Nacional,Universidad nacional federico villareal,Lima,Educación,I Trimestre,b4cdf9a83392
TALLER,VIRTUAL,REGISTRO DE INFORMACIÓN DE BIENES INMUEBLES Y SU ASEGURAMIENTO EN EL REPOSITORIO DE BIENES DE LA DIRECCIÓN GENERAL DE ABASTECIMIENTO,2026-01-09,2026-01,Femenino,Entre 51 y 60 años,Nacional,REGISTRO NACIONAL DE IDENTIFICACION Y ESTADO CIVIL,Lima,Registro Nacional de Identificación y Estado Civil,I Trimestre,47b0a7564aea
TALLER,VIRTUAL,REGISTRO DE INFORMACIÓN DE BIENES INMUEBLES Y SU ASEGURAMIENTO EN EL REPOSITORIO DE BIENES DE LA DIRECCIÓN GENERAL DE ABASTECIMIENTO,2026-01-09,2026-01,Masculino,Entre 41 y 50 años,Nacional,DEFENSORIA DEL PUEBLO,Lima,Defensoría del Pueblo,I Trimestre,0c6e44b384e3
TALLER,VIRTUAL,REGISTRO DE INFORMACIÓN DE BIENES INMUEBLES Y SU ASEGURAMIENTO EN EL REPOSITORIO DE BIENES DE LA DIRECCIÓN GENERAL DE ABASTECIMIENTO,2026-01-09,2026-01,Femenino,Entre 51 y 60 años,Opd,AUTORIDAD DEL PROYECTO COSTA VERDE,Lima,Gobiernos Locales,I Trimestre,480189486217
TALLER,VIRTUAL,REGISTRO DE INFORMACIÓN DE BIENES INMUEBLES Y SU ASEGURAMIENTO EN EL REPOSITORIO DE BIENES DE LA DIRECCIÓN GENERAL DE ABASTECIMIENTO,2026-01-09,2026-01,Masculino,Entre 41 y 50 años,Nacional,MINISTERIO DE DESARROLLO AGRARIO Y RIEGO (MIDAGRI),Lima,Agricultura y Riego,I Trimestre,0e92f5761f1c
TALLER,VIRTUAL,REGISTRO DE INFORMACIÓN DE BIENES INMUEBLES Y SU ASEGURAMIENTO EN EL REPOSITORIO DE BIENES DE LA DIRECCIÓN GENERAL DE ABASTECIMIENTO,2026-01-09,2026-01,Masculino,Entre 41 y 50 años,Nacional,FORTALECIMIENTO DEL SISTEMA NACIONAL DE VIGILANCIA EN SALUD PUBLICA,Lima,Salud,I Trimestre,b32cc5d3545d
TALLER,VIRTUAL,REGISTRO DE INFORMACIÓN DE BIENES INMUEBLES Y SU ASEGURAMIENTO EN EL REPOSITORIO DE BIENES DE LA DIRECCIÓN GENERAL DE ABASTECIMIENTO,2026-01-09,2026-01,Masculino,Entre 41 y 50 años,Nacional,PROGRAMA NACIONAL CUNA MAS - PNCM,Lima,Desarrollo e Inclusión Social,I Trimestre,e5f54849d1db
TALLER,VIRTUAL,REGISTRO DE INFORMACIÓN DE BIENES INMUEBLES Y SU ASEGURAMIENTO EN EL REPOSITORIO DE BIENES DE LA DIRECCIÓN GENERAL DE ABASTECIMIENTO,2026-01-09,2026-01,Masculino,Entre 31 y 40 años,Nacional,ORGANISMO SUPERVISOR DE LA INVERSION EN ENERGIA Y MINERIA (OSINERGMIN),Lima,Presidencia del Consejo de Ministros,I Trimestre,62a9a0a4e512
TALLER,VIRTUAL,REGISTRO DE INFORMACIÓN DE BIENES INMUEBLES Y SU ASEGURAMIENTO EN EL REPOSITORIO DE BIENES DE LA DIRECCIÓN GENERAL DE ABASTECIMIENTO,2026-01-09,2026-01,Masculino,Mayor a 61 años,Nacional,VII DIRECCION TERRITORIAL DE POLICIA LIMA,Lima,Interior,I Trimestre,78bc83087b09
TALLER,VIRTUAL,REGISTRO DE INFORMACIÓN DE BIENES INMUEBLES Y SU ASEGURAMIENTO EN EL REPOSITORIO DE BIENES DE LA DIRECCIÓN GENERAL DE ABASTECIMIENTO,2026-01-09,2026-01,Masculino,Entre 41 y 50 años,Nacional,PROGRAMA NACIONAL DE BECAS Y CREDITO EDUCATIVO,Lima,Educación,I Trimestre,8143b4f31809
TALLER,VIRTUAL,REGISTRO DE INFORMACIÓN DE BIENES INMUEBLES Y SU ASEGURAMIENTO EN EL REPOSITORIO DE BIENES DE LA DIRECCIÓN GENERAL DE ABASTECIMIENTO,2026-01-09,2026-01,Masculino,Entre 41 y 50 años,Nacional,PROGRAMA NACIONAL DE INNOVACION PARA LA COMPETITIVIDAD Y PRODUCTIVIDAD,Lima,Producción,I Trimestre,33eb35a2f953
TALLER,VIRTUAL,REGISTRO DE INFORMACIÓN DE BIENES INMUEBLES Y SU ASEGURAMIENTO EN EL REPOSITORIO DE BIENES DE LA DIRECCIÓN GENERAL DE ABASTECIMIENTO,2026-01-09,2026-01,Masculino,Entre 51 y 60 años,Nacional,VII DIRECCION TERRITORIAL DE POLICIA LIMA,Lima,Interior,I Trimestre,6bb611d3cca4
TALLER,VIRTUAL,REGISTRO DE INFORMACIÓN DE BIENES INMUEBLES Y SU ASEGURAMIENTO EN EL REPOSITORIO DE BIENES DE LA DIRECCIÓN GENERAL DE ABASTECIMIENTO,2026-01-09,2026-01,Masculino,Entre 41 y 50 años,Nacional,"UNIDAD EJECUTORA 022 ""PROYECTO DE TRANSFORMACION DIGITAL CON EQUIDAD - PROTDE""",Lima,Presidencia del Consejo de Ministros,I Trimestre,5f5894bbbfc4
TALLER,VIRTUAL,REGISTRO DE INFORMACIÓN DE BIENES INMUEBLES Y SU ASEGURAMIENTO EN EL REPOSITORIO DE BIENES DE LA DIRECCIÓN GENERAL DE ABASTECIMIENTO,2026-01-09,2026-01,Masculino,Entre 41 y 50 años,Local,MUNICIPALIDAD DISTRITAL DE LA MOLINA,Lima,Gobiernos Locales,I Trimestre,2bbaf2b72875
TALLER,VIRTUAL,REGISTRO DE INFORMACIÓN DE BIENES INMUEBLES Y SU ASEGURAMIENTO EN EL REPOSITORIO DE BIENES DE LA DIRECCIÓN GENERAL DE ABASTECIMIENTO,2026-01-09,2026-01,Masculino,Entre 31 y 40 años,Nacional,FRENTE POLICIAL PUNO,Puno,Otros,I Trimestre,f03cdf9780a3
TALLER,VIRTUAL,REGISTRO DE INFORMACIÓN DE BIENES INMUEBLES Y SU ASEGURAMIENTO EN EL REPOSITORIO DE BIENES DE LA DIRECCIÓN GENERAL DE ABASTECIMIENTO,2026-01-09,2026-01,Masculino,Entre 41 y 50 años,Nacional,MINISTERIO DE DESARROLLO AGRARIO Y RIEGO (MIDAGRI),Lima,Agricultura y Riego,I Trimestre,f5fb2cf0e6b6
TALLER,VIRTUAL,REGISTRO DE INFORMACIÓN DE BIENES INMUEBLES Y SU ASEGURAMIENTO EN EL REPOSITORIO DE BIENES DE LA DIRECCIÓN GENERAL DE ABASTECIMIENTO,2026-01-09,2026-01,Masculino,Entre 20 y 30 años,Nacional,MINISTERIO DE ECONOMIA Y FINANZAS (MEF),Lima,Economía y Finanzas,I Trimestre,8b80454fde85
TALLER,VIRTUAL,REGISTRO DE INFORMACIÓN DE BIENES INMUEBLES Y SU ASEGURAMIENTO EN EL REPOSITORIO DE BIENES DE LA DIRECCIÓN GENERAL DE ABASTECIMIENTO,2026-01-09,2026-01,Masculino,Entre 31 y 40 años,Nacional,AUTORIDAD DE TRANSPORTE URBANO PARA LIMA Y CALLAO - ATU,Lima,Transportes y Comunicaciones,I Trimestre,739789332e66
TALLER,VIRTUAL,REGISTRO DE INFORMACIÓN DE BIENES INMUEBLES Y SU ASEGURAMIENTO EN EL REPOSITORIO DE BIENES DE LA DIRECCIÓN GENERAL DE ABASTECIMIENTO,2026-01-09,2026-01,Femenino,Mayor a 61 años,Nacional,CORTE SUPERIOR DE JUSTICIA DEL CALLAO,Lima,Poder Judicial,I Trimestre,b454f2042601
TALLER,VIRTUAL,REGISTRO DE INFORMACIÓN DE BIENES INMUEBLES Y SU ASEGURAMIENTO EN EL REPOSITORIO DE BIENES DE LA DIRECCIÓN GENERAL DE ABASTECIMIENTO,2026-01-09,2026-01,Masculino,Entre 51 y 60 años,Nacional,AUTORIDAD DE TRANSPORTE URBANO PARA LIMA Y CALLAO - ATU,Lima,Transportes y Comunicaciones,I Trimestre,5b485ebac8e0
TALLER,VIRTUAL,REGISTRO DE INFORMACIÓN DE BIENES INMUEBLES Y SU ASEGURAMIENTO EN EL REPOSITORIO DE BIENES DE LA DIRECCIÓN GENERAL DE ABASTECIMIENTO,2026-01-09,2026-01,Femenino,Entre 31 y 40 años,Fonafe,SEGURO SOCIAL DE SALUD,Lima,Salud,I Trimestre,289cc4d3b389
TALLER,VIRTUAL,REGISTRO DE INFORMACIÓN DE BIENES INMUEBLES Y SU ASEGURAMIENTO EN EL REPOSITORIO DE BIENES DE LA DIRECCIÓN GENERAL DE ABASTECIMIENTO,2026-01-09,2026-01,Masculino,Entre 41 y 50 años,Nacional,FONDO INTANGIBLE SOLIDARIO DE SALUD (FISAAL),Lima,Salud,I Trimestre,d47e0cc82ee5
TALLER,VIRTUAL,REGISTRO DE INFORMACIÓN DE BIENES INMUEBLES Y SU ASEGURAMIENTO EN EL REPOSITORIO DE BIENES DE LA DIRECCIÓN GENERAL DE ABASTECIMIENTO,2026-01-09,2026-01,Masculino,Entre 20 y 30 años,Nacional,VII DIRECCION TERRITORIAL DE POLICIA LIMA,Lima,Interior,I Trimestre,46a4ff537d78
TALLER,VIRTUAL,REGISTRO DE INFORMACIÓN DE BIENES INMUEBLES Y SU ASEGURAMIENTO EN EL REPOSITORIO DE BIENES DE LA DIRECCIÓN GENERAL DE ABASTECIMIENTO,2026-01-09,2026-01,Femenino,Entre 51 y 60 años,Nacional,FONDO DE COOPERACION PARA EL DESARROLLO SOCIAL - FONCODES,Lima,Desarrollo e Inclusión Social,I Trimestre,401ad51cc222
TALLER,VIRTUAL,REGISTRO DE INFORMACIÓN DE BIENES INMUEBLES Y SU ASEGURAMIENTO EN EL REPOSITORIO DE BIENES DE LA DIRECCIÓN GENERAL DE ABASTECIMIENTO,2026-01-09,2026-01,Masculino,Mayor a 61 años,Nacional,SERVICIO NACIONAL DE METEOROLOGIA E HIDROLOGIA (SENAMHI),Lima,Ambiente,I Trimestre,18c934f7bda2
TALLER,VIRTUAL,REGISTRO DE INFORMACIÓN DE BIENES INMUEBLES Y SU ASEGURAMIENTO EN EL REPOSITORIO DE BIENES DE LA DIRECCIÓN GENERAL DE ABASTECIMIENTO,2026-01-09,2026-01,Femenino,Entre 51 y 60 años,Nacional,AUTORIDAD NACIONAL DE INFRAESTRUCTURA,Lima,Presidencia del Consejo de Ministros,I Trimestre,fc95b1f51fb5
TALLER,VIRTUAL,REGISTRO DE INFORMACIÓN DE BIENES INMUEBLES Y SU ASEGURAMIENTO EN EL REPOSITORIO DE BIENES DE LA DIRECCIÓN GENERAL DE ABASTECIMIENTO,2026-01-09,2026-01,Femenino,Mayor a 61 años,Nacional,AGENCIA PERUANA DE COOPERACION INTERNACIONAL (APCI),Lima,Transportes y Comunicaciones,I Trimestre,d2921e343ae2
TALLER,VIRTUAL,REGISTRO DE INFORMACIÓN DE BIENES INMUEBLES Y SU ASEGURAMIENTO EN EL REPOSITORIO DE BIENES DE LA DIRECCIÓN GENERAL DE ABASTECIMIENTO,2026-01-09,2026-01,Femenino,Entre 31 y 40 años,Nacional,DIRECCION DE ECONOMIA Y FINANZAS DE LA POLICIA NACIONAL DEL PERU,Lima,Interior,I Trimestre,57cecf58391a
TALLER,VIRTUAL,REGISTRO DE INFORMACIÓN DE BIENES INMUEBLES Y SU ASEGURAMIENTO EN EL REPOSITORIO DE BIENES DE LA DIRECCIÓN GENERAL DE ABASTECIMIENTO,2026-01-09,2026-01,Masculino,Mayor a 61 años,Nacional,UNIDAD DE GESTION EDUCATIVA LOCAL N° 02 - SAN MARTIN DE PORRES,Lima,Educación,I Trimestre,3011366016fe
TALLER,VIRTUAL,REGISTRO DE INFORMACIÓN DE BIENES INMUEBLES Y SU ASEGURAMIENTO EN EL REPOSITORIO DE BIENES DE LA DIRECCIÓN GENERAL DE ABASTECIMIENTO,2026-01-09,2026-01,Masculino,Mayor a 61 años,Nacional,SUPERINTENDENCIA NACIONAL DE LOS REGISTROS PUBLICOS,Lima,Justicia y Derechos Humanos,I Trimestre,ef0c5778b0a1
TALLER,VIRTUAL,REGISTRO DE INFORMACIÓN DE BIENES INMUEBLES Y SU ASEGURAMIENTO EN EL REPOSITORIO DE BIENES DE LA DIRECCIÓN GENERAL DE ABASTECIMIENTO,2026-01-09,2026-01,Masculino,Entre 41 y 50 años,Nacional,UNIDAD DE GESTION EDUCATIVA LOCAL N° 01 - SAN JUAN DE MIRAFLORES,Lima,Educación,I Trimestre,af176e69a417
TALLER,VIRTUAL,REGISTRO DE INFORMACIÓN DE BIENES INMUEBLES Y SU ASEGURAMIENTO EN EL REPOSITORIO DE BIENES DE LA DIRECCIÓN GENERAL DE ABASTECIMIENTO,2026-01-09,2026-01,Femenino,Entre 31 y 40 años,Nacional,AUTORIDAD DE TRANSPORTE URBANO PARA LIMA Y CALLAO - ATU,Lima,Transportes y Comunicaciones,I Trimestre,b36a971a85c5
TALLER,VIRTUAL,REGISTRO DE INFORMACIÓN DE BIENES INMUEBLES Y SU ASEGURAMIENTO EN EL REPOSITORIO DE BIENES DE LA DIRECCIÓN GENERAL DE ABASTECIMIENTO,2026-01-09,2026-01,Masculino,Entre 31 y 40 años,Nacional,DIRECCION EJECUTIVA ANTIDROGAS DIREJANDRO PNP,Lima,Interior,I Trimestre,895fd4cc59de
TALLER,VIRTUAL,REGISTRO DE INFORMACIÓN DE BIENES INMUEBLES Y SU ASEGURAMIENTO EN EL REPOSITORIO DE BIENES DE LA DIRECCIÓN GENERAL DE ABASTECIMIENTO,2026-01-09,2026-01,Masculino,Entre 51 y 60 años,Nacional,FRENTE POLICIAL PUNO,Puno,Interior,I Trimestre,86e0791188cf
TALLER,VIRTUAL,"Directiva N° 0010-2025-EF/54.01, “Directiva para la solicitud de creación de ítems en el Catálogo de Bienes, Servicios y Obras del SIGA MEF” ",2026-01-23,2026-01,Masculino,Entre 31 y 40 años,Local,Municipalidad Provincial de Casma,Ancash,Gobiernos Locales,I Trimestre,7c6b77771811
TALLER,VIRTUAL,"Directiva N° 0010-2025-EF/54.01, “Directiva para la solicitud de creación de ítems en el Catálogo de Bienes, Servicios y Obras del SIGA MEF” ",2026-01-23,2026-01,Masculino,Entre 20 y 30 años,Local,Municipalidad Distrital de Nuevo Chimbote,Ancash,Gobiernos Locales,I Trimestre,bc4fcb51c23c
TALLER,VIRTUAL,"Directiva N° 0010-2025-EF/54.01, “Directiva para la solicitud de creación de ítems en el Catálogo de Bienes, Servicios y Obras del SIGA MEF” ",2026-01-23,2026-01,Femenino,Entre 20 y 30 años,Local,Municipalidad Distrital de Nuevo Chimbote,Ancash,Gobiernos Locales,I Trimestre,dde59a710cd5
TALLER,VIRTUAL,"Directiva N° 0010-2025-EF/54.01, “Directiva para la solicitud de creación de ítems en el Catálogo de Bienes, Servicios y Obras del SIGA MEF” ",2026-01-23,2026-01,Masculino,Entre 51 y 60 años,Local,Municipalidad Distrital de Nuevo Chimbote,Ancash,Gobiernos Locales,I Trimestre,6e3692b8fd1c
TALLER,VIRTUAL,"Directiva N° 0010-2025-EF/54.01, “Directiva para la solicitud de creación de ítems en el Catálogo de Bienes, Servicios y Obras del SIGA MEF” ",2026-01-23,2026-01,Femenino,Entre 41 y 50 años,Nacional,Corte Superior de Justicia del Santa,Ancash,Poder Judicial,I Trimestre,050e2105ac74
TALLER,VIRTUAL,"Directiva N° 0010-2025-EF/54.01, “Directiva para la solicitud de creación de ítems en el Catálogo de Bienes, Servicios y Obras del SIGA MEF” ",2026-01-23,2026-01,Masculino,Entre 31 y 40 años,Nacional,Instituto Nacional de Investigación en Glaciares y Ecosistemas de Montaña - INAIGEM,Ancash,Ambiente,I Trimestre,ec612158271e
TALLER,VIRTUAL,"Directiva N° 0010-2025-EF/54.01, “Directiva para la solicitud de creación de ítems en el Catálogo de Bienes, Servicios y Obras del SIGA MEF” ",2026-01-23,2026-01,Masculino,Entre 51 y 60 años,Nacional,Universidad Nacional del Santa (UNS),Ancash,Educación,I Trimestre,1252804f1bab
TALLER,VIRTUAL,"Directiva N° 0010-2025-EF/54.01, “Directiva para la solicitud de creación de ítems en el Catálogo de Bienes, Servicios y Obras del SIGA MEF” ",2026-01-23,2026-01,Femenino,Entre 31 y 40 años,Nacional,Corte Superior de Justicia de Ancash,Ancash,Poder Judicial,I Trimestre,9278cf22b967
TALLER,VIRTUAL,"Directiva N° 0010-2025-EF/54.01, “Directiva para la solicitud de creación de ítems en el Catálogo de Bienes, Servicios y Obras del SIGA MEF” ",2026-01-23,2026-01,Femenino,Entre 41 y 50 años,Nacional,Instituto Nacional de Investigación en Glaciares y Ecosistemas de Montaña - INAIGEM,Ancash,Ambiente,I Trimestre,bd6784bf314a
TALLER,VIRTUAL,"Directiva N° 0010-2025-EF/54.01, “Directiva para la solicitud de creación de ítems en el Catálogo de Bienes, Servicios y Obras del SIGA MEF” ",2026-01-23,2026-01,Masculino,Entre 31 y 40 años,Local,Municipalidad Provincial de Huaraz,Ancash,Gobiernos Locales,I Trimestre,b69ba29a02da
TALLER,VIRTUAL,"Directiva N° 0010-2025-EF/54.01, “Directiva para la solicitud de creación de ítems en el Catálogo de Bienes, Servicios y Obras del SIGA MEF” ",2026-01-23,2026-01,Femenino,Entre 31 y 40 años,Nacional,Universidad Nacional del Santa (UNS),Ancash,Educación,I Trimestre,43d701d06d3e
TALLER,VIRTUAL,"Directiva N° 0010-2025-EF/54.01, “Directiva para la solicitud de creación de ítems en el Catálogo de Bienes, Servicios y Obras del SIGA MEF” ",2026-01-23,2026-01,Masculino,Entre 41 y 50 años,Nacional,Corte Superior de Justicia de Ancash,Ancash,Poder Judicial,I Trimestre,aec5a3fd050f
TALLER,VIRTUAL,"Directiva N° 0010-2025-EF/54.01, “Directiva para la solicitud de creación de ítems en el Catálogo de Bienes, Servicios y Obras del SIGA MEF” ",2026-01-23,2026-01,Masculino,Entre 41 y 50 años,Local,Unidad de Gestión Educativa Local de Asunción,Ancash,Educación,I Trimestre,e429ee1884d4
TALLER,VIRTUAL,"Directiva N° 0010-2025-EF/54.01, “Directiva para la solicitud de creación de ítems en el Catálogo de Bienes, Servicios y Obras del SIGA MEF” ",2026-01-23,2026-01,Femenino,Entre 31 y 40 años,Nacional,Universidad Nacional del Santa (UNS),Ancash,Educación,I Trimestre,64a1c7823280
TALLER,VIRTUAL,"Directiva N° 0010-2025-EF/54.01, “Directiva para la solicitud de creación de ítems en el Catálogo de Bienes, Servicios y Obras del SIGA MEF” ",2026-01-23,2026-01,Femenino,Entre 41 y 50 años,Regional,Unidad Ejecutora - 404 Salud la Caleta,Ancash,Salud,I Trimestre,11475aa78b86
TALLER,VIRTUAL,"Directiva N° 0010-2025-EF/54.01, “Directiva para la solicitud de creación de ítems en el Catálogo de Bienes, Servicios y Obras del SIGA MEF” ",2026-01-23,2026-01,Masculino,Entre 41 y 50 años,Regional,Unidad Ejecutora - 404 Salud la Caleta,Ancash,Salud,I Trimestre,1b93f9ccdc99
TALLER,VIRTUAL,"Directiva N° 0010-2025-EF/54.01, “Directiva para la solicitud de creación de ítems en el Catálogo de Bienes, Servicios y Obras del SIGA MEF” ",2026-01-23,2026-01,Femenino,Entre 31 y 40 años,Nacional,Corte Superior de Justicia de Ancash,Ancash,Poder Judicial,I Trimestre,f8a802125220
TALLER,VIRTUAL,"Directiva N° 0010-2025-EF/54.01, “Directiva para la solicitud de creación de ítems en el Catálogo de Bienes, Servicios y Obras del SIGA MEF” ",2026-01-23,2026-01,Femenino,Entre 20 y 30 años,Local,MUNICIPALIDAD DISTRITAL DE ALFONSO UGARTE,Ancash,Gobiernos Locales,I Trimestre,bbda54ee8fda
TALLER,VIRTUAL,"Directiva N° 0010-2025-EF/54.01, “Directiva para la solicitud de creación de ítems en el Catálogo de Bienes, Servicios y Obras del SIGA MEF” ",2026-01-23,2026-01,Masculino,Entre 20 y 30 años,Nacional,Universidad Nacional del Santa (UNS),Ancash,Educación,I Trimestre,5c2c68bf4008
TALLER,VIRTUAL,"Directiva N° 0010-2025-EF/54.01, “Directiva para la solicitud de creación de ítems en el Catálogo de Bienes, Servicios y Obras del SIGA MEF” ",2026-01-23,2026-01,Masculino,Entre 41 y 50 años,Regional,Dirección de Red de Salud Pacífico Norte,Ancash,Salud,I Trimestre,be6b5ecd2c31
TALLER,VIRTUAL,"Directiva N° 0010-2025-EF/54.01, “Directiva para la solicitud de creación de ítems en el Catálogo de Bienes, Servicios y Obras del SIGA MEF” ",2026-01-23,2026-01,Femenino,Entre 20 y 30 años,Local,Municipalidad Distrital de Cáceres del Perú,Ancash,Gobiernos Locales,I Trimestre,293580ed542f
TALLER,VIRTUAL,"Directiva N° 0010-2025-EF/54.01, “Directiva para la solicitud de creación de ítems en el Catálogo de Bienes, Servicios y Obras del SIGA MEF” ",2026-01-23,2026-01,Femenino,Entre 20 y 30 años,Local,Municipalidad Distrital de Yupan,Ancash,Gobiernos Locales,I Trimestre,1516c8f7a60b
TALLER,VIRTUAL,"Directiva N° 0010-2025-EF/54.01, “Directiva para la solicitud de creación de ítems en el Catálogo de Bienes, Servicios y Obras del SIGA MEF” ",2026-01-23,2026-01,Masculino,Entre 41 y 50 años,Local,Municipalidad Distrital de Nuevo Chimbote,Ancash,Gobiernos Locales,I Trimestre,4d8c0791dd4a
TALLER,VIRTUAL,"Directiva N° 0010-2025-EF/54.01, “Directiva para la solicitud de creación de ítems en el Catálogo de Bienes, Servicios y Obras del SIGA MEF” ",2026-01-23,2026-01,Masculino,Entre 31 y 40 años,Regional,SALUD ANCASH,Ancash,Salud,I Trimestre,1f965760d374
TALLER,VIRTUAL,"Directiva N° 0010-2025-EF/54.01, “Directiva para la solicitud de creación de ítems en el Catálogo de Bienes, Servicios y Obras del SIGA MEF” ",2026-01-23,2026-01,Femenino,Entre 41 y 50 años,Local,Municipalidad Distrital de Nuevo Chimbote,Ancash,Gobiernos Locales,I Trimestre,1b76ae24aa1b
TALLER,VIRTUAL,"Directiva N° 0010-2025-EF/54.01, “Directiva para la solicitud de creación de ítems en el Catálogo de Bienes, Servicios y Obras del SIGA MEF” ",2026-01-23,2026-01,Femenino,Entre 41 y 50 años,Local,Municipalidad Distrital de Nuevo Chimbote,Ancash,Gobiernos Locales,I Trimestre,3c1f62c1d8a0
TALLER,VIRTUAL,"Directiva N° 0010-2025-EF/54.01, “Directiva para la solicitud de creación de ítems en el Catálogo de Bienes, Servicios y Obras del SIGA MEF” ",2026-01-23,2026-01,Femenino,Entre 20 y 30 años,Local,Municipalidad Provincial de Pomabamba,Ancash,Gobiernos Regionales,I Trimestre,ffe6c20fcbd1
TALLER,VIRTUAL,"Directiva N° 0010-2025-EF/54.01, “Directiva para la solicitud de creación de ítems en el Catálogo de Bienes, Servicios y Obras del SIGA MEF” ",2026-01-23,2026-01,Masculino,Entre 51 y 60 años,Regional,Unidad de Gestión Educativa Local de Castilla,Arequipa,Educación,I Trimestre,647544dbff23
TALLER,VIRTUAL,"Directiva N° 0010-2025-EF/54.01, “Directiva para la solicitud de creación de ítems en el Catálogo de Bienes, Servicios y Obras del SIGA MEF” ",2026-01-23,2026-01,Masculino,Entre 31 y 40 años,Local,Municipalidad Distrital de Sabandía,Arequipa,Gobiernos Locales,I Trimestre,08f4c9f5c3ce
TALLER,VIRTUAL,"Directiva N° 0010-2025-EF/54.01, “Directiva para la solicitud de creación de ítems en el Catálogo de Bienes, Servicios y Obras del SIGA MEF” ",2026-01-23,2026-01,Femenino,Entre 20 y 30 años,Local,Municipalidad Distrital de Uchumayo,Arequipa,Otros,I Trimestre,6d1ad3712e1c
TALLER,VIRTUAL,"Directiva N° 0010-2025-EF/54.01, “Directiva para la solicitud de creación de ítems en el Catálogo de Bienes, Servicios y Obras del SIGA MEF” ",2026-01-23,2026-01,Femenino,Entre 31 y 40 años,Local,Municipalidad Provincial de Caylloma,Arequipa,Gobiernos Locales,I Trimestre,fa61bc76a190
TALLER,VIRTUAL,"Directiva N° 0010-2025-EF/54.01, “Directiva para la solicitud de creación de ítems en el Catálogo de Bienes, Servicios y Obras del SIGA MEF” ",2026-01-23,2026-01,Masculino,Entre 41 y 50 años,Local,Municipalidad Distrital de Uchumayo,Arequipa,Gobiernos Locales,I Trimestre,9346e5cf1518
TALLER,VIRTUAL,"Directiva N° 0010-2025-EF/54.01, “Directiva para la solicitud de creación de ítems en el Catálogo de Bienes, Servicios y Obras del SIGA MEF” ",2026-01-23,2026-01,Masculino,Entre 20 y 30 años,Local,Municipalidad Provincial de Caylloma,Arequipa,Gobiernos Locales,I Trimestre,a486084f37c7
TALLER,VIRTUAL,"Directiva N° 0010-2025-EF/54.01, “Directiva para la solicitud de creación de ítems en el Catálogo de Bienes, Servicios y Obras del SIGA MEF” ",2026-01-23,2026-01,Masculino,Entre 51 y 60 años,Regional,Dirección Regional de Transportes y Comunicaciones,Ucayali,Transportes y Comunicaciones,I Trimestre,5b03763c6a73
TALLER,VIRTUAL,"Directiva N° 0010-2025-EF/54.01, “Directiva para la solicitud de creación de ítems en el Catálogo de Bienes, Servicios y Obras del SIGA MEF” ",2026-01-23,2026-01,Femenino,Entre 20 y 30 años,Local,Municipalidad Distrital de Huipoca,Ucayali,Gobiernos Locales,I Trimestre,4abbff6947dc
TALLER,VIRTUAL,"Directiva N° 0010-2025-EF/54.01, “Directiva para la solicitud de creación de ítems en el Catálogo de Bienes, Servicios y Obras del SIGA MEF” ",2026-01-23,2026-01,Masculino,Entre 31 y 40 años,Local,Municipalidad Distrital de Viraco,Arequipa,Gobiernos Locales,I Trimestre,e9ef88f050af
TALLER,VIRTUAL,"Directiva N° 0010-2025-EF/54.01, “Directiva para la solicitud de creación de ítems en el Catálogo de Bienes, Servicios y Obras del SIGA MEF” ",2026-01-23,2026-01,Masculino,Entre 31 y 40 años,Regional,Dirección Regional de Transportes y Comunicaciones,Ucayali,Transportes y Comunicaciones,I Trimestre,6e0aa51a67d1
TALLER,VIRTUAL,"Directiva N° 0010-2025-EF/54.01, “Directiva para la solicitud de creación de ítems en el Catálogo de Bienes, Servicios y Obras del SIGA MEF” ",2026-01-23,2026-01,Masculino,Entre 41 y 50 años,Local,Municipalidad Distrital de Manantay,Ucayali,Gobiernos Locales,I Trimestre,cbabd5752df1
TALLER,VIRTUAL,"Directiva N° 0010-2025-EF/54.01, “Directiva para la solicitud de creación de ítems en el Catálogo de Bienes, Servicios y Obras del SIGA MEF” ",2026-01-23,2026-01,Masculino,Entre 20 y 30 años,Local,Municipalidad Distrital de Uchumayo,Arequipa,Gobiernos Locales,I Trimestre,947452858138
TALLER,VIRTUAL,"Directiva N° 0010-2025-EF/54.01, “Directiva para la solicitud de creación de ítems en el Catálogo de Bienes, Servicios y Obras del SIGA MEF” ",2026-01-23,2026-01,Femenino,Entre 31 y 40 años,Regional,Dirección Regional de Transportes y Comunicaciones,Ucayali,Transportes y Comunicaciones,I Trimestre,8301971c9694
TALLER,VIRTUAL,"Directiva N° 0010-2025-EF/54.01, “Directiva para la solicitud de creación de ítems en el Catálogo de Bienes, Servicios y Obras del SIGA MEF” ",2026-01-23,2026-01,Masculino,Entre 41 y 50 años,Local,Municipalidad Provincial de Coronel Portillo,Ucayali,Gobiernos Locales,I Trimestre,d9ec61b2ca9c
TALLER,VIRTUAL,"Directiva N° 0010-2025-EF/54.01, “Directiva para la solicitud de creación de ítems en el Catálogo de Bienes, Servicios y Obras del SIGA MEF” ",2026-01-23,2026-01,Femenino,Entre 31 y 40 años,Regional,Dirección Regional de Transportes y Comunicaciones,Ucayali,Gobiernos Regionales,I Trimestre,77b0eb789c92
TALLER,VIRTUAL,"Directiva N° 0010-2025-EF/54.01, “Directiva para la solicitud de creación de ítems en el Catálogo de Bienes, Servicios y Obras del SIGA MEF” ",2026-01-23,2026-01,Masculino,Entre 51 y 60 años,Local,Municipalidad Distrital de Sepahua,Ucayali,Gobiernos Locales,I Trimestre,7a609904ef45
TALLER,VIRTUAL,"Directiva N° 0010-2025-EF/54.01, “Directiva para la solicitud de creación de ítems en el Catálogo de Bienes, Servicios y Obras del SIGA MEF” ",2026-01-23,2026-01,Masculino,Entre 31 y 40 años,Local,Municipalidad Distrital de Sepahua,Ucayali,Gobiernos Locales,I Trimestre,3f5f751bf1a5
TALLER,VIRTUAL,"Directiva N° 0010-2025-EF/54.01, “Directiva para la solicitud de creación de ítems en el Catálogo de Bienes, Servicios y Obras del SIGA MEF” ",2026-01-23,2026-01,Femenino,Entre 31 y 40 años,Nacional,Zona Registral Nro XII - Sede Arequipa,Arequipa,Justicia y Derechos Humanos,I Trimestre,99fb8bc99413
TALLER,VIRTUAL,"Directiva N° 0010-2025-EF/54.01, “Directiva para la solicitud de creación de ítems en el Catálogo de Bienes, Servicios y Obras del SIGA MEF” ",2026-01-23,2026-01,Femenino,Mayor a 61 años,Regional,Gobierno Regional de Arequipa Salud Aplao,Arequipa,Salud,I Trimestre,9acf475fb6be
TALLER,VIRTUAL,"Directiva N° 0010-2025-EF/54.01, “Directiva para la solicitud de creación de ítems en el Catálogo de Bienes, Servicios y Obras del SIGA MEF” ",2026-01-23,2026-01,Masculino,Entre 41 y 50 años,Regional,Dirección Regional de Salud de Ucayali,Ucayali,Salud,I Trimestre,04622739a870
TALLER,VIRTUAL,"Directiva N° 0010-2025-EF/54.01, “Directiva para la solicitud de creación de ítems en el Catálogo de Bienes, Servicios y Obras del SIGA MEF” ",2026-01-23,2026-01,Femenino,Entre 20 y 30 años,Regional,Dirección Regional de Transportes y Comunicaciones,Ucayali,Transportes y Comunicaciones,I Trimestre,393f7976925d
TALLER,VIRTUAL,"Directiva N° 0010-2025-EF/54.01, “Directiva para la solicitud de creación de ítems en el Catálogo de Bienes, Servicios y Obras del SIGA MEF” ",2026-01-23,2026-01,Masculino,Entre 31 y 40 años,Local,Municipalidad Distrital de Uchumayo,Arequipa,Otros,I Trimestre,53c48dc53e9e
TALLER,VIRTUAL,"Directiva N° 0010-2025-EF/54.01, “Directiva para la solicitud de creación de ítems en el Catálogo de Bienes, Servicios y Obras del SIGA MEF” ",2026-01-23,2026-01,Femenino,Entre 20 y 30 años,Local,Municipalidad Distrital de Caylloma,Arequipa,Gobiernos Regionales,I Trimestre,3966557ab6b5
TALLER,VIRTUAL,"Directiva N° 0010-2025-EF/54.01, “Directiva para la solicitud de creación de ítems en el Catálogo de Bienes, Servicios y Obras del SIGA MEF” ",2026-01-23,2026-01,Masculino,Entre 31 y 40 años,Local,Municipalidad Provincial de Caylloma,Arequipa,Gobiernos Locales,I Trimestre,b36b3ad7bbb2
TALLER,VIRTUAL,"Directiva N° 0010-2025-EF/54.01, “Directiva para la solicitud de creación de ítems en el Catálogo de Bienes, Servicios y Obras del SIGA MEF” ",2026-01-26,2026-01,Masculino,Entre 31 y 40 años,Local,Municipalidad Provincial de Oxapampa,Pasco,Gobiernos Locales,I Trimestre,31e1f6adead4
TALLER,VIRTUAL,"Directiva N° 0010-2025-EF/54.01, “Directiva para la solicitud de creación de ítems en el Catálogo de Bienes, Servicios y Obras del SIGA MEF” ",2026-01-26,2026-01,Masculino,Entre 41 y 50 años,Local,MUNICIPALIDAD DISTRITAL DE PICHANAQUI,Junín,Gobiernos Locales,I Trimestre,c7aaf219de3f
TALLER,VIRTUAL,"Directiva N° 0010-2025-EF/54.01, “Directiva para la solicitud de creación de ítems en el Catálogo de Bienes, Servicios y Obras del SIGA MEF” ",2026-01-26,2026-01,Femenino,Entre 20 y 30 años,Local,Municipalidad Distrital de Ninacaca,Pasco,Gobiernos Locales,I Trimestre,a1fefd33132b
TALLER,VIRTUAL,"Directiva N° 0010-2025-EF/54.01, “Directiva para la solicitud de creación de ítems en el Catálogo de Bienes, Servicios y Obras del SIGA MEF” ",2026-01-26,2026-01,Femenino,Entre 20 y 30 años,Local,MUNICIPALIDAD PROVINCIAL DE YAULI LA OROYA,Junín,Gobiernos Locales,I Trimestre,06ff1f951b3d
TALLER,VIRTUAL,"Directiva N° 0010-2025-EF/54.01, “Directiva para la solicitud de creación de ítems en el Catálogo de Bienes, Servicios y Obras del SIGA MEF” ",2026-01-26,2026-01,Masculino,Entre 41 y 50 años,Local,Municipalidad Distrital de Huancabamba,Pasco,Gobiernos Locales,I Trimestre,8d527726d0a9
TALLER,VIRTUAL,"Directiva N° 0010-2025-EF/54.01, “Directiva para la solicitud de creación de ítems en el Catálogo de Bienes, Servicios y Obras del SIGA MEF” ",2026-01-26,2026-01,Femenino,Entre 51 y 60 años,Nacional,Universidad Nacional de San Cristóbal de Huamanga (UNSCH),Ayacucho,Educación,I Trimestre,0c2f05c31ded
TALLER,VIRTUAL,"Directiva N° 0010-2025-EF/54.01, “Directiva para la solicitud de creación de ítems en el Catálogo de Bienes, Servicios y Obras del SIGA MEF” ",2026-01-26,2026-01,Masculino,Entre 51 y 60 años,Local,MUNICIPALIDAD DISTRITAL DE PALCA ,Junín,Otros,I Trimestre,6647910e4837
TALLER,VIRTUAL,"Directiva N° 0010-2025-EF/54.01, “Directiva para la solicitud de creación de ítems en el Catálogo de Bienes, Servicios y Obras del SIGA MEF” ",2026-01-26,2026-01,Femenino,Entre 20 y 30 años,Nacional,Universidad Nacional Daniel Alcides Carrión (UNDAC),Pasco,Educación,I Trimestre,82e2de014688
TALLER,VIRTUAL,"Directiva N° 0010-2025-EF/54.01, “Directiva para la solicitud de creación de ítems en el Catálogo de Bienes, Servicios y Obras del SIGA MEF” ",2026-01-26,2026-01,Femenino,Entre 41 y 50 años,Regional,Dirección Regional Agraria Ayacucho,Ayacucho,Agricultura y Riego,I Trimestre,c852e2f48921
TALLER,VIRTUAL,"Directiva N° 0010-2025-EF/54.01, “Directiva para la solicitud de creación de ítems en el Catálogo de Bienes, Servicios y Obras del SIGA MEF” ",2026-01-26,2026-01,Masculino,Entre 20 y 30 años,Local,Municipalidad Distrital de Palcazú,Pasco,Gobiernos Locales,I Trimestre,4c581bdf2c9b
TALLER,VIRTUAL,"Directiva N° 0010-2025-EF/54.01, “Directiva para la solicitud de creación de ítems en el Catálogo de Bienes, Servicios y Obras del SIGA MEF” ",2026-01-26,2026-01,Femenino,Entre 41 y 50 años,Regional,Dirección Regional Agraria Ayacucho,Ayacucho,Agricultura y Riego,I Trimestre,a030a92fb402
TALLER,VIRTUAL,"Directiva N° 0010-2025-EF/54.01, “Directiva para la solicitud de creación de ítems en el Catálogo de Bienes, Servicios y Obras del SIGA MEF” ",2026-01-26,2026-01,Masculino,Entre 41 y 50 años,Local,Municipalidad Provincial de Cajamarca,Cajamarca,Gobiernos Locales,I Trimestre,ebe4d2c061cb
TALLER,VIRTUAL,"Directiva N° 0010-2025-EF/54.01, “Directiva para la solicitud de creación de ítems en el Catálogo de Bienes, Servicios y Obras del SIGA MEF” ",2026-01-26,2026-01,Masculino,Entre 31 y 40 años,Local,Municipalidad Distrital de Lajas,Cajamarca,Gobiernos Locales,I Trimestre,8ae24882e322
TALLER,VIRTUAL,"Directiva N° 0010-2025-EF/54.01, “Directiva para la solicitud de creación de ítems en el Catálogo de Bienes, Servicios y Obras del SIGA MEF” ",2026-01-26,2026-01,Femenino,Entre 20 y 30 años,Regional,Gobierno Regional Tumbes,Tumbes,Gobiernos Regionales,I Trimestre,493c9ba5a2fb
TALLER,VIRTUAL,"Directiva N° 0010-2025-EF/54.01, “Directiva para la solicitud de creación de ítems en el Catálogo de Bienes, Servicios y Obras del SIGA MEF” ",2026-01-26,2026-01,Masculino,Entre 20 y 30 años,Regional,Sub Región III Chota,Cajamarca,Economía y Finanzas,I Trimestre,f7f164813421
TALLER,VIRTUAL,"Directiva N° 0010-2025-EF/54.01, “Directiva para la solicitud de creación de ítems en el Catálogo de Bienes, Servicios y Obras del SIGA MEF” ",2026-01-26,2026-01,Masculino,Entre 31 y 40 años,Local,Municipalidad Distrital de Querocoto,Cajamarca,Gobiernos Locales,I Trimestre,3d63b820fcab
TALLER,VIRTUAL,"Directiva N° 0010-2025-EF/54.01, “Directiva para la solicitud de creación de ítems en el Catálogo de Bienes, Servicios y Obras del SIGA MEF” ",2026-01-26,2026-01,Masculino,Entre 31 y 40 años,Regional,Municipalidad Distrital de Llama,Cajamarca,Gobiernos Locales,I Trimestre,e7680cfd0d1f
TALLER,VIRTUAL,"Directiva N° 0010-2025-EF/54.01, “Directiva para la solicitud de creación de ítems en el Catálogo de Bienes, Servicios y Obras del SIGA MEF” ",2026-01-26,2026-01,Masculino,Entre 31 y 40 años,Local,Municipalidad Distrital de Sorochuco,Cajamarca,Economía y Finanzas,I Trimestre,1e273db2fb85
TALLER,VIRTUAL,"Directiva N° 0010-2025-EF/54.01, “Directiva para la solicitud de creación de ítems en el Catálogo de Bienes, Servicios y Obras del SIGA MEF” ",2026-01-26,2026-01,Femenino,Entre 31 y 40 años,Regional,Unidad Ejecutora - Programas Regionales Pro Región,Cajamarca,Gobiernos Regionales,I Trimestre,8757f3dce086
TALLER,VIRTUAL,"Directiva N° 0010-2025-EF/54.01, “Directiva para la solicitud de creación de ítems en el Catálogo de Bienes, Servicios y Obras del SIGA MEF” ",2026-01-26,2026-01,Femenino,Entre 20 y 30 años,Regional,Dirección Sub Regional de Salud Cutervo,Cajamarca,Salud,I Trimestre,07a635407f07
TALLER,VIRTUAL,"Directiva N° 0010-2025-EF/54.01, “Directiva para la solicitud de creación de ítems en el Catálogo de Bienes, Servicios y Obras del SIGA MEF” ",2026-01-26,2026-01,Femenino,Entre 31 y 40 años,Regional,Unidad de Gestión Educativa de San Ignacio,Cajamarca,Educación,I Trimestre,0f6abe6ddd4f
TALLER,VIRTUAL,"Directiva N° 0010-2025-EF/54.01, “Directiva para la solicitud de creación de ítems en el Catálogo de Bienes, Servicios y Obras del SIGA MEF” ",2026-01-26,2026-01,Masculino,Entre 31 y 40 años,Local,Municipalidad Distrital de Chiguirip,Cajamarca,Gobiernos Locales,I Trimestre,a8e8b8fd1730
TALLER,VIRTUAL,"Directiva N° 0010-2025-EF/54.01, “Directiva para la solicitud de creación de ítems en el Catálogo de Bienes, Servicios y Obras del SIGA MEF” ",2026-01-26,2026-01,Masculino,Entre 31 y 40 años,Regional,DIRECCION SUB REGIONAL DE SALUD CUTERVO,Cajamarca,Gobiernos Regionales,I Trimestre,431b6448c6a9
TALLER,VIRTUAL,"Directiva N° 0010-2025-EF/54.01, “Directiva para la solicitud de creación de ítems en el Catálogo de Bienes, Servicios y Obras del SIGA MEF” ",2026-01-26,2026-01,Femenino,Entre 20 y 30 años,Local,Municipalidad Distrital de Querocoto,Cajamarca,Gobiernos Locales,I Trimestre,1d0e9856213f
TALLER,VIRTUAL,"Directiva N° 0010-2025-EF/54.01, “Directiva para la solicitud de creación de ítems en el Catálogo de Bienes, Servicios y Obras del SIGA MEF” ",2026-01-26,2026-01,Masculino,Entre 31 y 40 años,Nacional,Universidad Nacional de Cajamarca (UNC),Cajamarca,Educación,I Trimestre,2217be74b570
TALLER,VIRTUAL,"Directiva N° 0010-2025-EF/54.01, “Directiva para la solicitud de creación de ítems en el Catálogo de Bienes, Servicios y Obras del SIGA MEF” ",2026-01-26,2026-01,Masculino,Entre 41 y 50 años,Regional,Dirección Regional de Salud Cajamarca,Cajamarca,Gobiernos Regionales,I Trimestre,65a3351fc6df
TALLER,VIRTUAL,"Directiva N° 0010-2025-EF/54.01, “Directiva para la solicitud de creación de ítems en el Catálogo de Bienes, Servicios y Obras del SIGA MEF” ",2026-01-26,2026-01,Femenino,Entre 31 y 40 años,Regional,RED DE SALUD CAJABAMBA,Cajamarca,Salud,I Trimestre,d819bdea5426
TALLER,VIRTUAL,"Directiva N° 0010-2025-EF/54.01, “Directiva para la solicitud de creación de ítems en el Catálogo de Bienes, Servicios y Obras del SIGA MEF” ",2026-01-26,2026-01,Femenino,Entre 41 y 50 años,Nacional,MINISTERIO DE EDUCACIÓN,Cajamarca,Educación,I Trimestre,8358da93adfe
TALLER,VIRTUAL,"Directiva N° 0010-2025-EF/54.01, “Directiva para la solicitud de creación de ítems en el Catálogo de Bienes, Servicios y Obras del SIGA MEF” ",2026-01-26,2026-01,Femenino,Entre 31 y 40 años,Regional,Unidad Ejecutora - Salud San Ignacio,Cajamarca,Salud,I Trimestre,d789f82b011a
TALLER,VIRTUAL,"Directiva N° 0010-2025-EF/54.01, “Directiva para la solicitud de creación de ítems en el Catálogo de Bienes, Servicios y Obras del SIGA MEF” ",2026-01-26,2026-01,Femenino,Entre 31 y 40 años,Regional,Unidad Ejecutora - Red de Salud Cajamarca,Cajamarca,Salud,I Trimestre,c6b51907be27
TALLER,VIRTUAL,"Directiva N° 0010-2025-EF/54.01, “Directiva para la solicitud de creación de ítems en el Catálogo de Bienes, Servicios y Obras del SIGA MEF” ",2026-01-26,2026-01,Masculino,Entre 31 y 40 años,Regional,Unidad de Gestión Educativa Local de la Provincia de Hualgayoc,Cajamarca,Educación,I Trimestre,679e97dc679a
TALLER,VIRTUAL,"Directiva N° 0010-2025-EF/54.01, “Directiva para la solicitud de creación de ítems en el Catálogo de Bienes, Servicios y Obras del SIGA MEF” ",2026-01-26,2026-01,Femenino,Entre 31 y 40 años,Regional,Dirección Regional de Educación Cajamarca,Cajamarca,Salud,I Trimestre,8fc79c55233a
TALLER,VIRTUAL,"Directiva N° 0010-2025-EF/54.01, “Directiva para la solicitud de creación de ítems en el Catálogo de Bienes, Servicios y Obras del SIGA MEF” ",2026-01-26,2026-01,Femenino,Entre 20 y 30 años,Regional,Gobierno Regional Tumbes,Tumbes,Gobiernos Regionales,I Trimestre,deb0aab60b7c
TALLER,VIRTUAL,"Directiva N° 0010-2025-EF/54.01, “Directiva para la solicitud de creación de ítems en el Catálogo de Bienes, Servicios y Obras del SIGA MEF” ",2026-01-26,2026-01,Femenino,Entre 20 y 30 años,Regional,Gobierno Regional Tumbes,Tumbes,Gobiernos Regionales,I Trimestre,2ed338fdd354
TALLER,VIRTUAL,"Directiva N° 0010-2025-EF/54.01, “Directiva para la solicitud de creación de ítems en el Catálogo de Bienes, Servicios y Obras del SIGA MEF” ",2026-01-26,2026-01,Masculino,Entre 41 y 50 años,Regional,Hospital Regional Docente de Cajamarca,Cajamarca,Gobiernos Regionales,I Trimestre,67cc3f18ac77
TALLER,VIRTUAL,"Directiva N° 0010-2025-EF/54.01, “Directiva para la solicitud de creación de ítems en el Catálogo de Bienes, Servicios y Obras del SIGA MEF” ",2026-01-26,2026-01,Femenino,Entre 31 y 40 años,Regional,Unidad de Gestión Educativa Local de Contumazá,Cajamarca,Educación,I Trimestre,16ee9c4bb6c3
TALLER,VIRTUAL,"Directiva N° 0010-2025-EF/54.01, “Directiva para la solicitud de creación de ítems en el Catálogo de Bienes, Servicios y Obras del SIGA MEF” ",2026-01-26,2026-01,Masculino,Entre 31 y 40 años,Nacional,Universidad Nacional Autónoma de Cutervo,Cajamarca,Educación,I Trimestre,2a0581771aee
TALLER,VIRTUAL,"Directiva N° 0010-2025-EF/54.01, “Directiva para la solicitud de creación de ítems en el Catálogo de Bienes, Servicios y Obras del SIGA MEF” ",2026-01-26,2026-01,Femenino,Entre 31 y 40 años,Local,Municipalidad Distrital de Huambos,Cajamarca,Gobiernos Locales,I Trimestre,820ff69e53e4
TALLER,VIRTUAL,"Directiva N° 0010-2025-EF/54.01, “Directiva para la solicitud de creación de ítems en el Catálogo de Bienes, Servicios y Obras del SIGA MEF” ",2026-01-26,2026-01,Masculino,Entre 31 y 40 años,Regional,Unidad de Gestión Educativa Local de la Provincia de Hualgayoc,Cajamarca,Educación,I Trimestre,7a384ade26be
TALLER,VIRTUAL,"Directiva N° 0010-2025-EF/54.01, “Directiva para la solicitud de creación de ítems en el Catálogo de Bienes, Servicios y Obras del SIGA MEF” ",2026-01-26,2026-01,Femenino,Entre 41 y 50 años,Regional,Unidad de Gestión Educativa Local de Santa Cruz,Cajamarca,Educación,I Trimestre,5391ff25bd13
TALLER,VIRTUAL,"Directiva N° 0010-2025-EF/54.01, “Directiva para la solicitud de creación de ítems en el Catálogo de Bienes, Servicios y Obras del SIGA MEF” ",2026-01-26,2026-01,Masculino,Entre 31 y 40 años,Local,Municipalidad Provincial de Cajamarca,Cajamarca,Gobiernos Locales,I Trimestre,f220732749fc
TALLER,VIRTUAL,"Directiva N° 0010-2025-EF/54.01, “Directiva para la solicitud de creación de ítems en el Catálogo de Bienes, Servicios y Obras del SIGA MEF” ",2026-01-26,2026-01,Masculino,Entre 31 y 40 años,Regional,Unidad Ejecutora - Salud San Ignacio,Cajamarca,Salud,I Trimestre,8730eda85388
TALLER,VIRTUAL,"Directiva N° 0010-2025-EF/54.01, “Directiva para la solicitud de creación de ítems en el Catálogo de Bienes, Servicios y Obras del SIGA MEF” ",2026-01-26,2026-01,Masculino,Entre 31 y 40 años,Local,Municipalidad Distrital de Eduardo Villanueva,Cajamarca,Gobiernos Locales,I Trimestre,41a2ecec2374
TALLER,VIRTUAL,"Directiva N° 0010-2025-EF/54.01, “Directiva para la solicitud de creación de ítems en el Catálogo de Bienes, Servicios y Obras del SIGA MEF” ",2026-01-26,2026-01,Femenino,Entre 31 y 40 años,Local,Municipalidad Distrital de Oxamarca,Cajamarca,Gobiernos Locales,I Trimestre,ce81668aafa8
TALLER,VIRTUAL,"Directiva N° 0010-2025-EF/54.01, “Directiva para la solicitud de creación de ítems en el Catálogo de Bienes, Servicios y Obras del SIGA MEF” ",2026-01-26,2026-01,Masculino,Entre 41 y 50 años,Local,Municipalidad Distrital de Santo Tomás,Cajamarca,Gobiernos Locales,I Trimestre,97ddbe8319cc
TALLER,VIRTUAL,"Directiva N° 0010-2025-EF/54.01, “Directiva para la solicitud de creación de ítems en el Catálogo de Bienes, Servicios y Obras del SIGA MEF” ",2026-01-26,2026-01,Femenino,Entre 51 y 60 años,Local,MUNICIPALIDAD DISTRITAL DE LA BREA,Tumbes,Gobiernos Locales,I Trimestre,52d7d164023f
TALLER,VIRTUAL,"Directiva N° 0010-2025-EF/54.01, “Directiva para la solicitud de creación de ítems en el Catálogo de Bienes, Servicios y Obras del SIGA MEF” ",2026-01-26,2026-01,Masculino,Entre 20 y 30 años,Local,Municipalidad Provincial de San Pablo,Cajamarca,Gobiernos Locales,I Trimestre,f94dfa818145
TALLER,VIRTUAL,"Directiva N° 0010-2025-EF/54.01, “Directiva para la solicitud de creación de ítems en el Catálogo de Bienes, Servicios y Obras del SIGA MEF” ",2026-01-26,2026-01,Masculino,Entre 31 y 40 años,Regional,Hospital Regional Docente de Cajamarca,Cajamarca,Salud,I Trimestre,33aed8f520e8
TALLER,VIRTUAL,"Directiva N° 0010-2025-EF/54.01, “Directiva para la solicitud de creación de ítems en el Catálogo de Bienes, Servicios y Obras del SIGA MEF” ",2026-01-26,2026-01,Femenino,Entre 31 y 40 años,Nacional,Universidad Nacional de Cajamarca (UNC),Cajamarca,Educación,I Trimestre,b2742a33cd5f
TALLER,VIRTUAL,"Directiva N° 0010-2025-EF/54.01, “Directiva para la solicitud de creación de ítems en el Catálogo de Bienes, Servicios y Obras del SIGA MEF” ",2026-01-26,2026-01,Masculino,Entre 41 y 50 años,Regional,Dirección Regional de Agricultura de Cajamarca,Cajamarca,Gobiernos Regionales,I Trimestre,9b6b3d654d3c
TALLER,VIRTUAL,"Directiva N° 0010-2025-EF/54.01, “Directiva para la solicitud de creación de ítems en el Catálogo de Bienes, Servicios y Obras del SIGA MEF” ",2026-01-26,2026-01,Femenino,Entre 31 y 40 años,Regional,Unidad de Gestión Educativa Local de San Pablo,Cajamarca,Gobiernos Locales,I Trimestre,097563271a86
TALLER,VIRTUAL,"Directiva N° 0010-2025-EF/54.01, “Directiva para la solicitud de creación de ítems en el Catálogo de Bienes, Servicios y Obras del SIGA MEF” ",2026-01-26,2026-01,Masculino,Entre 20 y 30 años,Local,Municipalidad Provincial de San Miguel,Cajamarca,Gobiernos Locales,I Trimestre,2a53b3e849e4
TALLER,VIRTUAL,"Directiva N° 0010-2025-EF/54.01, “Directiva para la solicitud de creación de ítems en el Catálogo de Bienes, Servicios y Obras del SIGA MEF” ",2026-01-26,2026-01,Masculino,Entre 20 y 30 años,Local,Municipalidad Distrital de San Luis,Cajamarca,Gobiernos Locales,I Trimestre,bdb9b506b6b0
TALLER,VIRTUAL,"Directiva N° 0010-2025-EF/54.01, “Directiva para la solicitud de creación de ítems en el Catálogo de Bienes, Servicios y Obras del SIGA MEF” ",2026-01-26,2026-01,Masculino,Entre 31 y 40 años,Local,Municipalidad Distrital de Santo Domingo de la Capilla,Cajamarca,Gobiernos Locales,I Trimestre,edd745b442a1
TALLER,VIRTUAL,"Directiva N° 0010-2025-EF/54.01, “Directiva para la solicitud de creación de ítems en el Catálogo de Bienes, Servicios y Obras del SIGA MEF” ",2026-01-26,2026-01,Masculino,Entre 20 y 30 años,Regional,UNIDAD DE GESTION EDUCATIVA LOCAL CUTERVO,Cajamarca,Gobiernos Regionales,I Trimestre,22b6a24374fe
TALLER,VIRTUAL,"Directiva N° 0010-2025-EF/54.01, “Directiva para la solicitud de creación de ítems en el Catálogo de Bienes, Servicios y Obras del SIGA MEF” ",2026-01-26,2026-01,Femenino,Entre 31 y 40 años,Regional,Gobierno Regional Tumbes,Tumbes,Gobiernos Regionales,I Trimestre,f55fb3dcf0d7
TALLER,VIRTUAL,"Directiva N° 0010-2025-EF/54.01, “Directiva para la solicitud de creación de ítems en el Catálogo de Bienes, Servicios y Obras del SIGA MEF” ",2026-01-26,2026-01,Femenino,Entre 31 y 40 años,Local,Municipalidad Distrital de Jesús,Cajamarca,Gobiernos Locales,I Trimestre,467943f13acc
TALLER,VIRTUAL,"Directiva N° 0010-2025-EF/54.01, “Directiva para la solicitud de creación de ítems en el Catálogo de Bienes, Servicios y Obras del SIGA MEF” ",2026-01-26,2026-01,Masculino,Entre 41 y 50 años,Local,Municipalidad Distrital de Matara,Cajamarca,Gobiernos Locales,I Trimestre,06debc781855
TALLER,VIRTUAL,"Directiva N° 0010-2025-EF/54.01, “Directiva para la solicitud de creación de ítems en el Catálogo de Bienes, Servicios y Obras del SIGA MEF” ",2026-01-26,2026-01,Femenino,Entre 20 y 30 años,Local,Municipalidad Distrital de Chancay,Cajamarca,Gobiernos Locales,I Trimestre,69f390d84d23
TALLER,VIRTUAL,"Directiva N° 0010-2025-EF/54.01, “Directiva para la solicitud de creación de ítems en el Catálogo de Bienes, Servicios y Obras del SIGA MEF” ",2026-01-26,2026-01,Femenino,Entre 31 y 40 años,Regional,Unidad de Gestión Educativa Local de Cajabamba,Cajamarca,Educación,I Trimestre,189bd4d03014
TALLER,VIRTUAL,"Directiva N° 0010-2025-EF/54.01, “Directiva para la solicitud de creación de ítems en el Catálogo de Bienes, Servicios y Obras del SIGA MEF” ",2026-01-26,2026-01,Masculino,Entre 31 y 40 años,Local,Municipalidad Distrital de San Juan de Cutervo,Cajamarca,Gobiernos Locales,I Trimestre,8a2770307393
TALLER,VIRTUAL,"Directiva N° 0010-2025-EF/54.01, “Directiva para la solicitud de creación de ítems en el Catálogo de Bienes, Servicios y Obras del SIGA MEF” ",2026-01-26,2026-01,Masculino,Entre 20 y 30 años,Regional,Dirección Regional de Agricultura de Cajamarca,Cajamarca,Agricultura y Riego,I Trimestre,46d921142ab9
TALLER,VIRTUAL,"Directiva N° 0010-2025-EF/54.01, “Directiva para la solicitud de creación de ítems en el Catálogo de Bienes, Servicios y Obras del SIGA MEF” ",2026-01-26,2026-01,Femenino,Entre 51 y 60 años,Regional,Gobierno Regional Tumbes,Tumbes,Gobiernos Regionales,I Trimestre,1ec45279f90e
TALLER,VIRTUAL,"Directiva N° 0010-2025-EF/54.01, “Directiva para la solicitud de creación de ítems en el Catálogo de Bienes, Servicios y Obras del SIGA MEF” ",2026-01-26,2026-01,Masculino,Entre 41 y 50 años,Local,MUNICIPALIDAD PROVINCVIAL DE CONTRALMIRANTE VILLAR,Tumbes,Gobiernos Locales,I Trimestre,b78ae829a2d2
TALLER,VIRTUAL,"Directiva N° 0010-2025-EF/54.01, “Directiva para la solicitud de creación de ítems en el Catálogo de Bienes, Servicios y Obras del SIGA MEF” ",2026-01-26,2026-01,Masculino,Entre 31 y 40 años,Local,Municipalidad Distrital de Chugur,Cajamarca,Gobiernos Locales,I Trimestre,ac90b5e71cf0
TALLER,VIRTUAL,"Directiva N° 0010-2025-EF/54.01, “Directiva para la solicitud de creación de ítems en el Catálogo de Bienes, Servicios y Obras del SIGA MEF” ",2026-01-26,2026-01,Femenino,Entre 31 y 40 años,Nacional,Universidad Nacional de Cajamarca (UNC),Cajamarca,Educación,I Trimestre,3bb6d4d2a3a7
TALLER,VIRTUAL,"Directiva N° 0010-2025-EF/54.01, “Directiva para la solicitud de creación de ítems en el Catálogo de Bienes, Servicios y Obras del SIGA MEF” ",2026-01-26,2026-01,Femenino,Entre 31 y 40 años,Local,Municipalidad Distrital de Canoas de Punta Sal,Tumbes,Gobiernos Locales,I Trimestre,c9f8cceddf46
TALLER,VIRTUAL,"Directiva N° 0010-2025-EF/54.01, “Directiva para la solicitud de creación de ítems en el Catálogo de Bienes, Servicios y Obras del SIGA MEF” ",2026-01-26,2026-01,Masculino,Entre 31 y 40 años,Regional,Dirección Sub Regional de Salud Chota,Cajamarca,Salud,I Trimestre,b04792cf2887
TALLER,VIRTUAL,"Directiva N° 0010-2025-EF/54.01, “Directiva para la solicitud de creación de ítems en el Catálogo de Bienes, Servicios y Obras del SIGA MEF” ",2026-01-26,2026-01,Masculino,Entre 20 y 30 años,Local,Municipalidad Distrital de Santo Tomás,Cajamarca,Gobiernos Locales,I Trimestre,f51874339f69
TALLER,VIRTUAL,"Directiva N° 0010-2025-EF/54.01, “Directiva para la solicitud de creación de ítems en el Catálogo de Bienes, Servicios y Obras del SIGA MEF” ",2026-01-26,2026-01,Femenino,Entre 20 y 30 años,Regional,HOSPITAL JOSE HERNAN SOTO CADENILLAS DE CHOTA,Cajamarca,Salud,I Trimestre,47f3ebe87443
TALLER,VIRTUAL,"Directiva N° 0010-2025-EF/54.01, “Directiva para la solicitud de creación de ítems en el Catálogo de Bienes, Servicios y Obras del SIGA MEF” ",2026-01-26,2026-01,Masculino,Entre 20 y 30 años,Regional,Gobierno Regional Tumbes,Tumbes,Gobiernos Regionales,I Trimestre,2d3613ffd39b
TALLER,VIRTUAL,"Directiva N° 0010-2025-EF/54.01, “Directiva para la solicitud de creación de ítems en el Catálogo de Bienes, Servicios y Obras del SIGA MEF” ",2026-01-26,2026-01,Masculino,Entre 20 y 30 años,Local,Municipalidad Distrital de Cospan,Cajamarca,Gobiernos Locales,I Trimestre,90d25c63fb45
TALLER,VIRTUAL,"Directiva N° 0010-2025-EF/54.01, “Directiva para la solicitud de creación de ítems en el Catálogo de Bienes, Servicios y Obras del SIGA MEF” ",2026-01-26,2026-01,Masculino,Entre 41 y 50 años,Regional,Unidad de Gestión Educativa Local de San Marcos,Cajamarca,Educación,I Trimestre,528906f88dc3
TALLER,VIRTUAL,"Directiva N° 0010-2025-EF/54.01, “Directiva para la solicitud de creación de ítems en el Catálogo de Bienes, Servicios y Obras del SIGA MEF” ",2026-01-26,2026-01,Masculino,Entre 20 y 30 años,Regional,Dirección Regional de Agricultura de Cajamarca,Cajamarca,Gobiernos Regionales,I Trimestre,292ef28c3050
TALLER,VIRTUAL,"Directiva N° 0010-2025-EF/54.01, “Directiva para la solicitud de creación de ítems en el Catálogo de Bienes, Servicios y Obras del SIGA MEF” ",2026-01-26,2026-01,Masculino,Entre 20 y 30 años,Local,Municipalidad Distrital de Llapa,Cajamarca,Gobiernos Locales,I Trimestre,2745bf3f7479
TALLER,VIRTUAL,"Directiva N° 0010-2025-EF/54.01, “Directiva para la solicitud de creación de ítems en el Catálogo de Bienes, Servicios y Obras del SIGA MEF” ",2026-01-26,2026-01,Femenino,Entre 20 y 30 años,Regional,Dirección Regional de Educación de Tumbes,Tumbes,Educación,I Trimestre,6c53ea45f7f9
TALLER,VIRTUAL,"Directiva N° 0010-2025-EF/54.01, “Directiva para la solicitud de creación de ítems en el Catálogo de Bienes, Servicios y Obras del SIGA MEF” ",2026-01-26,2026-01,Femenino,Entre 31 y 40 años,Local,Municipalidad Distrital de San Juan,Cajamarca,Gobiernos Locales,I Trimestre,b2d7b4a69dd7
TALLER,VIRTUAL,"Directiva N° 0010-2025-EF/54.01, “Directiva para la solicitud de creación de ítems en el Catálogo de Bienes, Servicios y Obras del SIGA MEF” ",2026-01-27,2026-01,Masculino,Mayor a 61 años,Nacional,Universidad Nacional de San Antonio Abad del Cusco (UNSAAC),Cusco,Educación,I Trimestre,7a522065f5fc
TALLER,VIRTUAL,"Directiva N° 0010-2025-EF/54.01, “Directiva para la solicitud de creación de ítems en el Catálogo de Bienes, Servicios y Obras del SIGA MEF” ",2026-01-27,2026-01,Femenino,Entre 41 y 50 años,Regional,Dirección Regional de Salud Cusco,Cusco,Salud,I Trimestre,dff5c461033d
TALLER,VIRTUAL,"Directiva N° 0010-2025-EF/54.01, “Directiva para la solicitud de creación de ítems en el Catálogo de Bienes, Servicios y Obras del SIGA MEF” ",2026-01-27,2026-01,Masculino,Entre 41 y 50 años,Nacional,MINISTERIO DE CULTURA CUSCO,Cusco,Cultura,I Trimestre,5141dd567fcc
TALLER,VIRTUAL,"Directiva N° 0010-2025-EF/54.01, “Directiva para la solicitud de creación de ítems en el Catálogo de Bienes, Servicios y Obras del SIGA MEF” ",2026-01-27,2026-01,Femenino,Entre 31 y 40 años,Local,Municipalidad Distrital de Machupicchu,Cusco,Gobiernos Locales,I Trimestre,364c2e572d38
TALLER,VIRTUAL,"Directiva N° 0010-2025-EF/54.01, “Directiva para la solicitud de creación de ítems en el Catálogo de Bienes, Servicios y Obras del SIGA MEF” ",2026-01-27,2026-01,Femenino,Entre 41 y 50 años,Regional,Gerencia Administrativa de Cusco del Ministerio Público,Cusco,Ministerio Público,I Trimestre,fa400d28df9d
TALLER,VIRTUAL,"Directiva N° 0010-2025-EF/54.01, “Directiva para la solicitud de creación de ítems en el Catálogo de Bienes, Servicios y Obras del SIGA MEF” ",2026-01-27,2026-01,Masculino,Entre 31 y 40 años,Local,Municipalidad Distrital de Langui,Cusco,Otros,I Trimestre,8874bc630832
TALLER,VIRTUAL,"Directiva N° 0010-2025-EF/54.01, “Directiva para la solicitud de creación de ítems en el Catálogo de Bienes, Servicios y Obras del SIGA MEF” ",2026-01-27,2026-01,Masculino,Entre 31 y 40 años,Local,Municipalidad Distrital de Huancarani,Cusco,Gobiernos Locales,I Trimestre,33e7eb360773
TALLER,VIRTUAL,"Directiva N° 0010-2025-EF/54.01, “Directiva para la solicitud de creación de ítems en el Catálogo de Bienes, Servicios y Obras del SIGA MEF” ",2026-01-27,2026-01,Masculino,Entre 31 y 40 años,Local,Municipalidad Distrital de Cachimayo,Cusco,Gobiernos Locales,I Trimestre,da2d9635f3f7
TALLER,VIRTUAL,"Directiva N° 0010-2025-EF/54.01, “Directiva para la solicitud de creación de ítems en el Catálogo de Bienes, Servicios y Obras del SIGA MEF” ",2026-01-27,2026-01,Femenino,Entre 31 y 40 años,Nacional,MINISTERIO PUBLICO- GERENCIA ADMNINISTRATIVA DE CUSCO,Cusco,Ministerio Público,I Trimestre,de37b87869d7
TALLER,VIRTUAL,"Directiva N° 0010-2025-EF/54.01, “Directiva para la solicitud de creación de ítems en el Catálogo de Bienes, Servicios y Obras del SIGA MEF” ",2026-01-27,2026-01,Femenino,Entre 31 y 40 años,Local,Municipalidad Distrital de Kunturkanki,Cusco,Gobiernos Locales,I Trimestre,eec6890edced
TALLER,VIRTUAL,"Directiva N° 0010-2025-EF/54.01, “Directiva para la solicitud de creación de ítems en el Catálogo de Bienes, Servicios y Obras del SIGA MEF” ",2026-01-27,2026-01,Masculino,Entre 31 y 40 años,Local,Municipalidad Distrital de Cachimayo,Cusco,Gobiernos Locales,I Trimestre,557a275cde21
TALLER,VIRTUAL,"Directiva N° 0010-2025-EF/54.01, “Directiva para la solicitud de creación de ítems en el Catálogo de Bienes, Servicios y Obras del SIGA MEF” ",2026-01-27,2026-01,Femenino,Entre 31 y 40 años,Local,Municipalidad Distrital de Maras,Cusco,Gobiernos Locales,I Trimestre,ed1ef055f9cd
TALLER,VIRTUAL,"Directiva N° 0010-2025-EF/54.01, “Directiva para la solicitud de creación de ítems en el Catálogo de Bienes, Servicios y Obras del SIGA MEF” ",2026-01-27,2026-01,Masculino,Entre 31 y 40 años,Local,Municipalidad Distrital de Quehue,Cusco,Gobiernos Locales,I Trimestre,a35bc18bc004
TALLER,VIRTUAL,"Directiva N° 0010-2025-EF/54.01, “Directiva para la solicitud de creación de ítems en el Catálogo de Bienes, Servicios y Obras del SIGA MEF” ",2026-01-27,2026-01,Femenino,Entre 31 y 40 años,Local,Municipalidad Distrital de Wanchaq,Cusco,Gobiernos Locales,I Trimestre,aac6b0aa8685
TALLER,VIRTUAL,"Directiva N° 0010-2025-EF/54.01, “Directiva para la solicitud de creación de ítems en el Catálogo de Bienes, Servicios y Obras del SIGA MEF” ",2026-01-27,2026-01,Masculino,Entre 41 y 50 años,Regional,Gobierno Regional de Cusco,Cusco,Gobiernos Regionales,I Trimestre,3a277ee8a491
TALLER,VIRTUAL,"Directiva N° 0010-2025-EF/54.01, “Directiva para la solicitud de creación de ítems en el Catálogo de Bienes, Servicios y Obras del SIGA MEF” ",2026-01-27,2026-01,Femenino,Entre 20 y 30 años,Local,Municipalidad Distrital de Ccorca,Cusco,Gobiernos Locales,I Trimestre,d96969abb097
TALLER,VIRTUAL,"Directiva N° 0010-2025-EF/54.01, “Directiva para la solicitud de creación de ítems en el Catálogo de Bienes, Servicios y Obras del SIGA MEF” ",2026-01-27,2026-01,Femenino,Entre 41 y 50 años,Local,Municipalidad Distrital de Alto Pichigua,Cusco,Gobiernos Locales,I Trimestre,ec5d69a64b47
TALLER,VIRTUAL,"Directiva N° 0010-2025-EF/54.01, “Directiva para la solicitud de creación de ítems en el Catálogo de Bienes, Servicios y Obras del SIGA MEF” ",2026-01-27,2026-01,Masculino,Entre 20 y 30 años,Regional,Dirección Regional de Transportes y Comunicaciones de Cusco,Cusco,Transportes y Comunicaciones,I Trimestre,2dabe93c2a26
TALLER,VIRTUAL,"Directiva N° 0010-2025-EF/54.01, “Directiva para la solicitud de creación de ítems en el Catálogo de Bienes, Servicios y Obras del SIGA MEF” ",2026-01-27,2026-01,Masculino,Entre 20 y 30 años,Local,Municipalidad Distrital de Langui,Cusco,Gobiernos Locales,I Trimestre,3c90735585f8
TALLER,VIRTUAL,"Directiva N° 0010-2025-EF/54.01, “Directiva para la solicitud de creación de ítems en el Catálogo de Bienes, Servicios y Obras del SIGA MEF” ",2026-01-27,2026-01,Femenino,Entre 31 y 40 años,Local,Municipalidad Distrital de Huayopata,Cusco,Gobiernos Locales,I Trimestre,b9f6f1612515
TALLER,VIRTUAL,"Directiva N° 0010-2025-EF/54.01, “Directiva para la solicitud de creación de ítems en el Catálogo de Bienes, Servicios y Obras del SIGA MEF” ",2026-01-27,2026-01,Masculino,Entre 31 y 40 años,Local,Municipalidad Distrital de Huancarani,Cusco,Gobiernos Locales,I Trimestre,10117fed0dd7
TALLER,VIRTUAL,"Directiva N° 0010-2025-EF/54.01, “Directiva para la solicitud de creación de ítems en el Catálogo de Bienes, Servicios y Obras del SIGA MEF” ",2026-01-27,2026-01,Masculino,Entre 41 y 50 años,Local,Municipalidad Provincial de Chumbivilcas,Cusco,Gobiernos Locales,I Trimestre,57c0923c30e6
TALLER,VIRTUAL,"Directiva N° 0010-2025-EF/54.01, “Directiva para la solicitud de creación de ítems en el Catálogo de Bienes, Servicios y Obras del SIGA MEF” ",2026-01-27,2026-01,Femenino,Entre 20 y 30 años,Regional,Dirección Regional de Transportes y Comunicaciones de Cusco,Cusco,Transportes y Comunicaciones,I Trimestre,8681786aeb30
TALLER,VIRTUAL,"Directiva N° 0010-2025-EF/54.01, “Directiva para la solicitud de creación de ítems en el Catálogo de Bienes, Servicios y Obras del SIGA MEF” ",2026-01-27,2026-01,Femenino,Entre 20 y 30 años,Nacional,Zona Registral Nro X - Sede Cusco,Cusco,Justicia y Derechos Humanos,I Trimestre,fa91183635d8
TALLER,VIRTUAL,"Directiva N° 0010-2025-EF/54.01, “Directiva para la solicitud de creación de ítems en el Catálogo de Bienes, Servicios y Obras del SIGA MEF” ",2026-01-27,2026-01,Femenino,Entre 31 y 40 años,Local,Municipalidad Distrital de Machupicchu,Cusco,Gobiernos Locales,I Trimestre,6839d89edbf3
TALLER,VIRTUAL,"Directiva N° 0010-2025-EF/54.01, “Directiva para la solicitud de creación de ítems en el Catálogo de Bienes, Servicios y Obras del SIGA MEF” ",2026-01-27,2026-01,Masculino,Entre 41 y 50 años,Local,Municipalidad Distrital de Machupicchu,Cusco,Gobiernos Locales,I Trimestre,1da1486f3c80
TALLER,VIRTUAL,"Directiva N° 0010-2025-EF/54.01, “Directiva para la solicitud de creación de ítems en el Catálogo de Bienes, Servicios y Obras del SIGA MEF” ",2026-01-27,2026-01,Femenino,Entre 41 y 50 años,Local,Municipalidad Distrital de Capacmarca,Cusco,Gobiernos Locales,I Trimestre,a436016e064d
TALLER,VIRTUAL,"Directiva N° 0010-2025-EF/54.01, “Directiva para la solicitud de creación de ítems en el Catálogo de Bienes, Servicios y Obras del SIGA MEF” ",2026-01-27,2026-01,Masculino,Entre 31 y 40 años,Local,Municipalidad Distrital de San Sebastián,Cusco,Gobiernos Locales,I Trimestre,ac73569d8861
TALLER,VIRTUAL,"Directiva N° 0010-2025-EF/54.01, “Directiva para la solicitud de creación de ítems en el Catálogo de Bienes, Servicios y Obras del SIGA MEF” ",2026-01-27,2026-01,Masculino,Entre 31 y 40 años,Local,Municipalidad Distrital de Huayopata,Cusco,Gobiernos Locales,I Trimestre,53d5c38e6c6f
TALLER,VIRTUAL,"Directiva N° 0010-2025-EF/54.01, “Directiva para la solicitud de creación de ítems en el Catálogo de Bienes, Servicios y Obras del SIGA MEF” ",2026-01-27,2026-01,Masculino,Entre 20 y 30 años,Local,Municipalidad Distrital de Capacmarca,Cusco,Gobiernos Locales,I Trimestre,a8912b086d89
TALLER,VIRTUAL,"Directiva N° 0010-2025-EF/54.01, “Directiva para la solicitud de creación de ítems en el Catálogo de Bienes, Servicios y Obras del SIGA MEF” ",2026-01-27,2026-01,Femenino,Entre 41 y 50 años,Local,Municipalidad Provincial de Espinar,Cusco,Economía y Finanzas,I Trimestre,875d08d40994
TALLER,VIRTUAL,"Directiva N° 0010-2025-EF/54.01, “Directiva para la solicitud de creación de ítems en el Catálogo de Bienes, Servicios y Obras del SIGA MEF” ",2026-01-27,2026-01,Masculino,Entre 31 y 40 años,Regional,Unidad Ejecutora N° 313 - Educación Canas,Cusco,Educación,I Trimestre,1c9ef5fa113e
TALLER,VIRTUAL,"Directiva N° 0010-2025-EF/54.01, “Directiva para la solicitud de creación de ítems en el Catálogo de Bienes, Servicios y Obras del SIGA MEF” ",2026-01-27,2026-01,Femenino,Entre 20 y 30 años,Local,MUNICIPALIDAD DISTRITAL DE CCORCA,Cusco,Gobiernos Locales,I Trimestre,fe75a653b360
TALLER,VIRTUAL,"Directiva N° 0010-2025-EF/54.01, “Directiva para la solicitud de creación de ítems en el Catálogo de Bienes, Servicios y Obras del SIGA MEF” ",2026-01-27,2026-01,Masculino,Entre 31 y 40 años,Local,Municipalidad Provincial de Paruro,Cusco,Gobiernos Locales,I Trimestre,1efc8a7b8b20
TALLER,VIRTUAL,"Directiva N° 0010-2025-EF/54.01, “Directiva para la solicitud de creación de ítems en el Catálogo de Bienes, Servicios y Obras del SIGA MEF” ",2026-01-27,2026-01,Masculino,Entre 20 y 30 años,Regional,Gobierno Regional de Cusco,Cusco,Gobiernos Regionales,I Trimestre,dc35aec6251d
TALLER,VIRTUAL,"Directiva N° 0010-2025-EF/54.01, “Directiva para la solicitud de creación de ítems en el Catálogo de Bienes, Servicios y Obras del SIGA MEF” ",2026-01-27,2026-01,Femenino,Entre 20 y 30 años,Local,Municipalidad Provincial de Quispicanchi,Cusco,Gobiernos Locales,I Trimestre,271999ff7d62
TALLER,VIRTUAL,"Directiva N° 0010-2025-EF/54.01, “Directiva para la solicitud de creación de ítems en el Catálogo de Bienes, Servicios y Obras del SIGA MEF” ",2026-01-27,2026-01,Masculino,Mayor a 61 años,Local,Municipalidad Distrital de Wanchaq,Cusco,Gobiernos Locales,I Trimestre,7fd22200c235
TALLER,VIRTUAL,"Directiva N° 0010-2025-EF/54.01, “Directiva para la solicitud de creación de ítems en el Catálogo de Bienes, Servicios y Obras del SIGA MEF” ",2026-01-27,2026-01,Femenino,Entre 20 y 30 años,Nacional,MINISTERIO PUBLICO- GERENCIA ADMNINISTRATIVA DE CUSCO,Cusco,Ministerio Público,I Trimestre,7dc28c36ac67
TALLER,VIRTUAL,"Directiva N° 0010-2025-EF/54.01, “Directiva para la solicitud de creación de ítems en el Catálogo de Bienes, Servicios y Obras del SIGA MEF” ",2026-01-27,2026-01,Femenino,Entre 20 y 30 años,Local,Municipalidad Distrital de Chamaca,Cusco,Gobiernos Locales,I Trimestre,6754d8ad9a7d
TALLER,VIRTUAL,"Directiva N° 0010-2025-EF/54.01, “Directiva para la solicitud de creación de ítems en el Catálogo de Bienes, Servicios y Obras del SIGA MEF” ",2026-01-27,2026-01,Femenino,Entre 51 y 60 años,Nacional,MINISTERIO PUBLICO- GERENCIA ADMNINISTRATIVA DE CUSCO,Cusco,Ministerio Público,I Trimestre,1060b0275912
TALLER,VIRTUAL,"Directiva N° 0010-2025-EF/54.01, “Directiva para la solicitud de creación de ítems en el Catálogo de Bienes, Servicios y Obras del SIGA MEF” ",2026-01-27,2026-01,Femenino,Entre 41 y 50 años,Nacional,MINISTERIO DE CULTURA CUSCO,Cusco,Cultura,I Trimestre,59eedf80d2ea
TALLER,VIRTUAL,"Directiva N° 0010-2025-EF/54.01, “Directiva para la solicitud de creación de ítems en el Catálogo de Bienes, Servicios y Obras del SIGA MEF” ",2026-01-27,2026-01,Masculino,Entre 31 y 40 años,Local,Municipalidad Distrital de Chinchero,Cusco,Gobiernos Locales,I Trimestre,1cf11a6bbf6a
TALLER,VIRTUAL,"Directiva N° 0010-2025-EF/54.01, “Directiva para la solicitud de creación de ítems en el Catálogo de Bienes, Servicios y Obras del SIGA MEF” ",2026-01-27,2026-01,Femenino,Entre 51 y 60 años,Regional,Hospital Regional Cusco,Cusco,Salud,I Trimestre,564753b66c88
TALLER,VIRTUAL,"Directiva N° 0010-2025-EF/54.01, “Directiva para la solicitud de creación de ítems en el Catálogo de Bienes, Servicios y Obras del SIGA MEF” ",2026-01-27,2026-01,Femenino,Entre 31 y 40 años,Nacional,Corte Superior de Justicia de Cusco,Cusco,Poder Judicial,I Trimestre,fcab8ba7f637
TALLER,VIRTUAL,"Directiva N° 0010-2025-EF/54.01, “Directiva para la solicitud de creación de ítems en el Catálogo de Bienes, Servicios y Obras del SIGA MEF” ",2026-01-27,2026-01,Masculino,Entre 20 y 30 años,Local,Municipalidad Distrital de Yanatile,Cusco,Gobiernos Locales,I Trimestre,1d3cc74854b2
TALLER,VIRTUAL,"Directiva N° 0010-2025-EF/54.01, “Directiva para la solicitud de creación de ítems en el Catálogo de Bienes, Servicios y Obras del SIGA MEF” ",2026-01-27,2026-01,Masculino,Entre 31 y 40 años,Nacional,Universidad Nacional de San Antonio Abad del Cusco (UNSAAC),Cusco,Educación,I Trimestre,5796d3274429
TALLER,VIRTUAL,"Directiva N° 0010-2025-EF/54.01, “Directiva para la solicitud de creación de ítems en el Catálogo de Bienes, Servicios y Obras del SIGA MEF” ",2026-01-27,2026-01,Femenino,Entre 41 y 50 años,Regional,Dirección Regional Sur Oriente del INPE,Cusco,Justicia y Derechos Humanos,I Trimestre,85ec29a2856d
TALLER,VIRTUAL,"Directiva N° 0010-2025-EF/54.01, “Directiva para la solicitud de creación de ítems en el Catálogo de Bienes, Servicios y Obras del SIGA MEF” ",2026-01-27,2026-01,Masculino,Entre 51 y 60 años,Regional,Unidad Ejecutora N° 408 - Hospital de Espinar,Cusco,Salud,I Trimestre,bbc17dcc11c0
TALLER,VIRTUAL,"Directiva N° 0010-2025-EF/54.01, “Directiva para la solicitud de creación de ítems en el Catálogo de Bienes, Servicios y Obras del SIGA MEF” ",2026-01-27,2026-01,Masculino,Entre 20 y 30 años,Local,Municipalidad Provincial de Urubamba,Cusco,Gobiernos Locales,I Trimestre,5ef9b251044b
TALLER,VIRTUAL,"Directiva N° 0010-2025-EF/54.01, “Directiva para la solicitud de creación de ítems en el Catálogo de Bienes, Servicios y Obras del SIGA MEF” ",2026-01-27,2026-01,Femenino,Entre 31 y 40 años,Local,Municipalidad Distrital de Langui,Cusco,Gobiernos Locales,I Trimestre,28f84fa549f3
TALLER,VIRTUAL,"Directiva N° 0010-2025-EF/54.01, “Directiva para la solicitud de creación de ítems en el Catálogo de Bienes, Servicios y Obras del SIGA MEF” ",2026-01-27,2026-01,Femenino,Entre 20 y 30 años,Local,Municipalidad Distrital de Machupicchu,Cusco,Gobiernos Locales,I Trimestre,6e5642b8970d
TALLER,VIRTUAL,"Directiva N° 0010-2025-EF/54.01, “Directiva para la solicitud de creación de ítems en el Catálogo de Bienes, Servicios y Obras del SIGA MEF” ",2026-01-27,2026-01,Femenino,Entre 31 y 40 años,Local,Municipalidad Provincial de Quispicanchi,Cusco,Gobiernos Locales,I Trimestre,70f5d44eb5b2
TALLER,VIRTUAL,"Directiva N° 0010-2025-EF/54.01, “Directiva para la solicitud de creación de ítems en el Catálogo de Bienes, Servicios y Obras del SIGA MEF” ",2026-01-27,2026-01,Masculino,Entre 31 y 40 años,Local,Municipalidad Distrital de Kosñipata,Cusco,Gobiernos Locales,I Trimestre,d153bd2bd8b3
TALLER,VIRTUAL,"Directiva N° 0010-2025-EF/54.01, “Directiva para la solicitud de creación de ítems en el Catálogo de Bienes, Servicios y Obras del SIGA MEF” ",2026-01-27,2026-01,Femenino,Entre 41 y 50 años,Local,Municipalidad Distrital de Chamaca,Cusco,Gobiernos Locales,I Trimestre,309d57a5d6f3
TALLER,VIRTUAL,"Directiva N° 0010-2025-EF/54.01, “Directiva para la solicitud de creación de ítems en el Catálogo de Bienes, Servicios y Obras del SIGA MEF” ",2026-01-27,2026-01,Masculino,Entre 31 y 40 años,Local,Municipalidad Distrital de Machupicchu,Cusco,Gobiernos Locales,I Trimestre,379ff7c3a278
TALLER,VIRTUAL,"Directiva N° 0010-2025-EF/54.01, “Directiva para la solicitud de creación de ítems en el Catálogo de Bienes, Servicios y Obras del SIGA MEF” ",2026-01-27,2026-01,Masculino,Entre 31 y 40 años,Local,Municipalidad Distrital de Pampamarca,Cusco,Gobiernos Locales,I Trimestre,c1b75efebe77
TALLER,VIRTUAL,"Directiva N° 0010-2025-EF/54.01, “Directiva para la solicitud de creación de ítems en el Catálogo de Bienes, Servicios y Obras del SIGA MEF” ",2026-01-27,2026-01,Femenino,Entre 31 y 40 años,Nacional,Corte Superior de Justicia de Cusco,Cusco,Poder Judicial,I Trimestre,d6e82878c64a
TALLER,VIRTUAL,"Directiva N° 0010-2025-EF/54.01, “Directiva para la solicitud de creación de ítems en el Catálogo de Bienes, Servicios y Obras del SIGA MEF” ",2026-01-27,2026-01,Masculino,Entre 31 y 40 años,Regional,Unidad de Gestión Educativa Local de Canchis,Cusco,Educación,I Trimestre,f3083d3b427c
TALLER,VIRTUAL,"Directiva N° 0010-2025-EF/54.01, “Directiva para la solicitud de creación de ítems en el Catálogo de Bienes, Servicios y Obras del SIGA MEF” ",2026-01-27,2026-01,Femenino,Entre 31 y 40 años,Nacional,MINISTERIO PUBLICO- GERENCIA ADMNINISTRATIVA DE CUSCO,Cusco,Ministerio Público,I Trimestre,4d454087c145
TALLER,VIRTUAL,"Directiva N° 0010-2025-EF/54.01, “Directiva para la solicitud de creación de ítems en el Catálogo de Bienes, Servicios y Obras del SIGA MEF” ",2026-01-27,2026-01,Masculino,Entre 31 y 40 años,Local,Municipalidad Distrital de Yucay,Cusco,Gobiernos Locales,I Trimestre,49972458bfe8
TALLER,VIRTUAL,"Directiva N° 0010-2025-EF/54.01, “Directiva para la solicitud de creación de ítems en el Catálogo de Bienes, Servicios y Obras del SIGA MEF” ",2026-01-27,2026-01,Masculino,Entre 51 y 60 años,Local,Municipalidad Distrital de Combapata,Cusco,Gobiernos Locales,I Trimestre,cc813ca451c8
TALLER,VIRTUAL,"Directiva N° 0010-2025-EF/54.01, “Directiva para la solicitud de creación de ítems en el Catálogo de Bienes, Servicios y Obras del SIGA MEF” ",2026-01-27,2026-01,Femenino,Entre 51 y 60 años,Local,Municipalidad Distrital de Cachimayo,Cusco,Gobiernos Locales,I Trimestre,506573b7dcd1
TALLER,VIRTUAL,"Directiva N° 0010-2025-EF/54.01, “Directiva para la solicitud de creación de ítems en el Catálogo de Bienes, Servicios y Obras del SIGA MEF” ",2026-01-27,2026-01,Femenino,Entre 20 y 30 años,Local,Municipalidad Distrital de Machupicchu,Cusco,Gobiernos Locales,I Trimestre,da547dd2d88a
TALLER,VIRTUAL,"Directiva N° 0010-2025-EF/54.01, “Directiva para la solicitud de creación de ítems en el Catálogo de Bienes, Servicios y Obras del SIGA MEF” ",2026-01-27,2026-01,Femenino,Entre 31 y 40 años,Regional,Gobierno Regional de Cusco,Cusco,Gobiernos Regionales,I Trimestre,7544de05c305
TALLER,VIRTUAL,"Directiva N° 0010-2025-EF/54.01, “Directiva para la solicitud de creación de ítems en el Catálogo de Bienes, Servicios y Obras del SIGA MEF” ",2026-01-27,2026-01,Masculino,Entre 20 y 30 años,Regional,Dirección Regional de Salud Cusco,Cusco,Salud,I Trimestre,0da7a10376b8
TALLER,VIRTUAL,"Directiva N° 0010-2025-EF/54.01, “Directiva para la solicitud de creación de ítems en el Catálogo de Bienes, Servicios y Obras del SIGA MEF” ",2026-01-27,2026-01,Masculino,Entre 41 y 50 años,Nacional,Estación Experimental Agraria Andenes Cusco,Cusco,Agricultura y Riego,I Trimestre,7d3469f643d8
TALLER,VIRTUAL,"Directiva N° 0010-2025-EF/54.01, “Directiva para la solicitud de creación de ítems en el Catálogo de Bienes, Servicios y Obras del SIGA MEF” ",2026-01-27,2026-01,Masculino,Entre 41 y 50 años,Local,Municipalidad Distrital de Huayopata,Cusco,Gobiernos Locales,I Trimestre,9ac35fce27c3
TALLER,VIRTUAL,"Directiva N° 0010-2025-EF/54.01, “Directiva para la solicitud de creación de ítems en el Catálogo de Bienes, Servicios y Obras del SIGA MEF” ",2026-01-27,2026-01,Masculino,Entre 31 y 40 años,Regional,SALUD CHUMBIVILCAS,Cusco,Salud,I Trimestre,4db7492723a1
TALLER,VIRTUAL,"Directiva N° 0010-2025-EF/54.01, “Directiva para la solicitud de creación de ítems en el Catálogo de Bienes, Servicios y Obras del SIGA MEF” ",2026-01-27,2026-01,Femenino,Entre 31 y 40 años,Local,Municipalidad Distrital de Maras,Cusco,Gobiernos Locales,I Trimestre,a40d82120bfa
TALLER,VIRTUAL,"Directiva N° 0010-2025-EF/54.01, “Directiva para la solicitud de creación de ítems en el Catálogo de Bienes, Servicios y Obras del SIGA MEF” ",2026-01-27,2026-01,Femenino,Entre 20 y 30 años,Local,Municipalidad Distrital de Acos,Cusco,Gobiernos Locales,I Trimestre,6bfa59488aa3
TALLER,VIRTUAL,"Directiva N° 0010-2025-EF/54.01, “Directiva para la solicitud de creación de ítems en el Catálogo de Bienes, Servicios y Obras del SIGA MEF” ",2026-01-27,2026-01,Masculino,Entre 41 y 50 años,Regional,Unidad Ejecutora N° 410 - Hospital de Quillabamba,Cusco,Salud,I Trimestre,1b8ac11cc032
TALLER,VIRTUAL,"Directiva N° 0010-2025-EF/54.01, “Directiva para la solicitud de creación de ítems en el Catálogo de Bienes, Servicios y Obras del SIGA MEF” ",2026-01-27,2026-01,Femenino,Entre 20 y 30 años,Local,Municipalidad Distrital de Machupicchu,Cusco,Gobiernos Locales,I Trimestre,6699fd6346c1
TALLER,VIRTUAL,"Directiva N° 0010-2025-EF/54.01, “Directiva para la solicitud de creación de ítems en el Catálogo de Bienes, Servicios y Obras del SIGA MEF” ",2026-01-27,2026-01,Masculino,Entre 41 y 50 años,Local,MUNICIPALIDAD DISTRITAL DE CHIARA,Cusco,Gobiernos Locales,I Trimestre,51d5306bec2d
TALLER,VIRTUAL,"Directiva N° 0010-2025-EF/54.01, “Directiva para la solicitud de creación de ítems en el Catálogo de Bienes, Servicios y Obras del SIGA MEF” ",2026-01-27,2026-01,Masculino,Entre 31 y 40 años,Regional,Gobierno Regional de Cusco,Cusco,Gobiernos Regionales,I Trimestre,928ad96af314
TALLER,VIRTUAL,"Directiva N° 0010-2025-EF/54.01, “Directiva para la solicitud de creación de ítems en el Catálogo de Bienes, Servicios y Obras del SIGA MEF” ",2026-01-27,2026-01,Masculino,Entre 31 y 40 años,Local,MUNICIPALIDAD DISTRITAL DE LANGUI,Cusco,Gobiernos Locales,I Trimestre,a599c4d504e2
TALLER,VIRTUAL,"Directiva N° 0010-2025-EF/54.01, “Directiva para la solicitud de creación de ítems en el Catálogo de Bienes, Servicios y Obras del SIGA MEF” ",2026-01-27,2026-01,Femenino,Entre 20 y 30 años,Regional,Hospital Regional Cusco,Cusco,Salud,I Trimestre,b362bb3f2382
TALLER,VIRTUAL,"Directiva N° 0010-2025-EF/54.01, “Directiva para la solicitud de creación de ítems en el Catálogo de Bienes, Servicios y Obras del SIGA MEF” ",2026-01-27,2026-01,Femenino,Entre 51 y 60 años,Nacional,UNIVERSIDAD NACIONAL MICAELA BASTIDAS DE APURIMAC,Cusco,Educación,I Trimestre,1bab32a6ddfd
TALLER,VIRTUAL,"Directiva N° 0010-2025-EF/54.01, “Directiva para la solicitud de creación de ítems en el Catálogo de Bienes, Servicios y Obras del SIGA MEF” ",2026-01-27,2026-01,Masculino,Entre 41 y 50 años,Local,Municipalidad Distrital de Machupicchu,Cusco,Gobiernos Locales,I Trimestre,325d8ef2990c
TALLER,VIRTUAL,"Directiva N° 0010-2025-EF/54.01, “Directiva para la solicitud de creación de ítems en el Catálogo de Bienes, Servicios y Obras del SIGA MEF” ",2026-01-27,2026-01,Femenino,Entre 31 y 40 años,Regional,Dirección Regional de Transportes y Comunicaciones de Cusco,Cusco,Transportes y Comunicaciones,I Trimestre,ecbedc410f60
TALLER,VIRTUAL,"Directiva N° 0010-2025-EF/54.01, “Directiva para la solicitud de creación de ítems en el Catálogo de Bienes, Servicios y Obras del SIGA MEF” ",2026-01-27,2026-01,Masculino,Entre 31 y 40 años,Nacional,MINISTERIO DE CULTURA CUSCO,Cusco,Cultura,I Trimestre,0b6bf26f25c4
TALLER,VIRTUAL,"Directiva N° 0010-2025-EF/54.01, “Directiva para la solicitud de creación de ítems en el Catálogo de Bienes, Servicios y Obras del SIGA MEF” ",2026-01-27,2026-01,Masculino,Entre 31 y 40 años,Nacional,MINISTERIO DE CULTURA CUSCO,Cusco,Cultura,I Trimestre,c4a2119814ba
TALLER,VIRTUAL,"Directiva N° 0010-2025-EF/54.01, “Directiva para la solicitud de creación de ítems en el Catálogo de Bienes, Servicios y Obras del SIGA MEF” ",2026-01-27,2026-01,Masculino,Entre 41 y 50 años,Regional,GERENCIA SUB REGIONAL COTABAMBAS,Cusco,Cultura,I Trimestre,41e1b094624e
TALLER,VIRTUAL,"Directiva N° 0010-2025-EF/54.01, “Directiva para la solicitud de creación de ítems en el Catálogo de Bienes, Servicios y Obras del SIGA MEF” ",2026-01-27,2026-01,Femenino,Entre 20 y 30 años,Local,MUNICIPALIDAD DISTRITAL DE LANGUI,Cusco,Agricultura y Riego,I Trimestre,44b20cbe48a9
TALLER,VIRTUAL,"Directiva N° 0010-2025-EF/54.01, “Directiva para la solicitud de creación de ítems en el Catálogo de Bienes, Servicios y Obras del SIGA MEF” ",2026-01-27,2026-01,Femenino,Entre 20 y 30 años,Local,Municipalidad Distrital de Huayopata,Cusco,Gobiernos Locales,I Trimestre,bcd539a4d58b
TALLER,VIRTUAL,"Directiva N° 0010-2025-EF/54.01, “Directiva para la solicitud de creación de ítems en el Catálogo de Bienes, Servicios y Obras del SIGA MEF” ",2026-01-27,2026-01,Masculino,Entre 20 y 30 años,Nacional,Zona Registral Nro X - Sede Cusco,Cusco,Justicia y Derechos Humanos,I Trimestre,c0b06217e5ea
TALLER,VIRTUAL,"Directiva N° 0010-2025-EF/54.01, “Directiva para la solicitud de creación de ítems en el Catálogo de Bienes, Servicios y Obras del SIGA MEF” ",2026-01-27,2026-01,Masculino,Entre 31 y 40 años,Local,Municipalidad Distrital de Velille,Cusco,Gobiernos Locales,I Trimestre,d4e9c534cc9d
TALLER,VIRTUAL,"Directiva N° 0010-2025-EF/54.01, “Directiva para la solicitud de creación de ítems en el Catálogo de Bienes, Servicios y Obras del SIGA MEF” ",2026-01-27,2026-01,Femenino,Entre 20 y 30 años,Local,Municipalidad Distrital de Saylla,Cusco,Gobiernos Locales,I Trimestre,872b02a22c61
TALLER,VIRTUAL,"Directiva N° 0010-2025-EF/54.01, “Directiva para la solicitud de creación de ítems en el Catálogo de Bienes, Servicios y Obras del SIGA MEF” ",2026-01-27,2026-01,Masculino,Entre 51 y 60 años,Regional,Red de Servicios de Salud la Convención Quillabamba,Cusco,Salud,I Trimestre,1bc03495cfe2
TALLER,VIRTUAL,"Directiva N° 0010-2025-EF/54.01, “Directiva para la solicitud de creación de ítems en el Catálogo de Bienes, Servicios y Obras del SIGA MEF” ",2026-01-27,2026-01,Femenino,Entre 31 y 40 años,Local,Municipalidad Distrital de Machupicchu,Cusco,Gobiernos Locales,I Trimestre,fdbff9d1722c
TALLER,VIRTUAL,"Directiva N° 0010-2025-EF/54.01, “Directiva para la solicitud de creación de ítems en el Catálogo de Bienes, Servicios y Obras del SIGA MEF” ",2026-01-27,2026-01,Masculino,Entre 20 y 30 años,Nacional,Estación Experimental Agraria Andenes Cusco,Cusco,Agricultura y Riego,I Trimestre,f9cd8098c81e
TALLER,VIRTUAL,"Directiva N° 0010-2025-EF/54.01, “Directiva para la solicitud de creación de ítems en el Catálogo de Bienes, Servicios y Obras del SIGA MEF” ",2026-01-27,2026-01,Femenino,Entre 20 y 30 años,Local,Municipalidad Distrital de Mosoc Llacta,Cusco,Gobiernos Locales,I Trimestre,ca7d1c2949c3
TALLER,VIRTUAL,"Directiva N° 0010-2025-EF/54.01, “Directiva para la solicitud de creación de ítems en el Catálogo de Bienes, Servicios y Obras del SIGA MEF” ",2026-01-27,2026-01,Femenino,Entre 31 y 40 años,Local,Municipalidad Distrital de Maras,Cusco,Gobiernos Locales,I Trimestre,935859a4ebba
TALLER,VIRTUAL,"Directiva N° 0010-2025-EF/54.01, “Directiva para la solicitud de creación de ítems en el Catálogo de Bienes, Servicios y Obras del SIGA MEF” ",2026-01-27,2026-01,Femenino,Entre 41 y 50 años,Regional,Dirección Regional de Transportes y Comunicaciones de Cusco,Cusco,Transportes y Comunicaciones,I Trimestre,22313f624493
TALLER,VIRTUAL,"Directiva N° 0010-2025-EF/54.01, “Directiva para la solicitud de creación de ítems en el Catálogo de Bienes, Servicios y Obras del SIGA MEF” ",2026-01-27,2026-01,Masculino,Entre 20 y 30 años,Local,Municipalidad Provincial de Calca,Cusco,Gobiernos Locales,I Trimestre,edb942c8af77
TALLER,VIRTUAL,"Directiva N° 0010-2025-EF/54.01, “Directiva para la solicitud de creación de ítems en el Catálogo de Bienes, Servicios y Obras del SIGA MEF” ",2026-01-27,2026-01,Masculino,Entre 41 y 50 años,Local,MUNICIPALIDAD DISTRITAL DE MACHUPICCHU,Cusco,Otros,I Trimestre,8f2b7fa72ca1
TALLER,VIRTUAL,"Directiva N° 0010-2025-EF/54.01, “Directiva para la solicitud de creación de ítems en el Catálogo de Bienes, Servicios y Obras del SIGA MEF” ",2026-01-27,2026-01,Femenino,Entre 51 y 60 años,Regional,Gobierno Regional de Cusco,Cusco,Gobiernos Regionales,I Trimestre,cdcbc39a7e6e
TALLER,VIRTUAL,"Directiva N° 0010-2025-EF/54.01, “Directiva para la solicitud de creación de ítems en el Catálogo de Bienes, Servicios y Obras del SIGA MEF” ",2026-01-27,2026-01,Femenino,Entre 51 y 60 años,Nacional,Zona Registral Nro X - Sede Cusco,Cusco,Justicia y Derechos Humanos,I Trimestre,10812af3f6f6
TALLER,VIRTUAL,"Directiva N° 0010-2025-EF/54.01, “Directiva para la solicitud de creación de ítems en el Catálogo de Bienes, Servicios y Obras del SIGA MEF” ",2026-01-27,2026-01,Femenino,Entre 20 y 30 años,Local,Municipalidad Distrital de Machupicchu,Cusco,Gobiernos Locales,I Trimestre,fd4ff578542f
TALLER,VIRTUAL,"Directiva N° 0010-2025-EF/54.01, “Directiva para la solicitud de creación de ítems en el Catálogo de Bienes, Servicios y Obras del SIGA MEF” ",2026-01-27,2026-01,Femenino,Entre 20 y 30 años,Local,Municipalidad Distrital de Huancarani,Cusco,Gobiernos Locales,I Trimestre,4b3fae4e81cd
TALLER,VIRTUAL,"Directiva N° 0010-2025-EF/54.01, “Directiva para la solicitud de creación de ítems en el Catálogo de Bienes, Servicios y Obras del SIGA MEF” ",2026-01-27,2026-01,Femenino,Entre 20 y 30 años,Local,Municipalidad Distrital de Maras,Cusco,Gobiernos Locales,I Trimestre,cbb77ad77b97
TALLER,VIRTUAL,"Directiva N° 0010-2025-EF/54.01, “Directiva para la solicitud de creación de ítems en el Catálogo de Bienes, Servicios y Obras del SIGA MEF” ",2026-01-27,2026-01,Femenino,Entre 20 y 30 años,Nacional,Corte Superior de Justicia de Cusco,Cusco,Poder Judicial,I Trimestre,c3ce0cd3a66a
TALLER,VIRTUAL,"Directiva N° 0010-2025-EF/54.01, “Directiva para la solicitud de creación de ítems en el Catálogo de Bienes, Servicios y Obras del SIGA MEF” ",2026-01-27,2026-01,Femenino,Entre 31 y 40 años,Local,Municipalidad Distrital de Kosñipata,Cusco,Gobiernos Locales,I Trimestre,958ab5d039f9
TALLER,VIRTUAL,"Directiva N° 0010-2025-EF/54.01, “Directiva para la solicitud de creación de ítems en el Catálogo de Bienes, Servicios y Obras del SIGA MEF” ",2026-01-27,2026-01,Masculino,Entre 41 y 50 años,Nacional,MEF - ADMINISTRACION GENERAL,Cusco,Economía y Finanzas,I Trimestre,6bddca12e93a
TALLER,VIRTUAL,"Directiva N° 0010-2025-EF/54.01, “Directiva para la solicitud de creación de ítems en el Catálogo de Bienes, Servicios y Obras del SIGA MEF” ",2026-01-27,2026-01,Femenino,Entre 31 y 40 años,Regional,Proyecto Especial Regional Plan COPESCO del Gobierno Regional del Cusco,Cusco,Gobiernos Regionales,I Trimestre,8fc87abb4fc9
TALLER,VIRTUAL,"Directiva N° 0010-2025-EF/54.01, “Directiva para la solicitud de creación de ítems en el Catálogo de Bienes, Servicios y Obras del SIGA MEF” ",2026-01-27,2026-01,Masculino,Entre 41 y 50 años,Local,Municipalidad Provincial de Ica,Ica,Otros,I Trimestre,09613c98b268
TALLER,VIRTUAL,"Directiva N° 0010-2025-EF/54.01, “Directiva para la solicitud de creación de ítems en el Catálogo de Bienes, Servicios y Obras del SIGA MEF” ",2026-01-27,2026-01,Femenino,Entre 31 y 40 años,Nacional,Universidad Nacional San Luis Gonzaga (UNICA),Ica,Educación,I Trimestre,695a25db4aec
TALLER,VIRTUAL,"Directiva N° 0010-2025-EF/54.01, “Directiva para la solicitud de creación de ítems en el Catálogo de Bienes, Servicios y Obras del SIGA MEF” ",2026-01-27,2026-01,Masculino,Entre 31 y 40 años,Local,Municipalidad Distrital de Pazos,Huancavelica,Gobiernos Locales,I Trimestre,3e3e3a51cdb1
TALLER,VIRTUAL,"Directiva N° 0010-2025-EF/54.01, “Directiva para la solicitud de creación de ítems en el Catálogo de Bienes, Servicios y Obras del SIGA MEF” ",2026-01-27,2026-01,Femenino,Entre 20 y 30 años,Nacional,Universidad Nacional San Luis Gonzaga (UNICA),Ica,Educación,I Trimestre,39f29733a3e7
TALLER,VIRTUAL,"Directiva N° 0010-2025-EF/54.01, “Directiva para la solicitud de creación de ítems en el Catálogo de Bienes, Servicios y Obras del SIGA MEF” ",2026-01-27,2026-01,Masculino,Entre 41 y 50 años,Local,Municipalidad Distrital de Rosario,Huancavelica,Gobiernos Locales,I Trimestre,92992346afe8
TALLER,VIRTUAL,"Directiva N° 0010-2025-EF/54.01, “Directiva para la solicitud de creación de ítems en el Catálogo de Bienes, Servicios y Obras del SIGA MEF” ",2026-01-27,2026-01,Masculino,Entre 20 y 30 años,Local,Municipalidad Provincial de Castrovirreyna,Huancavelica,Otros,I Trimestre,0b315cad6f5d
TALLER,VIRTUAL,"Directiva N° 0010-2025-EF/54.01, “Directiva para la solicitud de creación de ítems en el Catálogo de Bienes, Servicios y Obras del SIGA MEF” ",2026-01-27,2026-01,Femenino,Entre 31 y 40 años,Local,Municipalidad Provincial de Acobamba,Huancavelica,Otros,I Trimestre,3f621472cae5
TALLER,VIRTUAL,"Directiva N° 0010-2025-EF/54.01, “Directiva para la solicitud de creación de ítems en el Catálogo de Bienes, Servicios y Obras del SIGA MEF” ",2026-01-27,2026-01,Masculino,Entre 51 y 60 años,Regional,Unidad Ejecutora N°- 406 Red de Salud Huancavelica,Huancavelica,Salud,I Trimestre,2fb232a43bf2
TALLER,VIRTUAL,"Directiva N° 0010-2025-EF/54.01, “Directiva para la solicitud de creación de ítems en el Catálogo de Bienes, Servicios y Obras del SIGA MEF” ",2026-01-27,2026-01,Femenino,Entre 41 y 50 años,Local,Municipalidad Distrital de Cuenca,Huancavelica,Gobiernos Locales,I Trimestre,0ca0ffa9fa2a
TALLER,VIRTUAL,"Directiva N° 0010-2025-EF/54.01, “Directiva para la solicitud de creación de ítems en el Catálogo de Bienes, Servicios y Obras del SIGA MEF” ",2026-01-27,2026-01,Masculino,Mayor a 61 años,Nacional,Unidad Ejecutora Hospital San Juan de Lurigancho,Lima,Salud,I Trimestre,35f09af5ef56
TALLER,VIRTUAL,"Directiva N° 0010-2025-EF/54.01, “Directiva para la solicitud de creación de ítems en el Catálogo de Bienes, Servicios y Obras del SIGA MEF” ",2026-01-27,2026-01,Masculino,Entre 20 y 30 años,Local,Municipalidad Distrital de Acobambilla,Huancavelica,Otros,I Trimestre,0e35cfa6c32a
TALLER,VIRTUAL,"Directiva N° 0010-2025-EF/54.01, “Directiva para la solicitud de creación de ítems en el Catálogo de Bienes, Servicios y Obras del SIGA MEF” ",2026-01-27,2026-01,Femenino,Entre 31 y 40 años,Local,MUNICIPALIDAD DISTRITAL CARMEN SALCEDO,Ayacucho,Otros,I Trimestre,e77821c41278
TALLER,VIRTUAL,"Directiva N° 0010-2025-EF/54.01, “Directiva para la solicitud de creación de ítems en el Catálogo de Bienes, Servicios y Obras del SIGA MEF” ",2026-01-27,2026-01,Masculino,Entre 20 y 30 años,Local,Municipalidad Provincial de Pisco,Ica,Gobiernos Locales,I Trimestre,9bee2b656c35
TALLER,VIRTUAL,"Directiva N° 0010-2025-EF/54.01, “Directiva para la solicitud de creación de ítems en el Catálogo de Bienes, Servicios y Obras del SIGA MEF” ",2026-01-27,2026-01,Femenino,Entre 20 y 30 años,Local,Municipalidad Provincial de Ica,Ica,Gobiernos Locales,I Trimestre,9a435797e5a4
TALLER,VIRTUAL,"Directiva N° 0010-2025-EF/54.01, “Directiva para la solicitud de creación de ítems en el Catálogo de Bienes, Servicios y Obras del SIGA MEF” ",2026-01-27,2026-01,Femenino,Entre 31 y 40 años,Nacional,Universidad Nacional San Luis Gonzaga (UNICA),Ica,Educación,I Trimestre,1f6b90fa3f5e
TALLER,VIRTUAL,"Directiva N° 0010-2025-EF/54.01, “Directiva para la solicitud de creación de ítems en el Catálogo de Bienes, Servicios y Obras del SIGA MEF” ",2026-01-27,2026-01,Femenino,Entre 41 y 50 años,Nacional,Unidad Ejecutora Hospital San Juan de Lurigancho,Lima,Salud,I Trimestre,f75af60e771d
TALLER,VIRTUAL,"Directiva N° 0010-2025-EF/54.01, “Directiva para la solicitud de creación de ítems en el Catálogo de Bienes, Servicios y Obras del SIGA MEF” ",2026-01-27,2026-01,Masculino,Entre 41 y 50 años,Regional,Gerencia Sub Regional de Tayacaja,Huancavelica,Gobiernos Locales,I Trimestre,bcfd56a91dce
TALLER,VIRTUAL,"Directiva N° 0010-2025-EF/54.01, “Directiva para la solicitud de creación de ítems en el Catálogo de Bienes, Servicios y Obras del SIGA MEF” ",2026-01-27,2026-01,Femenino,Entre 31 y 40 años,Nacional,Unidad Ejecutora Hospital San Juan de lurigancho,Lima,Salud,I Trimestre,991df6af1de9
TALLER,VIRTUAL,"Directiva N° 0010-2025-EF/54.01, “Directiva para la solicitud de creación de ítems en el Catálogo de Bienes, Servicios y Obras del SIGA MEF” ",2026-01-27,2026-01,Femenino,Entre 31 y 40 años,Local,Municipalidad Provincial de Castrovirreyna,Huancavelica,Gobiernos Locales,I Trimestre,c54db7c4c9af
TALLER,VIRTUAL,"Directiva N° 0010-2025-EF/54.01, “Directiva para la solicitud de creación de ítems en el Catálogo de Bienes, Servicios y Obras del SIGA MEF” ",2026-01-27,2026-01,Femenino,Entre 31 y 40 años,Local,Municipalidad Distrital de Andaymarca,Huancavelica,Gobiernos Locales,I Trimestre,c70166de92b9
TALLER,VIRTUAL,"Directiva N° 0010-2025-EF/54.01, “Directiva para la solicitud de creación de ítems en el Catálogo de Bienes, Servicios y Obras del SIGA MEF” ",2026-01-27,2026-01,Femenino,Entre 31 y 40 años,Local,Municipalidad Distrital de San Antonio de Cusicancha,Huancavelica,Gobiernos Locales,I Trimestre,96b331a4b25a
TALLER,VIRTUAL,"Directiva N° 0010-2025-EF/54.01, “Directiva para la solicitud de creación de ítems en el Catálogo de Bienes, Servicios y Obras del SIGA MEF” ",2026-01-27,2026-01,Masculino,Entre 41 y 50 años,Local,Municipalidad Distrital de Pachacutec,Ica,Gobiernos Locales,I Trimestre,41f6a1b16245
TALLER,VIRTUAL,"Directiva N° 0010-2025-EF/54.01, “Directiva para la solicitud de creación de ítems en el Catálogo de Bienes, Servicios y Obras del SIGA MEF” ",2026-01-27,2026-01,Masculino,Entre 20 y 30 años,Nacional,Unidad Ejecutora Hospital San Juan de lurigancho,Lima,Salud,I Trimestre,489defdea554
TALLER,VIRTUAL,"Directiva N° 0010-2025-EF/54.01, “Directiva para la solicitud de creación de ítems en el Catálogo de Bienes, Servicios y Obras del SIGA MEF” ",2026-01-27,2026-01,Masculino,Entre 51 y 60 años,Regional,Proyecto Especial Tambo Ccaracocha,Ica,Gobiernos Regionales,I Trimestre,53b7fd7063be
TALLER,VIRTUAL,"Directiva N° 0010-2025-EF/54.01, “Directiva para la solicitud de creación de ítems en el Catálogo de Bienes, Servicios y Obras del SIGA MEF” ",2026-01-27,2026-01,Femenino,Entre 20 y 30 años,Local,Municipalidad Provincial de Ica,Ica,Gobiernos Locales,I Trimestre,1b103d013f4f
TALLER,VIRTUAL,"Directiva N° 0010-2025-EF/54.01, “Directiva para la solicitud de creación de ítems en el Catálogo de Bienes, Servicios y Obras del SIGA MEF” ",2026-01-27,2026-01,Masculino,Entre 31 y 40 años,Local,Municipalidad Distrital de Grocio Prado,Ica,Gobiernos Locales,I Trimestre,1d72fbddd3e2
TALLER,VIRTUAL,"Directiva N° 0010-2025-EF/54.01, “Directiva para la solicitud de creación de ítems en el Catálogo de Bienes, Servicios y Obras del SIGA MEF” ",2026-01-27,2026-01,Masculino,Entre 20 y 30 años,Local,Municipalidad Distrital de Túpac Amaru Inca,Ica,Gobiernos Locales,I Trimestre,ffca9ac722b1
TALLER,VIRTUAL,"Directiva N° 0010-2025-EF/54.01, “Directiva para la solicitud de creación de ítems en el Catálogo de Bienes, Servicios y Obras del SIGA MEF” ",2026-01-27,2026-01,Femenino,Entre 20 y 30 años,Local,Municipalidad Distrital de Salcahuasi,Huancavelica,Gobiernos Locales,I Trimestre,80b5cd4490b7
TALLER,VIRTUAL,"Directiva N° 0010-2025-EF/54.01, “Directiva para la solicitud de creación de ítems en el Catálogo de Bienes, Servicios y Obras del SIGA MEF” ",2026-01-27,2026-01,Femenino,Entre 20 y 30 años,Local,Municipalidad Distrital de Quishuar,Huancavelica,Otros,I Trimestre,48e235567ef6
TALLER,VIRTUAL,"Directiva N° 0010-2025-EF/54.01, “Directiva para la solicitud de creación de ítems en el Catálogo de Bienes, Servicios y Obras del SIGA MEF” ",2026-01-27,2026-01,Masculino,Entre 31 y 40 años,Local,Municipalidad Distrital de Ascensión,Huancavelica,Gobiernos Locales,I Trimestre,0b82776b132d
TALLER,VIRTUAL,"Directiva N° 0010-2025-EF/54.01, “Directiva para la solicitud de creación de ítems en el Catálogo de Bienes, Servicios y Obras del SIGA MEF” ",2026-01-27,2026-01,Femenino,Entre 31 y 40 años,Local,Municipalidad Distrital de Salcabamba,Huancavelica,Gobiernos Locales,I Trimestre,678f9e5f5068
TALLER,VIRTUAL,"Directiva N° 0010-2025-EF/54.01, “Directiva para la solicitud de creación de ítems en el Catálogo de Bienes, Servicios y Obras del SIGA MEF” ",2026-01-27,2026-01,Masculino,Entre 20 y 30 años,Local,Municipalidad Distrital de Acobambilla,Huancavelica,Otros,I Trimestre,413ed5adf530
TALLER,VIRTUAL,"Directiva N° 0010-2025-EF/54.01, “Directiva para la solicitud de creación de ítems en el Catálogo de Bienes, Servicios y Obras del SIGA MEF” ",2026-01-27,2026-01,Masculino,Entre 31 y 40 años,Nacional,Unidad Ejecutora Hospital San Juan de Lurigancho,Lima,Salud,I Trimestre,ceb8702f30b5
TALLER,VIRTUAL,"Directiva N° 0010-2025-EF/54.01, “Directiva para la solicitud de creación de ítems en el Catálogo de Bienes, Servicios y Obras del SIGA MEF” ",2026-01-27,2026-01,Masculino,Entre 20 y 30 años,Local,MUNICIPALIDAD PROVINCIAL DE PARINACOCHAS,Ayacucho,Gobiernos Locales,I Trimestre,504827de60c7
TALLER,VIRTUAL,"Directiva N° 0010-2025-EF/54.01, “Directiva para la solicitud de creación de ítems en el Catálogo de Bienes, Servicios y Obras del SIGA MEF” ",2026-01-27,2026-01,Femenino,Entre 20 y 30 años,Local,Municipalidad Provincial de Pisco,Ica,Gobiernos Locales,I Trimestre,650a262dd179
TALLER,VIRTUAL,"Directiva N° 0010-2025-EF/54.01, “Directiva para la solicitud de creación de ítems en el Catálogo de Bienes, Servicios y Obras del SIGA MEF” ",2026-01-27,2026-01,Masculino,Entre 41 y 50 años,Regional,Unidad Ejecutora 407 Hospital de Apoyo de Palpa,Ica,Salud,I Trimestre,d62958cc20d9
TALLER,VIRTUAL,"Directiva N° 0010-2025-EF/54.01, “Directiva para la solicitud de creación de ítems en el Catálogo de Bienes, Servicios y Obras del SIGA MEF” ",2026-01-28,2026-01,Masculino,Entre 20 y 30 años,Local,Municipalidad Distrital de Huaccana,Apurímac,Gobiernos Locales,I Trimestre,88ba7f6f4af5
TALLER,VIRTUAL,"Directiva N° 0010-2025-EF/54.01, “Directiva para la solicitud de creación de ítems en el Catálogo de Bienes, Servicios y Obras del SIGA MEF” ",2026-01-28,2026-01,Masculino,Entre 31 y 40 años,Regional,Dirección de Salud Apurímac II,Apurímac,Gobiernos Regionales,I Trimestre,0cf6ec76a82b
TALLER,VIRTUAL,"Directiva N° 0010-2025-EF/54.01, “Directiva para la solicitud de creación de ítems en el Catálogo de Bienes, Servicios y Obras del SIGA MEF” ",2026-01-28,2026-01,Masculino,Entre 20 y 30 años,Local,Municipalidad Distrital de Micaela Bastidas,Apurímac,Otros,I Trimestre,91977f5a0fa1
TALLER,VIRTUAL,"Directiva N° 0010-2025-EF/54.01, “Directiva para la solicitud de creación de ítems en el Catálogo de Bienes, Servicios y Obras del SIGA MEF” ",2026-01-28,2026-01,Masculino,Entre 31 y 40 años,Regional,Unidad de Gestión Educativa Local de Cotabambas,Apurímac,Educación,I Trimestre,ca80b126c1cf
TALLER,VIRTUAL,"Directiva N° 0010-2025-EF/54.01, “Directiva para la solicitud de creación de ítems en el Catálogo de Bienes, Servicios y Obras del SIGA MEF” ",2026-01-28,2026-01,Femenino,Entre 20 y 30 años,Nacional,Corte Superior de Justicia de Apurimac,Apurímac,Poder Judicial,I Trimestre,a39709dc7f25
TALLER,VIRTUAL,"Directiva N° 0010-2025-EF/54.01, “Directiva para la solicitud de creación de ítems en el Catálogo de Bienes, Servicios y Obras del SIGA MEF” ",2026-01-28,2026-01,Masculino,Entre 31 y 40 años,Local,Municipalidad Provincial de Grau,Apurímac,Gobiernos Locales,I Trimestre,e074dee7509a
TALLER,VIRTUAL,"Directiva N° 0010-2025-EF/54.01, “Directiva para la solicitud de creación de ítems en el Catálogo de Bienes, Servicios y Obras del SIGA MEF” ",2026-01-28,2026-01,Masculino,Entre 31 y 40 años,Regional,Dirección Regional Agraria Apurímac,Apurímac,Agricultura y Riego,I Trimestre,0bd0e5a348cd
TALLER,VIRTUAL,"Directiva N° 0010-2025-EF/54.01, “Directiva para la solicitud de creación de ítems en el Catálogo de Bienes, Servicios y Obras del SIGA MEF” ",2026-01-28,2026-01,Femenino,Entre 31 y 40 años,Local,Municipalidad Distrital de Chapimarca,Apurímac,Gobiernos Locales,I Trimestre,65143f116b33
TALLER,VIRTUAL,"Directiva N° 0010-2025-EF/54.01, “Directiva para la solicitud de creación de ítems en el Catálogo de Bienes, Servicios y Obras del SIGA MEF” ",2026-01-28,2026-01,Femenino,Entre 20 y 30 años,Local,Municipalidad Distrital de Huanipaca,Apurímac,Gobiernos Locales,I Trimestre,378339eb3643
TALLER,VIRTUAL,"Directiva N° 0010-2025-EF/54.01, “Directiva para la solicitud de creación de ítems en el Catálogo de Bienes, Servicios y Obras del SIGA MEF” ",2026-01-28,2026-01,Femenino,Entre 20 y 30 años,Nacional,Universidad Nacional Micaela Bastidas de Apurímac,Apurímac,Otros,I Trimestre,426f6c79bd08
TALLER,VIRTUAL,"Directiva N° 0010-2025-EF/54.01, “Directiva para la solicitud de creación de ítems en el Catálogo de Bienes, Servicios y Obras del SIGA MEF” ",2026-01-28,2026-01,Masculino,Entre 41 y 50 años,Local,Municipalidad Distrital de Mara,Apurímac,Gobiernos Locales,I Trimestre,dc08b6a9554b
TALLER,VIRTUAL,"Directiva N° 0010-2025-EF/54.01, “Directiva para la solicitud de creación de ítems en el Catálogo de Bienes, Servicios y Obras del SIGA MEF” ",2026-01-28,2026-01,Masculino,Entre 41 y 50 años,Regional,Unidad Ejecutora - Red de Salud Abancay,Apurímac,Salud,I Trimestre,9cd99cda4f98
TALLER,VIRTUAL,"Directiva N° 0010-2025-EF/54.01, “Directiva para la solicitud de creación de ítems en el Catálogo de Bienes, Servicios y Obras del SIGA MEF” ",2026-01-28,2026-01,Masculino,Entre 51 y 60 años,Regional,Gerencia Sub Regional de Chanka,Apurímac,Gobiernos Regionales,I Trimestre,78940e80de4b
TALLER,VIRTUAL,"Directiva N° 0010-2025-EF/54.01, “Directiva para la solicitud de creación de ítems en el Catálogo de Bienes, Servicios y Obras del SIGA MEF” ",2026-01-28,2026-01,Femenino,Entre 31 y 40 años,Local,Municipalidad Provincial de Andahuaylas,Apurímac,Gobiernos Locales,I Trimestre,60c921706776
TALLER,VIRTUAL,"Directiva N° 0010-2025-EF/54.01, “Directiva para la solicitud de creación de ítems en el Catálogo de Bienes, Servicios y Obras del SIGA MEF” ",2026-01-28,2026-01,Masculino,Entre 41 y 50 años,Local,Municipalidad Distrital de Haquira,Apurímac,Gobiernos Locales,I Trimestre,ad1ea8fad3db
TALLER,VIRTUAL,"Directiva N° 0010-2025-EF/54.01, “Directiva para la solicitud de creación de ítems en el Catálogo de Bienes, Servicios y Obras del SIGA MEF” ",2026-01-28,2026-01,Masculino,Entre 31 y 40 años,Regional,Hospital Sub Regional de Andahuaylas,Apurímac,Salud,I Trimestre,ebb357ec348b
TALLER,VIRTUAL,"Directiva N° 0010-2025-EF/54.01, “Directiva para la solicitud de creación de ítems en el Catálogo de Bienes, Servicios y Obras del SIGA MEF” ",2026-01-28,2026-01,Masculino,Entre 51 y 60 años,Regional,Dirección de Salud Apurímac II,Apurímac,Salud,I Trimestre,2546fcb966f6
TALLER,VIRTUAL,"Directiva N° 0010-2025-EF/54.01, “Directiva para la solicitud de creación de ítems en el Catálogo de Bienes, Servicios y Obras del SIGA MEF” ",2026-01-28,2026-01,Masculino,Entre 31 y 40 años,Local,Municipalidad Distrital de Pataypampa,Apurímac,Otros,I Trimestre,b10b883887ed
TALLER,VIRTUAL,"Directiva N° 0010-2025-EF/54.01, “Directiva para la solicitud de creación de ítems en el Catálogo de Bienes, Servicios y Obras del SIGA MEF” ",2026-01-28,2026-01,Femenino,Entre 20 y 30 años,Local,Municipalidad Distrital de Kaquiabamba,Apurímac,Gobiernos Locales,I Trimestre,4cba2d70412b
TALLER,VIRTUAL,"Directiva N° 0010-2025-EF/54.01, “Directiva para la solicitud de creación de ítems en el Catálogo de Bienes, Servicios y Obras del SIGA MEF” ",2026-01-28,2026-01,Masculino,Entre 41 y 50 años,Local,Municipalidad Distrital de Cocharcas,Apurímac,Gobiernos Locales,I Trimestre,2d0c0a2e7a17
TALLER,VIRTUAL,"Directiva N° 0010-2025-EF/54.01, “Directiva para la solicitud de creación de ítems en el Catálogo de Bienes, Servicios y Obras del SIGA MEF” ",2026-01-28,2026-01,Femenino,Entre 31 y 40 años,Nacional,Programa de empleo temporal llamkasun peru,Lima,Gobiernos Locales,I Trimestre,80d97ef76e20
TALLER,VIRTUAL,"Directiva N° 0010-2025-EF/54.01, “Directiva para la solicitud de creación de ítems en el Catálogo de Bienes, Servicios y Obras del SIGA MEF” ",2026-01-28,2026-01,Femenino,Entre 20 y 30 años,Local,Municipalidad Distrital de Huaquirca,Apurímac,Gobiernos Locales,I Trimestre,bf09796de28d
TALLER,VIRTUAL,"Directiva N° 0010-2025-EF/54.01, “Directiva para la solicitud de creación de ítems en el Catálogo de Bienes, Servicios y Obras del SIGA MEF” ",2026-01-28,2026-01,Masculino,Entre 31 y 40 años,Local,Municipalidad Distrital de Tamburco,Apurímac,Gobiernos Locales,I Trimestre,7bf033d273c9
TALLER,VIRTUAL,"Directiva N° 0010-2025-EF/54.01, “Directiva para la solicitud de creación de ítems en el Catálogo de Bienes, Servicios y Obras del SIGA MEF” ",2026-01-28,2026-01,Masculino,Entre 20 y 30 años,Local,Municipalidad Distrital de Huaccana,Apurímac,Gobiernos Locales,I Trimestre,8077b239f911
TALLER,VIRTUAL,"Directiva N° 0010-2025-EF/54.01, “Directiva para la solicitud de creación de ítems en el Catálogo de Bienes, Servicios y Obras del SIGA MEF” ",2026-01-28,2026-01,Masculino,Entre 31 y 40 años,Regional,Gobierno Regional de Apurímac,Apurímac,Gobiernos Locales,I Trimestre,6dae2d2e8e06
TALLER,VIRTUAL,"Directiva N° 0010-2025-EF/54.01, “Directiva para la solicitud de creación de ítems en el Catálogo de Bienes, Servicios y Obras del SIGA MEF” ",2026-01-28,2026-01,Masculino,Entre 31 y 40 años,Local,Municipalidad Distrital de Andarapa,Apurímac,Gobiernos Locales,I Trimestre,fecb9cf3b7be
TALLER,VIRTUAL,"Directiva N° 0010-2025-EF/54.01, “Directiva para la solicitud de creación de ítems en el Catálogo de Bienes, Servicios y Obras del SIGA MEF” ",2026-01-28,2026-01,Masculino,Entre 41 y 50 años,Local,Municipalidad Distrital de Salas,Lambayeque,Otros,I Trimestre,b409e4b8587d
TALLER,VIRTUAL,"Directiva N° 0010-2025-EF/54.01, “Directiva para la solicitud de creación de ítems en el Catálogo de Bienes, Servicios y Obras del SIGA MEF” ",2026-01-28,2026-01,Masculino,Entre 31 y 40 años,Regional,Dirección Regional de Salud Apurímac,Apurímac,Salud,I Trimestre,20349bf36a43
TALLER,VIRTUAL,"Directiva N° 0010-2025-EF/54.01, “Directiva para la solicitud de creación de ítems en el Catálogo de Bienes, Servicios y Obras del SIGA MEF” ",2026-01-28,2026-01,Masculino,Entre 31 y 40 años,Regional,Unidad Ejecutora - Red de Salud Abancay,Apurímac,Salud,I Trimestre,a5f436cd423c
TALLER,VIRTUAL,"Directiva N° 0010-2025-EF/54.01, “Directiva para la solicitud de creación de ítems en el Catálogo de Bienes, Servicios y Obras del SIGA MEF” ",2026-01-28,2026-01,Masculino,Entre 20 y 30 años,Local,Municipalidad Distrital de Huaccana,Apurímac,Gobiernos Locales,I Trimestre,74926bb4369a
TALLER,VIRTUAL,"Directiva N° 0010-2025-EF/54.01, “Directiva para la solicitud de creación de ítems en el Catálogo de Bienes, Servicios y Obras del SIGA MEF” ",2026-01-28,2026-01,Femenino,Entre 31 y 40 años,Local,Municipalidad Distrital de Pachaconas,Apurímac,Cultura,I Trimestre,fed6923dba8f
TALLER,VIRTUAL,"Directiva N° 0010-2025-EF/54.01, “Directiva para la solicitud de creación de ítems en el Catálogo de Bienes, Servicios y Obras del SIGA MEF” ",2026-01-28,2026-01,Femenino,Entre 31 y 40 años,Local,Municipalidad Distrital de Yanaca,Apurímac,Gobiernos Locales,I Trimestre,4bcea46f735a
TALLER,VIRTUAL,"Directiva N° 0010-2025-EF/54.01, “Directiva para la solicitud de creación de ítems en el Catálogo de Bienes, Servicios y Obras del SIGA MEF” ",2026-01-28,2026-01,Masculino,Entre 20 y 30 años,Local,Municipalidad Distrital de José María Arguedas,Apurímac,Gobiernos Locales,I Trimestre,8e685c36cb35
TALLER,VIRTUAL,"Directiva N° 0010-2025-EF/54.01, “Directiva para la solicitud de creación de ítems en el Catálogo de Bienes, Servicios y Obras del SIGA MEF” ",2026-01-28,2026-01,Masculino,Entre 31 y 40 años,Regional,Sub Región Chincheros,Apurímac,Gobiernos Regionales,I Trimestre,7ec201a672c1
TALLER,VIRTUAL,"Directiva N° 0010-2025-EF/54.01, “Directiva para la solicitud de creación de ítems en el Catálogo de Bienes, Servicios y Obras del SIGA MEF” ",2026-01-28,2026-01,Femenino,Entre 31 y 40 años,Regional,Unidad de Gestión Educativa Local de Grau,Apurímac,Educación,I Trimestre,4474abe9bd61
TALLER,VIRTUAL,"Directiva N° 0010-2025-EF/54.01, “Directiva para la solicitud de creación de ítems en el Catálogo de Bienes, Servicios y Obras del SIGA MEF” ",2026-01-28,2026-01,Masculino,Entre 41 y 50 años,Regional,Hospital Regional Guillermo Díaz de la Vega de Abancay,Apurímac,Salud,I Trimestre,99f7e1f46f34
TALLER,VIRTUAL,"Directiva N° 0010-2025-EF/54.01, “Directiva para la solicitud de creación de ítems en el Catálogo de Bienes, Servicios y Obras del SIGA MEF” ",2026-01-28,2026-01,Masculino,Entre 31 y 40 años,Nacional,Corte Superior de Justicia de Apurimac,Apurímac,Justicia y Derechos Humanos,I Trimestre,3770d2e2be75
TALLER,VIRTUAL,"Directiva N° 0010-2025-EF/54.01, “Directiva para la solicitud de creación de ítems en el Catálogo de Bienes, Servicios y Obras del SIGA MEF” ",2026-01-28,2026-01,Masculino,Entre 20 y 30 años,Regional,Dirección Subregional Agraria de Andahuaylas,Apurímac,Agricultura y Riego,I Trimestre,5c551810393e
TALLER,VIRTUAL,"Directiva N° 0010-2025-EF/54.01, “Directiva para la solicitud de creación de ítems en el Catálogo de Bienes, Servicios y Obras del SIGA MEF” ",2026-01-28,2026-01,Femenino,Entre 41 y 50 años,Local,Municipalidad Distrital de Santa Rosa,Apurímac,Gobiernos Locales,I Trimestre,ff2a9997116b
TALLER,VIRTUAL,"Directiva N° 0010-2025-EF/54.01, “Directiva para la solicitud de creación de ítems en el Catálogo de Bienes, Servicios y Obras del SIGA MEF” ",2026-01-28,2026-01,Masculino,Entre 31 y 40 años,Regional,Dirección Regional de Transportes y Comunicaciones de Apurímac,Apurímac,Gobiernos Regionales,I Trimestre,610660e8569b
TALLER,VIRTUAL,"Directiva N° 0010-2025-EF/54.01, “Directiva para la solicitud de creación de ítems en el Catálogo de Bienes, Servicios y Obras del SIGA MEF” ",2026-01-28,2026-01,Femenino,Entre 20 y 30 años,Nacional,Universidad Nacional Micaela Bastidas de Apurímac,Apurímac,Educación,I Trimestre,983332a31fde
TALLER,VIRTUAL,"Directiva N° 0010-2025-EF/54.01, “Directiva para la solicitud de creación de ítems en el Catálogo de Bienes, Servicios y Obras del SIGA MEF” ",2026-01-28,2026-01,Femenino,Entre 20 y 30 años,Local,Municipalidad Distrital de Coyllurqui,Apurímac,Otros,I Trimestre,8ebd1adf0e7a
TALLER,VIRTUAL,"Directiva N° 0010-2025-EF/54.01, “Directiva para la solicitud de creación de ítems en el Catálogo de Bienes, Servicios y Obras del SIGA MEF” ",2026-01-28,2026-01,Masculino,Entre 31 y 40 años,Regional,Gobierno Regional de Apurímac,Apurímac,Gobiernos Regionales,I Trimestre,aa1332cb4874
TALLER,VIRTUAL,"Directiva N° 0010-2025-EF/54.01, “Directiva para la solicitud de creación de ítems en el Catálogo de Bienes, Servicios y Obras del SIGA MEF” ",2026-01-28,2026-01,Femenino,Entre 31 y 40 años,Regional,Gerencia Sub Regional de Cotabambas,Apurímac,Gobiernos Regionales,I Trimestre,53c7f15277dc
TALLER,VIRTUAL,"Directiva N° 0010-2025-EF/54.01, “Directiva para la solicitud de creación de ítems en el Catálogo de Bienes, Servicios y Obras del SIGA MEF” ",2026-01-28,2026-01,Masculino,Entre 20 y 30 años,Local,Municipalidad Distrital de Coyllurqui,Apurímac,Gobiernos Locales,I Trimestre,22007a8fb002
TALLER,VIRTUAL,"Directiva N° 0010-2025-EF/54.01, “Directiva para la solicitud de creación de ítems en el Catálogo de Bienes, Servicios y Obras del SIGA MEF” ",2026-01-28,2026-01,Femenino,Entre 31 y 40 años,Regional,Unidad Ejecutora - Red de Salud Abancay,Apurímac,Salud,I Trimestre,07a2242eefbc
TALLER,VIRTUAL,"Directiva N° 0010-2025-EF/54.01, “Directiva para la solicitud de creación de ítems en el Catálogo de Bienes, Servicios y Obras del SIGA MEF” ",2026-01-28,2026-01,Femenino,Entre 31 y 40 años,Local,Municipalidad Distrital de Curahuasi,Apurímac,Gobiernos Locales,I Trimestre,8fc87abb4fc9
TALLER,VIRTUAL,"Directiva N° 0010-2025-EF/54.01, “Directiva para la solicitud de creación de ítems en el Catálogo de Bienes, Servicios y Obras del SIGA MEF” ",2026-01-28,2026-01,Femenino,Entre 41 y 50 años,Nacional,Unidad Ejecutora N° 005 - Naylamp Lambayeque,Lambayeque,Cultura,I Trimestre,2f5ad20427a2
TALLER,VIRTUAL,"Directiva N° 0010-2025-EF/54.01, “Directiva para la solicitud de creación de ítems en el Catálogo de Bienes, Servicios y Obras del SIGA MEF” ",2026-01-28,2026-01,Masculino,Entre 20 y 30 años,Local,Municipalidad Provincial de Aymaraes,Apurímac,Gobiernos Locales,I Trimestre,26fb171a637e
TALLER,VIRTUAL,"Directiva N° 0010-2025-EF/54.01, “Directiva para la solicitud de creación de ítems en el Catálogo de Bienes, Servicios y Obras del SIGA MEF” ",2026-01-28,2026-01,Masculino,Entre 31 y 40 años,Nacional,SERVICIO NACIONAL DE SANIDAD AGRARIA - SENASA,Lima,Agricultura y Riego,I Trimestre,75f9ed1b39c5
TALLER,VIRTUAL,"Directiva N° 0010-2025-EF/54.01, “Directiva para la solicitud de creación de ítems en el Catálogo de Bienes, Servicios y Obras del SIGA MEF” ",2026-01-28,2026-01,Femenino,Entre 51 y 60 años,Opd,PATRONATO DEL PARQUE DE LAS LEYENDAS,Lima,Otros,I Trimestre,88b3f60fa441
TALLER,VIRTUAL,"Directiva N° 0010-2025-EF/54.01, “Directiva para la solicitud de creación de ítems en el Catálogo de Bienes, Servicios y Obras del SIGA MEF” ",2026-01-28,2026-01,Masculino,Entre 31 y 40 años,Nacional,OFICINA NACIONAL DE PROCESOS ELECTORALES - ONPE,Lima,Oficina Nacional de Procesos Electorales,I Trimestre,7903eb7e3c30
TALLER,VIRTUAL,"Directiva N° 0010-2025-EF/54.01, “Directiva para la solicitud de creación de ítems en el Catálogo de Bienes, Servicios y Obras del SIGA MEF” ",2026-01-28,2026-01,Femenino,Entre 51 y 60 años,Nacional,SERVICIO NACIONAL DE SANIDAD AGRARIA - SENASA,Lima,Otros,I Trimestre,9b3cadc5d545
TALLER,VIRTUAL,"Directiva N° 0010-2025-EF/54.01, “Directiva para la solicitud de creación de ítems en el Catálogo de Bienes, Servicios y Obras del SIGA MEF” ",2026-01-28,2026-01,Masculino,Entre 41 y 50 años,Nacional,UNIVERSIDAD NACIONAL AGRARIA LA MOLINA,Lima,Educación,I Trimestre,4b582369f749
TALLER,VIRTUAL,"Directiva N° 0010-2025-EF/54.01, “Directiva para la solicitud de creación de ítems en el Catálogo de Bienes, Servicios y Obras del SIGA MEF” ",2026-01-28,2026-01,Masculino,Entre 41 y 50 años,Nacional,Unidad Ejecutora N° 002 - Gestión de Proyectos y Cimiento de Capacidades,Lima,Contraloría General,I Trimestre,a6f3ae23c1dd
TALLER,VIRTUAL,"Directiva N° 0010-2025-EF/54.01, “Directiva para la solicitud de creación de ítems en el Catálogo de Bienes, Servicios y Obras del SIGA MEF” ",2026-01-28,2026-01,Femenino,Entre 31 y 40 años,Nacional,SERVICIO NACIONAL DE SANIDAD AGRARIA - SENASA,Lima,Agricultura y Riego,I Trimestre,a225041bd56b
TALLER,VIRTUAL,"Directiva N° 0010-2025-EF/54.01, “Directiva para la solicitud de creación de ítems en el Catálogo de Bienes, Servicios y Obras del SIGA MEF” ",2026-01-28,2026-01,Femenino,Entre 51 y 60 años,Nacional,SERVICIO NACIONAL DE SANIDAD AGRARIA - SENASA,Lima,Agricultura y Riego,I Trimestre,037dc3fdf56a
TALLER,VIRTUAL,"Directiva N° 0010-2025-EF/54.01, “Directiva para la solicitud de creación de ítems en el Catálogo de Bienes, Servicios y Obras del SIGA MEF” ",2026-01-28,2026-01,Masculino,Entre 41 y 50 años,Nacional,Dirección Nacional de Inteligencia (DINI),Lima,Presidencia del Consejo de Ministros,I Trimestre,6ebdbfc7454f
TALLER,VIRTUAL,"Directiva N° 0010-2025-EF/54.01, “Directiva para la solicitud de creación de ítems en el Catálogo de Bienes, Servicios y Obras del SIGA MEF” ",2026-01-28,2026-01,Masculino,Mayor a 61 años,Nacional,SERVICIO NACIONAL DE SANIDAD AGRARIA - SENASA,Lima,Agricultura y Riego,I Trimestre,4c987bf9d90f
TALLER,VIRTUAL,"Directiva N° 0010-2025-EF/54.01, “Directiva para la solicitud de creación de ítems en el Catálogo de Bienes, Servicios y Obras del SIGA MEF” ",2026-01-28,2026-01,Femenino,Entre 41 y 50 años,Nacional,"SUPERINTENDENCIA DE TRANSPORTE TERRESTRE DE PERSONAS, CARGA Y MERCANCIAS - SUTRAN",Lima,Transportes y Comunicaciones,I Trimestre,51b50b861352
TALLER,VIRTUAL,"Directiva N° 0010-2025-EF/54.01, “Directiva para la solicitud de creación de ítems en el Catálogo de Bienes, Servicios y Obras del SIGA MEF” ",2026-01-28,2026-01,Femenino,Entre 51 y 60 años,Nacional,SERVICIO NACIONAL DE SANIDAD AGRARIA - SENASA,Lima,Agricultura y Riego,I Trimestre,b6b5600ed7e5
TALLER,VIRTUAL,"Directiva N° 0010-2025-EF/54.01, “Directiva para la solicitud de creación de ítems en el Catálogo de Bienes, Servicios y Obras del SIGA MEF” ",2026-01-28,2026-01,Masculino,Entre 20 y 30 años,Nacional,Universidad Nacional de Educación Enrique Guzmán,Lima,Educación,I Trimestre,22956bff707b
TALLER,VIRTUAL,"Directiva N° 0010-2025-EF/54.01, “Directiva para la solicitud de creación de ítems en el Catálogo de Bienes, Servicios y Obras del SIGA MEF” ",2026-01-28,2026-01,Femenino,Entre 31 y 40 años,Nacional,Comando Conjunto de las Fuerzas Armadas,Lima,Defensa,I Trimestre,853cf51448e8
TALLER,VIRTUAL,"Directiva N° 0010-2025-EF/54.01, “Directiva para la solicitud de creación de ítems en el Catálogo de Bienes, Servicios y Obras del SIGA MEF” ",2026-01-28,2026-01,Femenino,Entre 51 y 60 años,Opd,PATRONATO DEL PARQUE DE LAS LEYENDAS,Lima,Gobiernos Locales,I Trimestre,8c0f5aa846eb
TALLER,VIRTUAL,"Directiva N° 0010-2025-EF/54.01, “Directiva para la solicitud de creación de ítems en el Catálogo de Bienes, Servicios y Obras del SIGA MEF” ",2026-01-28,2026-01,Masculino,Entre 41 y 50 años,Nacional,Despacho Presidencial,Lima,Presidencia del Consejo de Ministros,I Trimestre,4b10c94a4327
TALLER,VIRTUAL,"Directiva N° 0010-2025-EF/54.01, “Directiva para la solicitud de creación de ítems en el Catálogo de Bienes, Servicios y Obras del SIGA MEF” ",2026-01-28,2026-01,Femenino,Entre 51 y 60 años,Nacional,SERVICIO NACIONAL DE SANIDAD AGRARIA - SENASA,Lima,Agricultura y Riego,I Trimestre,0e0f9a36df13
TALLER,VIRTUAL,"Directiva N° 0010-2025-EF/54.01, “Directiva para la solicitud de creación de ítems en el Catálogo de Bienes, Servicios y Obras del SIGA MEF” ",2026-01-28,2026-01,Femenino,Entre 41 y 50 años,Nacional,Defensoría del Pueblo,Lima,Defensoría del Pueblo,I Trimestre,84de861d509c
TALLER,VIRTUAL,"Directiva N° 0010-2025-EF/54.01, “Directiva para la solicitud de creación de ítems en el Catálogo de Bienes, Servicios y Obras del SIGA MEF” ",2026-01-28,2026-01,Femenino,Entre 20 y 30 años,Opd,PATRONATO DEL PARQUE DE LAS LEYENDAS,Lima,Otros,I Trimestre,82f35d9810eb
TALLER,VIRTUAL,"Directiva N° 0010-2025-EF/54.01, “Directiva para la solicitud de creación de ítems en el Catálogo de Bienes, Servicios y Obras del SIGA MEF” ",2026-01-28,2026-01,Masculino,Entre 51 y 60 años,Nacional,SERVICIO NACIONAL DE SANIDAD AGRARIA - SENASA,Lima,Agricultura y Riego,I Trimestre,da4417b9336e
TALLER,VIRTUAL,"Directiva N° 0010-2025-EF/54.01, “Directiva para la solicitud de creación de ítems en el Catálogo de Bienes, Servicios y Obras del SIGA MEF” ",2026-01-28,2026-01,Femenino,Entre 51 y 60 años,Nacional,SERVICIO NACIONAL DE SANIDAD AGRARIA - SENASA,Lima,Agricultura y Riego,I Trimestre,4cc9e65f5f8a
TALLER,VIRTUAL,"Directiva N° 0010-2025-EF/54.01, “Directiva para la solicitud de creación de ítems en el Catálogo de Bienes, Servicios y Obras del SIGA MEF” ",2026-01-28,2026-01,Masculino,Entre 31 y 40 años,Nacional,SERVICIO NACIONAL DE METEOROLOGIA E HIDROLOGIA - SENAMHI,Lima,Ambiente,I Trimestre,738067a02785
TALLER,VIRTUAL,"Directiva N° 0010-2025-EF/54.01, “Directiva para la solicitud de creación de ítems en el Catálogo de Bienes, Servicios y Obras del SIGA MEF” ",2026-01-28,2026-01,Femenino,Entre 20 y 30 años,Nacional,SERVICIO NACIONAL DE SANIDAD AGRARIA - SENASA,Lima,Agricultura y Riego,I Trimestre,152a91eb2198
TALLER,VIRTUAL,"Directiva N° 0010-2025-EF/54.01, “Directiva para la solicitud de creación de ítems en el Catálogo de Bienes, Servicios y Obras del SIGA MEF” ",2026-01-28,2026-01,Masculino,Entre 31 y 40 años,Nacional,SECRETARIA TECNICA DE APOYO A LA COMISION AD HOC CREADA POR LA LEY N° 29625,Lima,Presidencia del Consejo de Ministros,I Trimestre,23e9e3841b86
TALLER,VIRTUAL,"Directiva N° 0010-2025-EF/54.01, “Directiva para la solicitud de creación de ítems en el Catálogo de Bienes, Servicios y Obras del SIGA MEF” ",2026-01-28,2026-01,Masculino,Entre 41 y 50 años,Nacional,Comando Conjunto de las Fuerzas Armadas,Lima,Defensa,I Trimestre,8f47d3a990c2
TALLER,VIRTUAL,"Directiva N° 0010-2025-EF/54.01, “Directiva para la solicitud de creación de ítems en el Catálogo de Bienes, Servicios y Obras del SIGA MEF” ",2026-01-28,2026-01,Masculino,Entre 31 y 40 años,Nacional,Comando Conjunto de las Fuerzas Armadas,Lima,Defensa,I Trimestre,1d7f105c0d75
TALLER,VIRTUAL,"Directiva N° 0010-2025-EF/54.01, “Directiva para la solicitud de creación de ítems en el Catálogo de Bienes, Servicios y Obras del SIGA MEF” ",2026-01-28,2026-01,Masculino,Entre 41 y 50 años,Nacional,SERVICIO NACIONAL DE SANIDAD AGRARIA - SENASA,Lima,Agricultura y Riego,I Trimestre,0299a6508663
TALLER,VIRTUAL,"Directiva N° 0010-2025-EF/54.01, “Directiva para la solicitud de creación de ítems en el Catálogo de Bienes, Servicios y Obras del SIGA MEF” ",2026-01-28,2026-01,Masculino,Entre 41 y 50 años,Opd,PATRONATO DEL PARQUE DE LAS LEYENDAS,Lima,Gobiernos Locales,I Trimestre,dff4fb007b8b
TALLER,VIRTUAL,"Directiva N° 0010-2025-EF/54.01, “Directiva para la solicitud de creación de ítems en el Catálogo de Bienes, Servicios y Obras del SIGA MEF” ",2026-01-28,2026-01,Femenino,Entre 51 y 60 años,Nacional,SERVICIO NACIONAL DE SANIDAD AGRARIA - SENASA,Lima,Agricultura y Riego,I Trimestre,351ac1619040
TALLER,VIRTUAL,"Directiva N° 0010-2025-EF/54.01, “Directiva para la solicitud de creación de ítems en el Catálogo de Bienes, Servicios y Obras del SIGA MEF” ",2026-01-28,2026-01,Femenino,Entre 31 y 40 años,Nacional,Defensoría del Pueblo,Lima,Defensoría del Pueblo,I Trimestre,e8a5b9b17b8f
TALLER,VIRTUAL,"Directiva N° 0010-2025-EF/54.01, “Directiva para la solicitud de creación de ítems en el Catálogo de Bienes, Servicios y Obras del SIGA MEF” ",2026-01-28,2026-01,Femenino,Mayor a 61 años,Nacional,SERVICIO NACIONAL DE SANIDAD AGRARIA - SENASA,Lima,Agricultura y Riego,I Trimestre,636dbba8bb95
TALLER,VIRTUAL,"Directiva N° 0010-2025-EF/54.01, “Directiva para la solicitud de creación de ítems en el Catálogo de Bienes, Servicios y Obras del SIGA MEF” ",2026-01-28,2026-01,Femenino,Mayor a 61 años,Nacional,SERVICIO NACIONAL DE SANIDAD AGRARIA - SENASA,Lima,Agricultura y Riego,I Trimestre,822e88ad1340
TALLER,VIRTUAL,"Directiva N° 0010-2025-EF/54.01, “Directiva para la solicitud de creación de ítems en el Catálogo de Bienes, Servicios y Obras del SIGA MEF” ",2026-01-28,2026-01,Masculino,Entre 41 y 50 años,Nacional,"Unidad Ejecutora 022 ""Proyecto de Transformación con Equidad - PROTDE""",Lima,Presidencia del Consejo de Ministros,I Trimestre,8a8896def8a3
TALLER,VIRTUAL,"Directiva N° 0010-2025-EF/54.01, “Directiva para la solicitud de creación de ítems en el Catálogo de Bienes, Servicios y Obras del SIGA MEF” ",2026-01-28,2026-01,Femenino,Entre 41 y 50 años,Nacional,"Unidad Ejecutora 022 ""Proyecto de Transformación con Equidad - PROTDE""",Lima,Presidencia del Consejo de Ministros,I Trimestre,08a99f5b9ebc
TALLER,VIRTUAL,"Directiva N° 0010-2025-EF/54.01, “Directiva para la solicitud de creación de ítems en el Catálogo de Bienes, Servicios y Obras del SIGA MEF” ",2026-01-28,2026-01,Masculino,Entre 41 y 50 años,Nacional,Hospital Nacional Dos de Mayo,Lima,Salud,I Trimestre,8b0b30d30a1b
TALLER,VIRTUAL,"Directiva N° 0010-2025-EF/54.01, “Directiva para la solicitud de creación de ítems en el Catálogo de Bienes, Servicios y Obras del SIGA MEF” ",2026-01-28,2026-01,Femenino,Entre 41 y 50 años,Nacional,SERVICIO NACIONAL DE SANIDAD AGRARIA - SENASA,Lima,Agricultura y Riego,I Trimestre,a5daa4fbe933
TALLER,VIRTUAL,"Directiva N° 0010-2025-EF/54.01, “Directiva para la solicitud de creación de ítems en el Catálogo de Bienes, Servicios y Obras del SIGA MEF” ",2026-01-28,2026-01,Femenino,Entre 41 y 50 años,Nacional,Instituto Geofísico del Perú,Lima,Ambiente,I Trimestre,14a633b5aa19
TALLER,VIRTUAL,"Directiva N° 0010-2025-EF/54.01, “Directiva para la solicitud de creación de ítems en el Catálogo de Bienes, Servicios y Obras del SIGA MEF” ",2026-01-28,2026-01,Femenino,Entre 31 y 40 años,Nacional,Comando Conjunto de las Fuerzas Armadas,Lima,Defensa,I Trimestre,869ac89a9366
TALLER,VIRTUAL,"Directiva N° 0010-2025-EF/54.01, “Directiva para la solicitud de creación de ítems en el Catálogo de Bienes, Servicios y Obras del SIGA MEF” ",2026-01-28,2026-01,Masculino,Entre 51 y 60 años,Opd,PATRONATO DEL PARQUE DE LAS LEYENDAS,Lima,Gobiernos Locales,I Trimestre,ff121d4d43c8
TALLER,VIRTUAL,"Directiva N° 0010-2025-EF/54.01, “Directiva para la solicitud de creación de ítems en el Catálogo de Bienes, Servicios y Obras del SIGA MEF” ",2026-01-28,2026-01,Femenino,Entre 41 y 50 años,Nacional,Unidad Ejecutora - Hospital San Juan de Lurigancho,Lima,Salud,I Trimestre,f7d787ac8729
TALLER,VIRTUAL,"Directiva N° 0010-2025-EF/54.01, “Directiva para la solicitud de creación de ítems en el Catálogo de Bienes, Servicios y Obras del SIGA MEF” ",2026-01-28,2026-01,Masculino,Entre 20 y 30 años,Nacional,PROGRAMA DE DESARROLLO DE SANIDAD AGROPECUARIA - PRODESA,Lima,Agricultura y Riego,I Trimestre,ba534056219c
TALLER,VIRTUAL,"Directiva N° 0010-2025-EF/54.01, “Directiva para la solicitud de creación de ítems en el Catálogo de Bienes, Servicios y Obras del SIGA MEF” ",2026-01-28,2026-01,Masculino,Entre 41 y 50 años,Nacional,SERVICIO NACIONAL DE SANIDAD AGRARIA - SENASA,Lima,Agricultura y Riego,I Trimestre,5b94b19db8c6
TALLER,VIRTUAL,"Directiva N° 0010-2025-EF/54.01, “Directiva para la solicitud de creación de ítems en el Catálogo de Bienes, Servicios y Obras del SIGA MEF” ",2026-01-28,2026-01,Femenino,Entre 31 y 40 años,Nacional,OFICINA NACIONAL DE PROCESOS ELECTORALES - ONPE,Lima,Oficina Nacional de Procesos Electorales,I Trimestre,b23d8429def3
TALLER,VIRTUAL,"Directiva N° 0010-2025-EF/54.01, “Directiva para la solicitud de creación de ítems en el Catálogo de Bienes, Servicios y Obras del SIGA MEF” ",2026-01-28,2026-01,Femenino,Entre 31 y 40 años,Nacional,"Unidad Ejecutora 022 ""Proyecto de Transformación con Equidad - PROTDE""",Lima,Presidencia del Consejo de Ministros,I Trimestre,93a4cc42766e
TALLER,VIRTUAL,"Directiva N° 0010-2025-EF/54.01, “Directiva para la solicitud de creación de ítems en el Catálogo de Bienes, Servicios y Obras del SIGA MEF” ",2026-01-28,2026-01,Masculino,Entre 51 y 60 años,Nacional,Unidad Ejecutora N° 012 - Oficina General de Inversiones y Proyectos,Lima,Economía y Finanzas,I Trimestre,ac8bcfafaf71
TALLER,VIRTUAL,"Directiva N° 0010-2025-EF/54.01, “Directiva para la solicitud de creación de ítems en el Catálogo de Bienes, Servicios y Obras del SIGA MEF” ",2026-01-28,2026-01,Masculino,Entre 51 y 60 años,Nacional,Autoridad Nacional de Infraestructura,Lima,Presidencia del Consejo de Ministros,I Trimestre,467c17a8a800
TALLER,VIRTUAL,"Directiva N° 0010-2025-EF/54.01, “Directiva para la solicitud de creación de ítems en el Catálogo de Bienes, Servicios y Obras del SIGA MEF” ",2026-01-28,2026-01,Masculino,Entre 41 y 50 años,Nacional,Comando Conjunto de las Fuerzas Armadas,Lima,Defensa,I Trimestre,e76ce6b7daad
TALLER,VIRTUAL,"Directiva N° 0010-2025-EF/54.01, “Directiva para la solicitud de creación de ítems en el Catálogo de Bienes, Servicios y Obras del SIGA MEF” ",2026-01-28,2026-01,Masculino,Entre 41 y 50 años,Nacional,OFICINA NACIONAL DE PROCESOS ELECTORALES - ONPE,Lima,Oficina Nacional de Procesos Electorales,I Trimestre,a2f75a32c16a
TALLER,VIRTUAL,"Directiva N° 0010-2025-EF/54.01, “Directiva para la solicitud de creación de ítems en el Catálogo de Bienes, Servicios y Obras del SIGA MEF” ",2026-01-28,2026-01,Femenino,Entre 31 y 40 años,Nacional,"Unidad Ejecutora 022 ""Proyecto de Transformación con Equidad - PROTDE""",Lima,Otros,I Trimestre,f3d14ec19e68
TALLER,VIRTUAL,"Directiva N° 0010-2025-EF/54.01, “Directiva para la solicitud de creación de ítems en el Catálogo de Bienes, Servicios y Obras del SIGA MEF” ",2026-01-28,2026-01,Femenino,Entre 31 y 40 años,Nacional,Autoridad Nacional del Servicio Civil (Servir),Lima,Presidencia del Consejo de Ministros,I Trimestre,1251c49daaf5
TALLER,VIRTUAL,"Directiva N° 0010-2025-EF/54.01, “Directiva para la solicitud de creación de ítems en el Catálogo de Bienes, Servicios y Obras del SIGA MEF” ",2026-01-28,2026-01,Femenino,Entre 41 y 50 años,Nacional,SERVICIO NACIONAL DE SANIDAD AGRARIA - SENASA,Lima,Agricultura y Riego,I Trimestre,8b8de1baec03
TALLER,VIRTUAL,"Directiva N° 0010-2025-EF/54.01, “Directiva para la solicitud de creación de ítems en el Catálogo de Bienes, Servicios y Obras del SIGA MEF” ",2026-01-28,2026-01,Femenino,Entre 31 y 40 años,Opd,PATRONATO DEL PARQUE DE LAS LEYENDAS,Lima,Otros,I Trimestre,21ae5c716d24
TALLER,VIRTUAL,"Directiva N° 0010-2025-EF/54.01, “Directiva para la solicitud de creación de ítems en el Catálogo de Bienes, Servicios y Obras del SIGA MEF” ",2026-01-28,2026-01,Masculino,Entre 41 y 50 años,Nacional,Defensoría del Pueblo,Lima,Defensoría del Pueblo,I Trimestre,01185cfeeb41
TALLER,VIRTUAL,"Directiva N° 0010-2025-EF/54.01, “Directiva para la solicitud de creación de ítems en el Catálogo de Bienes, Servicios y Obras del SIGA MEF” ",2026-01-28,2026-01,Femenino,Entre 31 y 40 años,Nacional,SERVICIO NACIONAL DE SANIDAD AGRARIA - SENASA,Lima,Agricultura y Riego,I Trimestre,d226340d67e8
TALLER,VIRTUAL,"Directiva N° 0010-2025-EF/54.01, “Directiva para la solicitud de creación de ítems en el Catálogo de Bienes, Servicios y Obras del SIGA MEF” ",2026-01-28,2026-01,Masculino,Entre 41 y 50 años,Regional,REGION MADRE DE DIOS-TRANSPORTES,Lima,Transportes y Comunicaciones,I Trimestre,4b532b4c9ac8
TALLER,VIRTUAL,"Directiva N° 0010-2025-EF/54.01, “Directiva para la solicitud de creación de ítems en el Catálogo de Bienes, Servicios y Obras del SIGA MEF” ",2026-01-29,2026-01,Femenino,Entre 20 y 30 años,Nacional,direccion general de electrificacion rural,Lima,Energía y Minas,I Trimestre,cf7e5e0d64cf
TALLER,VIRTUAL,"Directiva N° 0010-2025-EF/54.01, “Directiva para la solicitud de creación de ítems en el Catálogo de Bienes, Servicios y Obras del SIGA MEF” ",2026-01-29,2026-01,Femenino,Entre 31 y 40 años,Regional,Dirección Sub Regional de Salud Huallaga Central,San Martín,Salud,I Trimestre,d1309af67e47
TALLER,VIRTUAL,"Directiva N° 0010-2025-EF/54.01, “Directiva para la solicitud de creación de ítems en el Catálogo de Bienes, Servicios y Obras del SIGA MEF” ",2026-01-29,2026-01,Masculino,Entre 31 y 40 años,Regional,Dirección Regional de Agricultura San Martín,San Martín,Agricultura y Riego,I Trimestre,6bcf3b5caa3c
TALLER,VIRTUAL,"Directiva N° 0010-2025-EF/54.01, “Directiva para la solicitud de creación de ítems en el Catálogo de Bienes, Servicios y Obras del SIGA MEF” ",2026-01-29,2026-01,Femenino,Entre 31 y 40 años,Local,Municipalidad Distrital de Chipurana,San Martín,Gobiernos Locales,I Trimestre,c043de1ea36c
TALLER,VIRTUAL,"Directiva N° 0010-2025-EF/54.01, “Directiva para la solicitud de creación de ítems en el Catálogo de Bienes, Servicios y Obras del SIGA MEF” ",2026-01-29,2026-01,Femenino,Entre 20 y 30 años,Regional,SALUD ALTO HUALLAGA,San Martín,Salud,I Trimestre,b060db92e6cb
TALLER,VIRTUAL,"Directiva N° 0010-2025-EF/54.01, “Directiva para la solicitud de creación de ítems en el Catálogo de Bienes, Servicios y Obras del SIGA MEF” ",2026-01-29,2026-01,Masculino,Entre 41 y 50 años,Nacional,Autoridad de Transporte Urbano para Lima y Callao - ATU,Lima,Transportes y Comunicaciones,I Trimestre,dc99f1769517
TALLER,VIRTUAL,"Directiva N° 0010-2025-EF/54.01, “Directiva para la solicitud de creación de ítems en el Catálogo de Bienes, Servicios y Obras del SIGA MEF” ",2026-01-29,2026-01,Masculino,Entre 31 y 40 años,Regional,Dirección Sub Regional de Salud Huallaga Central,San Martín,Salud,I Trimestre,238bcbe58c89
TALLER,VIRTUAL,"Directiva N° 0010-2025-EF/54.01, “Directiva para la solicitud de creación de ítems en el Catálogo de Bienes, Servicios y Obras del SIGA MEF” ",2026-01-29,2026-01,Femenino,Entre 51 y 60 años,Regional,Proyecto Especial Huallaga Central y Bajo Mayo,San Martín,Gobiernos Regionales,I Trimestre,9f1a659444d4
TALLER,VIRTUAL,"Directiva N° 0010-2025-EF/54.01, “Directiva para la solicitud de creación de ítems en el Catálogo de Bienes, Servicios y Obras del SIGA MEF” ",2026-01-29,2026-01,Masculino,Entre 31 y 40 años,Regional,Oficina de Gestión de Servicios de Salud Alto Mayo,San Martín,Salud,I Trimestre,e2c8fccea23f
TALLER,VIRTUAL,"Directiva N° 0010-2025-EF/54.01, “Directiva para la solicitud de creación de ítems en el Catálogo de Bienes, Servicios y Obras del SIGA MEF” ",2026-01-29,2026-01,Femenino,Entre 31 y 40 años,Local,Municipalidad Distrital de Pólvora,San Martín,Otros,I Trimestre,0a652c66a652
TALLER,VIRTUAL,"Directiva N° 0010-2025-EF/54.01, “Directiva para la solicitud de creación de ítems en el Catálogo de Bienes, Servicios y Obras del SIGA MEF” ",2026-01-29,2026-01,Femenino,Entre 31 y 40 años,Nacional,Superintendencia Nacional de Educación Superior Universitaria (SUNEDU),Lima,Educación,I Trimestre,47945e84fdf6
TALLER,VIRTUAL,"Directiva N° 0010-2025-EF/54.01, “Directiva para la solicitud de creación de ítems en el Catálogo de Bienes, Servicios y Obras del SIGA MEF” ",2026-01-29,2026-01,Femenino,Entre 31 y 40 años,Regional,Dirección Regional de Pesquería San Martín,San Martín,Gobiernos Regionales,I Trimestre,e5dcc53cd972
TALLER,VIRTUAL,"Directiva N° 0010-2025-EF/54.01, “Directiva para la solicitud de creación de ítems en el Catálogo de Bienes, Servicios y Obras del SIGA MEF” ",2026-01-29,2026-01,Masculino,Entre 51 y 60 años,Regional,Unidad Ejecutora Hospital II 2 Tarapoto,San Martín,Salud,I Trimestre,fc394064b109
TALLER,VIRTUAL,"Directiva N° 0010-2025-EF/54.01, “Directiva para la solicitud de creación de ítems en el Catálogo de Bienes, Servicios y Obras del SIGA MEF” ",2026-01-29,2026-01,Masculino,Entre 51 y 60 años,Nacional,Colegio Mayor Secundario Presidente del Perú,Lima,Educación,I Trimestre,f3128a6a1860
TALLER,VIRTUAL,"Directiva N° 0010-2025-EF/54.01, “Directiva para la solicitud de creación de ítems en el Catálogo de Bienes, Servicios y Obras del SIGA MEF” ",2026-01-29,2026-01,Masculino,Entre 31 y 40 años,Regional,Gobierno Regional de San Martín - Sede Central,San Martín,Gobiernos Regionales,I Trimestre,73a82700d87f
TALLER,VIRTUAL,"Directiva N° 0010-2025-EF/54.01, “Directiva para la solicitud de creación de ítems en el Catálogo de Bienes, Servicios y Obras del SIGA MEF” ",2026-01-29,2026-01,Masculino,Entre 41 y 50 años,Nacional,INPE - Oficina Regional Nor Oriente San Martín,San Martín,Poder Judicial,I Trimestre,2f4e3f7b0a71
TALLER,VIRTUAL,"Directiva N° 0010-2025-EF/54.01, “Directiva para la solicitud de creación de ítems en el Catálogo de Bienes, Servicios y Obras del SIGA MEF” ",2026-01-29,2026-01,Masculino,Entre 31 y 40 años,Local,Municipalidad Distrital de Awajún,San Martín,Gobiernos Locales,I Trimestre,563de50b297d
TALLER,VIRTUAL,"Directiva N° 0010-2025-EF/54.01, “Directiva para la solicitud de creación de ítems en el Catálogo de Bienes, Servicios y Obras del SIGA MEF” ",2026-01-29,2026-01,Femenino,Entre 20 y 30 años,Local,Municipalidad Distrital de San Hilarion,San Martín,Gobiernos Locales,I Trimestre,0697769f1c96
TALLER,VIRTUAL,"Directiva N° 0010-2025-EF/54.01, “Directiva para la solicitud de creación de ítems en el Catálogo de Bienes, Servicios y Obras del SIGA MEF” ",2026-01-29,2026-01,Masculino,Entre 41 y 50 años,Nacional,INPE - Oficina Regional Nor Oriente San Martín,San Martín,Justicia y Derechos Humanos,I Trimestre,fff9924b62e4
TALLER,VIRTUAL,"Directiva N° 0010-2025-EF/54.01, “Directiva para la solicitud de creación de ítems en el Catálogo de Bienes, Servicios y Obras del SIGA MEF” ",2026-01-29,2026-01,Masculino,Entre 20 y 30 años,Regional,Oficina de Gestión de Servicios de Salud Alto Huallaga,San Martín,Salud,I Trimestre,485f8a7f75cf
TALLER,VIRTUAL,"Directiva N° 0010-2025-EF/54.01, “Directiva para la solicitud de creación de ítems en el Catálogo de Bienes, Servicios y Obras del SIGA MEF” ",2026-01-29,2026-01,Masculino,Entre 31 y 40 años,Regional,EDUCACION SAN MARTIN,San Martín,Educación,I Trimestre,473a575c5c0d
TALLER,VIRTUAL,"Directiva N° 0010-2025-EF/54.01, “Directiva para la solicitud de creación de ítems en el Catálogo de Bienes, Servicios y Obras del SIGA MEF” ",2026-01-29,2026-01,Femenino,Entre 20 y 30 años,Local,Municipalidad Distrital de Shatoja,San Martín,Gobiernos Locales,I Trimestre,35d6baa140de
TALLER,VIRTUAL,"Directiva N° 0010-2025-EF/54.01, “Directiva para la solicitud de creación de ítems en el Catálogo de Bienes, Servicios y Obras del SIGA MEF” ",2026-01-29,2026-01,Femenino,Entre 41 y 50 años,Nacional,INPE - Oficina Regional Nor Oriente San Martín,San Martín,Justicia y Derechos Humanos,I Trimestre,70bdc998f9d1
TALLER,VIRTUAL,"Directiva N° 0010-2025-EF/54.01, “Directiva para la solicitud de creación de ítems en el Catálogo de Bienes, Servicios y Obras del SIGA MEF” ",2026-01-29,2026-01,Femenino,Entre 31 y 40 años,Nacional,INPE - Oficina Regional Nor Oriente San Martín,San Martín,Justicia y Derechos Humanos,I Trimestre,ea35afd8ade0
TALLER,VIRTUAL,"Directiva N° 0010-2025-EF/54.01, “Directiva para la solicitud de creación de ítems en el Catálogo de Bienes, Servicios y Obras del SIGA MEF” ",2026-01-29,2026-01,Femenino,Entre 20 y 30 años,Regional,Dirección Sub Regional de Salud Huallaga Central,San Martín,Salud,I Trimestre,b56001622538
TALLER,VIRTUAL,"Directiva N° 0010-2025-EF/54.01, “Directiva para la solicitud de creación de ítems en el Catálogo de Bienes, Servicios y Obras del SIGA MEF” ",2026-01-29,2026-01,Femenino,Entre 20 y 30 años,Regional,Dirección Sub Regional de Salud Huallaga Central,San Martín,Salud,I Trimestre,9d75ea549bde
TALLER,VIRTUAL,"Directiva N° 0010-2025-EF/54.01, “Directiva para la solicitud de creación de ítems en el Catálogo de Bienes, Servicios y Obras del SIGA MEF” ",2026-01-29,2026-01,Masculino,Entre 31 y 40 años,Nacional,Corte Superior de Justicia de San Martin,San Martín,Poder Judicial,I Trimestre,9a4b0d6923d0
TALLER,VIRTUAL,"Directiva N° 0010-2025-EF/54.01, “Directiva para la solicitud de creación de ítems en el Catálogo de Bienes, Servicios y Obras del SIGA MEF” ",2026-01-29,2026-01,Femenino,Entre 41 y 50 años,Regional,Dirección Sub Regional de Salud Huallaga Central,San Martín,Salud,I Trimestre,2c258150920d
TALLER,VIRTUAL,"Directiva N° 0010-2025-EF/54.01, “Directiva para la solicitud de creación de ítems en el Catálogo de Bienes, Servicios y Obras del SIGA MEF” ",2026-01-29,2026-01,Masculino,Entre 31 y 40 años,Local,Municipalidad Distrital de Soritor,San Martín,Gobiernos Locales,I Trimestre,80400c0f1c10
TALLER,VIRTUAL,"Directiva N° 0010-2025-EF/54.01, “Directiva para la solicitud de creación de ítems en el Catálogo de Bienes, Servicios y Obras del SIGA MEF” ",2026-01-29,2026-01,Masculino,Entre 31 y 40 años,Nacional,Corte Superior de Justicia de San Martin,San Martín,Poder Judicial,I Trimestre,7add3c6d6141
TALLER,VIRTUAL,"Directiva N° 0010-2025-EF/54.01, “Directiva para la solicitud de creación de ítems en el Catálogo de Bienes, Servicios y Obras del SIGA MEF” ",2026-01-29,2026-01,Masculino,Entre 31 y 40 años,Regional,Unidad Ejecutora Hospital II 2 Tarapoto,San Martín,Salud,I Trimestre,f7b8b93d6210
TALLER,VIRTUAL,"Directiva N° 0010-2025-EF/54.01, “Directiva para la solicitud de creación de ítems en el Catálogo de Bienes, Servicios y Obras del SIGA MEF” ",2026-01-29,2026-01,Femenino,Entre 31 y 40 años,Local,Municipalidad Distrital de Huimbayoc,San Martín,Gobiernos Locales,I Trimestre,0dbbc9ef0cd4
TALLER,VIRTUAL,"Directiva N° 0010-2025-EF/54.01, “Directiva para la solicitud de creación de ítems en el Catálogo de Bienes, Servicios y Obras del SIGA MEF” ",2026-01-29,2026-01,Masculino,Entre 31 y 40 años,Nacional,MINISTERIO DE EDUCACION,Lima,Educación,I Trimestre,fbc9b7fbb1e4
TALLER,VIRTUAL,"Directiva N° 0010-2025-EF/54.01, “Directiva para la solicitud de creación de ítems en el Catálogo de Bienes, Servicios y Obras del SIGA MEF” ",2026-01-29,2026-01,Masculino,Entre 51 y 60 años,Local,Municipalidad Distrital de Villa María del Triunfo,Lima,Gobiernos Locales,I Trimestre,d2052161b319
TALLER,VIRTUAL,"Directiva N° 0010-2025-EF/54.01, “Directiva para la solicitud de creación de ítems en el Catálogo de Bienes, Servicios y Obras del SIGA MEF” ",2026-01-29,2026-01,Femenino,Entre 20 y 30 años,Local,Municipalidad Distrital de Elías Soplín Vargas,San Martín,Gobiernos Locales,I Trimestre,ff803924f3be
TALLER,VIRTUAL,"Directiva N° 0010-2025-EF/54.01, “Directiva para la solicitud de creación de ítems en el Catálogo de Bienes, Servicios y Obras del SIGA MEF” ",2026-01-29,2026-01,Femenino,Entre 20 y 30 años,Local,Municipalidad Distrital de San Fernando,San Martín,Gobiernos Locales,I Trimestre,28cd19f80558
TALLER,VIRTUAL,"Directiva N° 0010-2025-EF/54.01, “Directiva para la solicitud de creación de ítems en el Catálogo de Bienes, Servicios y Obras del SIGA MEF” ",2026-01-29,2026-01,Femenino,Entre 20 y 30 años,Local,Municipalidad Provincial de Rioja,San Martín,Gobiernos Locales,I Trimestre,6519042decc8
TALLER,VIRTUAL,"Directiva N° 0010-2025-EF/54.01, “Directiva para la solicitud de creación de ítems en el Catálogo de Bienes, Servicios y Obras del SIGA MEF” ",2026-01-29,2026-01,Femenino,Entre 31 y 40 años,Nacional,Corte Superior de Justicia de San Martin,San Martín,Poder Judicial,I Trimestre,0713292778ba
TALLER,VIRTUAL,"Directiva N° 0010-2025-EF/54.01, “Directiva para la solicitud de creación de ítems en el Catálogo de Bienes, Servicios y Obras del SIGA MEF” ",2026-01-29,2026-01,Femenino,Entre 51 y 60 años,Nacional,INPE - Oficina Regional Nor Oriente San Martín,San Martín,Justicia y Derechos Humanos,I Trimestre,c45b1a577341
TALLER,VIRTUAL,"Directiva N° 0010-2025-EF/54.01, “Directiva para la solicitud de creación de ítems en el Catálogo de Bienes, Servicios y Obras del SIGA MEF” ",2026-01-29,2026-01,Femenino,Entre 20 y 30 años,Regional,Dirección Sub Regional de Salud Huallaga Central,San Martín,Salud,I Trimestre,2c4c57955d42
TALLER,VIRTUAL,"Directiva N° 0010-2025-EF/54.01, “Directiva para la solicitud de creación de ítems en el Catálogo de Bienes, Servicios y Obras del SIGA MEF” ",2026-01-29,2026-01,Masculino,Entre 41 y 50 años,Nacional,INPE - Oficina Regional Nor Oriente San Martín,San Martín,Justicia y Derechos Humanos,I Trimestre,1721c44f6425
TALLER,VIRTUAL,"Directiva N° 0010-2025-EF/54.01, “Directiva para la solicitud de creación de ítems en el Catálogo de Bienes, Servicios y Obras del SIGA MEF” ",2026-01-29,2026-01,Femenino,Entre 41 y 50 años,Nacional,INPE - Oficina Regional Nor Oriente San Martín,San Martín,Justicia y Derechos Humanos,I Trimestre,08a6e95a77b6
TALLER,VIRTUAL,"Directiva N° 0010-2025-EF/54.01, “Directiva para la solicitud de creación de ítems en el Catálogo de Bienes, Servicios y Obras del SIGA MEF” ",2026-01-29,2026-01,Masculino,Entre 41 y 50 años,Nacional,Programa Nacional de Innovación para la Competitividad y Productividad,Lima,Producción,I Trimestre,33eb35a2f953
TALLER,VIRTUAL,"Directiva N° 0010-2025-EF/54.01, “Directiva para la solicitud de creación de ítems en el Catálogo de Bienes, Servicios y Obras del SIGA MEF” ",2026-01-29,2026-01,Femenino,Entre 31 y 40 años,Regional,Dirección Sub Regional de Salud Huallaga Central,San Martín,Salud,I Trimestre,9d63620d8931
TALLER,VIRTUAL,"Directiva N° 0010-2025-EF/54.01, “Directiva para la solicitud de creación de ítems en el Catálogo de Bienes, Servicios y Obras del SIGA MEF” ",2026-01-29,2026-01,Femenino,Entre 31 y 40 años,Regional,Gerencia Territorial Huallaga Central Juanjui,San Martín,Gobiernos Regionales,I Trimestre,3aed0e74685d
TALLER,VIRTUAL,"Directiva N° 0010-2025-EF/54.01, “Directiva para la solicitud de creación de ítems en el Catálogo de Bienes, Servicios y Obras del SIGA MEF” ",2026-01-29,2026-01,Masculino,Entre 51 y 60 años,Nacional,INPE - Oficina Regional Nor Oriente San Martín,San Martín,Justicia y Derechos Humanos,I Trimestre,5921013627cb
TALLER,VIRTUAL,"Directiva N° 0010-2025-EF/54.01, “Directiva para la solicitud de creación de ítems en el Catálogo de Bienes, Servicios y Obras del SIGA MEF” ",2026-01-29,2026-01,Masculino,Entre 31 y 40 años,Local,Municipalidad Distrital de La Banda de Shilcayo,San Martín,Otros,I Trimestre,c7459f52f47f
TALLER,VIRTUAL,"Directiva N° 0010-2025-EF/54.01, “Directiva para la solicitud de creación de ítems en el Catálogo de Bienes, Servicios y Obras del SIGA MEF” ",2026-01-29,2026-01,Femenino,Entre 31 y 40 años,Local,Municipalidad Distrital de Villa María del Triunfo,Lima,Gobiernos Locales,I Trimestre,584365b022dc
TALLER,VIRTUAL,"Directiva N° 0010-2025-EF/54.01, “Directiva para la solicitud de creación de ítems en el Catálogo de Bienes, Servicios y Obras del SIGA MEF” ",2026-01-29,2026-01,Masculino,Entre 41 y 50 años,Nacional,MINISTERIO DE EDUCACIÓN - SEDE CENTRAL,Lima,Educación,I Trimestre,027644b0bf77
TALLER,VIRTUAL,"Directiva N° 0010-2025-EF/54.01, “Directiva para la solicitud de creación de ítems en el Catálogo de Bienes, Servicios y Obras del SIGA MEF” ",2026-01-29,2026-01,Femenino,Entre 31 y 40 años,Nacional,INPE - Oficina Regional Nor Oriente San Martín,San Martín,Justicia y Derechos Humanos,I Trimestre,cb2fb1780097
TALLER,VIRTUAL,"Directiva N° 0010-2025-EF/54.01, “Directiva para la solicitud de creación de ítems en el Catálogo de Bienes, Servicios y Obras del SIGA MEF” ",2026-01-29,2026-01,Masculino,Entre 31 y 40 años,Local,Municipalidad Distrital de Posic,San Martín,Gobiernos Locales,I Trimestre,e6464878009e
TALLER,VIRTUAL,"Directiva N° 0010-2025-EF/54.01, “Directiva para la solicitud de creación de ítems en el Catálogo de Bienes, Servicios y Obras del SIGA MEF” ",2026-01-30,2026-01,Femenino,Entre 41 y 50 años,Regional,Hospital Hipólito Unanue - Región Tacna (HHUT),Tacna,Salud,I Trimestre,ff6b5e31d115
TALLER,VIRTUAL,"Directiva N° 0010-2025-EF/54.01, “Directiva para la solicitud de creación de ítems en el Catálogo de Bienes, Servicios y Obras del SIGA MEF” ",2026-01-30,2026-01,Femenino,Entre 20 y 30 años,Local,Municipalidad Provincial de Tarata,Tacna,Gobiernos Locales,I Trimestre,7d3b17977641
TALLER,VIRTUAL,"Directiva N° 0010-2025-EF/54.01, “Directiva para la solicitud de creación de ítems en el Catálogo de Bienes, Servicios y Obras del SIGA MEF” ",2026-01-30,2026-01,Masculino,Entre 31 y 40 años,Regional,Gobierno Regional de Tacna,Tacna,Gobiernos Regionales,I Trimestre,b828aab3b2f7
TALLER,VIRTUAL,"Directiva N° 0010-2025-EF/54.01, “Directiva para la solicitud de creación de ítems en el Catálogo de Bienes, Servicios y Obras del SIGA MEF” ",2026-01-30,2026-01,Femenino,Entre 41 y 50 años,Local,Municipalidad Distrital de Coronel Gregorio Albarracín Lanchipa,Tacna,Gobiernos Locales,I Trimestre,f65d52f8a7e1
TALLER,VIRTUAL,"Directiva N° 0010-2025-EF/54.01, “Directiva para la solicitud de creación de ítems en el Catálogo de Bienes, Servicios y Obras del SIGA MEF” ",2026-01-30,2026-01,Femenino,Entre 41 y 50 años,Local,Municipalidad Distrital de Coronel Gregorio Albarracín Lanchipa,Tacna,Gobiernos Locales,I Trimestre,f65d52f8a7e1
TALLER,VIRTUAL,"Directiva N° 0010-2025-EF/54.01, “Directiva para la solicitud de creación de ítems en el Catálogo de Bienes, Servicios y Obras del SIGA MEF” ",2026-01-30,2026-01,Masculino,Entre 31 y 40 años,Regional,Hospital Hipólito Unanue - Región Tacna (HHUT),Tacna,Salud,I Trimestre,70a6edc431ed
TALLER,VIRTUAL,"Directiva N° 0010-2025-EF/54.01, “Directiva para la solicitud de creación de ítems en el Catálogo de Bienes, Servicios y Obras del SIGA MEF” ",2026-01-30,2026-01,Femenino,Entre 31 y 40 años,Local,Municipalidad Provincial de Tarata,Tacna,Gobiernos Locales,I Trimestre,129f8ee87c58
TALLER,VIRTUAL,"Directiva N° 0010-2025-EF/54.01, “Directiva para la solicitud de creación de ítems en el Catálogo de Bienes, Servicios y Obras del SIGA MEF” ",2026-01-30,2026-01,Masculino,Entre 51 y 60 años,Local,Municipalidad Provincial de Jorge Basadre,Tacna,Gobiernos Locales,I Trimestre,5c2233c2a820
TALLER,VIRTUAL,"Directiva N° 0010-2025-EF/54.01, “Directiva para la solicitud de creación de ítems en el Catálogo de Bienes, Servicios y Obras del SIGA MEF” ",2026-01-30,2026-01,Masculino,Entre 31 y 40 años,Local,Municipalidad Distrital de Estique,Tacna,Otros,I Trimestre,c6ac4c1bb9fb
TALLER,VIRTUAL,"Directiva N° 0010-2025-EF/54.01, “Directiva para la solicitud de creación de ítems en el Catálogo de Bienes, Servicios y Obras del SIGA MEF” ",2026-01-30,2026-01,Masculino,Entre 31 y 40 años,Local,Municipalidad Provincial de Tarata,Tacna,Gobiernos Locales,I Trimestre,2326d2efa2fd
TALLER,VIRTUAL,"Directiva N° 0010-2025-EF/54.01, “Directiva para la solicitud de creación de ítems en el Catálogo de Bienes, Servicios y Obras del SIGA MEF” ",2026-01-30,2026-01,Femenino,Entre 20 y 30 años,Local,Municipalidad Provincial de Tacna,Tacna,Gobiernos Locales,I Trimestre,a0521686d4fd
TALLER,VIRTUAL,"Directiva N° 0010-2025-EF/54.01, “Directiva para la solicitud de creación de ítems en el Catálogo de Bienes, Servicios y Obras del SIGA MEF” ",2026-01-30,2026-01,Masculino,Entre 41 y 50 años,Local,Municipalidad Distrital de Ite,Tacna,Gobiernos Locales,I Trimestre,9738e9044e14
TALLER,VIRTUAL,"Directiva N° 0010-2025-EF/54.01, “Directiva para la solicitud de creación de ítems en el Catálogo de Bienes, Servicios y Obras del SIGA MEF” ",2026-01-30,2026-01,Masculino,Entre 31 y 40 años,Local,Municipalidad Distrital de Alto de La Alianza,Tacna,Gobiernos Locales,I Trimestre,66aab95250ff
TALLER,VIRTUAL,"Directiva N° 0010-2025-EF/54.01, “Directiva para la solicitud de creación de ítems en el Catálogo de Bienes, Servicios y Obras del SIGA MEF” ",2026-01-30,2026-01,Femenino,Entre 20 y 30 años,Local,Municipalidad Provincial de Tacna,Tacna,Gobiernos Locales,I Trimestre,cf2fb5cf2f0f
TALLER,VIRTUAL,"Directiva N° 0010-2025-EF/54.01, “Directiva para la solicitud de creación de ítems en el Catálogo de Bienes, Servicios y Obras del SIGA MEF” ",2026-01-30,2026-01,Femenino,Entre 20 y 30 años,Local,Municipalidad Distrital de Ite,Tacna,Otros,I Trimestre,35cb361c5983
TALLER,VIRTUAL,"Directiva N° 0010-2025-EF/54.01, “Directiva para la solicitud de creación de ítems en el Catálogo de Bienes, Servicios y Obras del SIGA MEF” ",2026-01-30,2026-01,Femenino,Entre 41 y 50 años,Local,Municipalidad Provincial de Tacna,Tacna,Gobiernos Locales,I Trimestre,6e1f9544b0bf
TALLER,VIRTUAL,"Directiva N° 0010-2025-EF/54.01, “Directiva para la solicitud de creación de ítems en el Catálogo de Bienes, Servicios y Obras del SIGA MEF” ",2026-01-30,2026-01,Masculino,Entre 41 y 50 años,Local,Municipalidad Provincial de Jorge Basadre,Tacna,Gobiernos Locales,I Trimestre,350080eb539c
TALLER,VIRTUAL,"Directiva N° 0010-2025-EF/54.01, “Directiva para la solicitud de creación de ítems en el Catálogo de Bienes, Servicios y Obras del SIGA MEF” ",2026-01-30,2026-01,Masculino,Entre 20 y 30 años,Local,Municipalidad Provincial de Carabaya,Puno,Otros,I Trimestre,addc6c96473a
TALLER,VIRTUAL,"Directiva N° 0010-2025-EF/54.01, “Directiva para la solicitud de creación de ítems en el Catálogo de Bienes, Servicios y Obras del SIGA MEF” ",2026-01-30,2026-01,Femenino,Entre 41 y 50 años,Local,Municipalidad Distrital de Tarucachi,Tacna,Gobiernos Locales,I Trimestre,e5ed50df7075
TALLER,VIRTUAL,"Directiva N° 0010-2025-EF/54.01, “Directiva para la solicitud de creación de ítems en el Catálogo de Bienes, Servicios y Obras del SIGA MEF” ",2026-01-30,2026-01,Femenino,Entre 20 y 30 años,Local,Municipalidad Distrital de Vilque,Puno,Otros,I Trimestre,cb87e84531bd
TALLER,VIRTUAL,"Directiva N° 0010-2025-EF/54.01, “Directiva para la solicitud de creación de ítems en el Catálogo de Bienes, Servicios y Obras del SIGA MEF” ",2026-01-30,2026-01,Femenino,Entre 20 y 30 años,Local,Municipalidad Distrital de Coata,Puno,Gobiernos Locales,I Trimestre,3688e34fe3fd
TALLER,VIRTUAL,"Directiva N° 0010-2025-EF/54.01, “Directiva para la solicitud de creación de ítems en el Catálogo de Bienes, Servicios y Obras del SIGA MEF” ",2026-01-30,2026-01,Femenino,Entre 41 y 50 años,Regional,Dirección Regional de Educación de Puno,Puno,Educación,I Trimestre,e9ee00bdeaad
TALLER,VIRTUAL,"Directiva N° 0010-2025-EF/54.01, “Directiva para la solicitud de creación de ítems en el Catálogo de Bienes, Servicios y Obras del SIGA MEF” ",2026-01-30,2026-01,Femenino,Entre 31 y 40 años,Local,Municipalidad Distrital de Samegua,Moquegua,Gobiernos Locales,I Trimestre,201cbc36b3ba
TALLER,VIRTUAL,"Directiva N° 0010-2025-EF/54.01, “Directiva para la solicitud de creación de ítems en el Catálogo de Bienes, Servicios y Obras del SIGA MEF” ",2026-01-30,2026-01,Femenino,Entre 20 y 30 años,Local,Municipalidad Distrital de Torata,Moquegua,Gobiernos Locales,I Trimestre,341ceb584629
TALLER,VIRTUAL,"Directiva N° 0010-2025-EF/54.01, “Directiva para la solicitud de creación de ítems en el Catálogo de Bienes, Servicios y Obras del SIGA MEF” ",2026-01-30,2026-01,Masculino,Entre 41 y 50 años,Local,Municipalidad Provincial de Sandia,Puno,Gobiernos Locales,I Trimestre,a8ec2ce69123
TALLER,VIRTUAL,"Directiva N° 0010-2025-EF/54.01, “Directiva para la solicitud de creación de ítems en el Catálogo de Bienes, Servicios y Obras del SIGA MEF” ",2026-01-30,2026-01,Masculino,Entre 31 y 40 años,Local,Municipalidad Distrital de San Antonio,Moquegua,Gobiernos Locales,I Trimestre,910c8f585f53
TALLER,VIRTUAL,"Directiva N° 0010-2025-EF/54.01, “Directiva para la solicitud de creación de ítems en el Catálogo de Bienes, Servicios y Obras del SIGA MEF” ",2026-01-30,2026-01,Masculino,Entre 31 y 40 años,Regional,Red de Salud Sandia,Puno,Salud,I Trimestre,739b15a124a1
TALLER,VIRTUAL,"Directiva N° 0010-2025-EF/54.01, “Directiva para la solicitud de creación de ítems en el Catálogo de Bienes, Servicios y Obras del SIGA MEF” ",2026-01-30,2026-01,Masculino,Entre 20 y 30 años,Local,Municipalidad Provincial de Mariscal Nieto,Moquegua,Gobiernos Locales,I Trimestre,d707c4f97fb4
TALLER,VIRTUAL,"Directiva N° 0010-2025-EF/54.01, “Directiva para la solicitud de creación de ítems en el Catálogo de Bienes, Servicios y Obras del SIGA MEF” ",2026-01-30,2026-01,Masculino,Entre 31 y 40 años,Local,Municipalidad Distrital de Tirapata,Puno,Gobiernos Locales,I Trimestre,3498229efbab
TALLER,VIRTUAL,"Directiva N° 0010-2025-EF/54.01, “Directiva para la solicitud de creación de ítems en el Catálogo de Bienes, Servicios y Obras del SIGA MEF” ",2026-01-30,2026-01,Femenino,Entre 20 y 30 años,Local,Municipalidad Provincial de Azángaro,Puno,Gobiernos Locales,I Trimestre,7cfd247ffdaa
TALLER,VIRTUAL,"Directiva N° 0010-2025-EF/54.01, “Directiva para la solicitud de creación de ítems en el Catálogo de Bienes, Servicios y Obras del SIGA MEF” ",2026-01-30,2026-01,Masculino,Entre 20 y 30 años,Regional,Gerencia Regional de Educación de Moquegua,Moquegua,Educación,I Trimestre,b43f222dbced
TALLER,VIRTUAL,"Directiva N° 0010-2025-EF/54.01, “Directiva para la solicitud de creación de ítems en el Catálogo de Bienes, Servicios y Obras del SIGA MEF” ",2026-01-30,2026-01,Femenino,Entre 20 y 30 años,Local,Municipalidad Distrital de Santiago de Pupuja,Puno,Gobiernos Locales,I Trimestre,18295e6f5c02
TALLER,VIRTUAL,"Directiva N° 0010-2025-EF/54.01, “Directiva para la solicitud de creación de ítems en el Catálogo de Bienes, Servicios y Obras del SIGA MEF” ",2026-01-30,2026-01,Masculino,Entre 31 y 40 años,Local,Municipalidad Provincial de El Collao,Puno,Gobiernos Locales,I Trimestre,9757a3b3cb32
TALLER,VIRTUAL,"Directiva N° 0010-2025-EF/54.01, “Directiva para la solicitud de creación de ítems en el Catálogo de Bienes, Servicios y Obras del SIGA MEF” ",2026-01-30,2026-01,Femenino,Entre 31 y 40 años,Regional,Gerencia Regional de Educación de Moquegua,Moquegua,Educación,I Trimestre,7455ea356cbe
TALLER,VIRTUAL,"Directiva N° 0010-2025-EF/54.01, “Directiva para la solicitud de creación de ítems en el Catálogo de Bienes, Servicios y Obras del SIGA MEF” ",2026-01-30,2026-01,Masculino,Entre 51 y 60 años,Nacional,Universidad Nacional de Moquegua - UNAM,Moquegua,Educación,I Trimestre,9d55582c307f
TALLER,VIRTUAL,"Directiva N° 0010-2025-EF/54.01, “Directiva para la solicitud de creación de ítems en el Catálogo de Bienes, Servicios y Obras del SIGA MEF” ",2026-01-30,2026-01,Femenino,Entre 31 y 40 años,Regional,Gobierno Regional de Puno,Puno,Gobiernos Regionales,I Trimestre,1b7d82f38f6f
TALLER,VIRTUAL,"Directiva N° 0010-2025-EF/54.01, “Directiva para la solicitud de creación de ítems en el Catálogo de Bienes, Servicios y Obras del SIGA MEF” ",2026-01-30,2026-01,Femenino,Entre 31 y 40 años,Local,Municipalidad Distrital de San Antonio,Moquegua,Gobiernos Locales,I Trimestre,7337f368a221
TALLER,VIRTUAL,"Directiva N° 0010-2025-EF/54.01, “Directiva para la solicitud de creación de ítems en el Catálogo de Bienes, Servicios y Obras del SIGA MEF” ",2026-01-30,2026-01,Femenino,Entre 20 y 30 años,Local,Municipalidad Distrital de Capachica,Puno,Gobiernos Locales,I Trimestre,3437ada647d4
TALLER,VIRTUAL,"Directiva N° 0010-2025-EF/54.01, “Directiva para la solicitud de creación de ítems en el Catálogo de Bienes, Servicios y Obras del SIGA MEF” ",2026-01-30,2026-01,Masculino,Entre 31 y 40 años,Local,Municipalidad Provincial de Chucuito - Juli,Puno,Otros,I Trimestre,f759290a0192
TALLER,VIRTUAL,"Directiva N° 0010-2025-EF/54.01, “Directiva para la solicitud de creación de ítems en el Catálogo de Bienes, Servicios y Obras del SIGA MEF” ",2026-01-30,2026-01,Masculino,Entre 31 y 40 años,Regional,Gerencia Regional de Agricultura Moquegua,Moquegua,Agricultura y Riego,I Trimestre,48f8261732f1
TALLER,VIRTUAL,"Directiva N° 0010-2025-EF/54.01, “Directiva para la solicitud de creación de ítems en el Catálogo de Bienes, Servicios y Obras del SIGA MEF” ",2026-01-30,2026-01,Masculino,Entre 31 y 40 años,Local,Municipalidad Distrital de Samegua,Moquegua,Gobiernos Locales,I Trimestre,ad297adbe0af
TALLER,VIRTUAL,"Directiva N° 0010-2025-EF/54.01, “Directiva para la solicitud de creación de ítems en el Catálogo de Bienes, Servicios y Obras del SIGA MEF” ",2026-01-30,2026-01,Femenino,Entre 31 y 40 años,Regional,Red de Salud El Collao,Puno,Salud,I Trimestre,b74e078b11e2
TALLER,VIRTUAL,"Directiva N° 0010-2025-EF/54.01, “Directiva para la solicitud de creación de ítems en el Catálogo de Bienes, Servicios y Obras del SIGA MEF” ",2026-01-30,2026-01,Masculino,Entre 31 y 40 años,Nacional,Universidad Nacional de Moquegua - UNAM,Moquegua,Educación,I Trimestre,1371b006f1dd
TALLER,VIRTUAL,"Directiva N° 0010-2025-EF/54.01, “Directiva para la solicitud de creación de ítems en el Catálogo de Bienes, Servicios y Obras del SIGA MEF” ",2026-01-30,2026-01,Masculino,Entre 20 y 30 años,Local,Municipalidad Distrital de Ayapata,Puno,Gobiernos Locales,I Trimestre,5d7723a8a6ab
TALLER,VIRTUAL,"Directiva N° 0010-2025-EF/54.01, “Directiva para la solicitud de creación de ítems en el Catálogo de Bienes, Servicios y Obras del SIGA MEF” ",2026-01-30,2026-01,Masculino,Entre 31 y 40 años,Local,Municipalidad Provincial de Mariscal Nieto,Moquegua,Gobiernos Locales,I Trimestre,8218a2239922
TALLER,VIRTUAL,"Directiva N° 0010-2025-EF/54.01, “Directiva para la solicitud de creación de ítems en el Catálogo de Bienes, Servicios y Obras del SIGA MEF” ",2026-01-30,2026-01,Masculino,Entre 41 y 50 años,Regional,Red de Salud El Collao,Puno,Salud,I Trimestre,ffd34d65a979
TALLER,VIRTUAL,"Directiva N° 0010-2025-EF/54.01, “Directiva para la solicitud de creación de ítems en el Catálogo de Bienes, Servicios y Obras del SIGA MEF” ",2026-01-30,2026-01,Masculino,Entre 31 y 40 años,Local,Municipalidad Provincial de Mariscal Nieto,Moquegua,Desarrollo e Inclusión Social,I Trimestre,92d3517acc8b
TALLER,VIRTUAL,"Directiva N° 0010-2025-EF/54.01, “Directiva para la solicitud de creación de ítems en el Catálogo de Bienes, Servicios y Obras del SIGA MEF” ",2026-01-30,2026-01,Masculino,Entre 31 y 40 años,Local,Municipalidad Distrital de San Miguel,Puno,Gobiernos Locales,I Trimestre,0be93f0b6d24
TALLER,VIRTUAL,"Directiva N° 0010-2025-EF/54.01, “Directiva para la solicitud de creación de ítems en el Catálogo de Bienes, Servicios y Obras del SIGA MEF” ",2026-01-30,2026-01,Femenino,Entre 41 y 50 años,Regional,Red de Salud El Collao,Puno,Salud,I Trimestre,98c3eaa3cfbe
TALLER,VIRTUAL,"Directiva N° 0010-2025-EF/54.01, “Directiva para la solicitud de creación de ítems en el Catálogo de Bienes, Servicios y Obras del SIGA MEF” ",2026-01-30,2026-01,Femenino,Entre 31 y 40 años,Regional,Gobierno Regional de Moquegua,Moquegua,Gobiernos Locales,I Trimestre,8bb7f0c2a1c7
TALLER,VIRTUAL,"Directiva N° 0010-2025-EF/54.01, “Directiva para la solicitud de creación de ítems en el Catálogo de Bienes, Servicios y Obras del SIGA MEF” ",2026-01-30,2026-01,Femenino,Entre 51 y 60 años,Local,Municipalidad Provincial de Mariscal Nieto,Moquegua,Gobiernos Locales,I Trimestre,e91b601de431
TALLER,VIRTUAL,"Directiva N° 0010-2025-EF/54.01, “Directiva para la solicitud de creación de ítems en el Catálogo de Bienes, Servicios y Obras del SIGA MEF” ",2026-01-30,2026-01,Masculino,Entre 20 y 30 años,Local,Municipalidad Provincial de Lampa,Puno,Gobiernos Locales,I Trimestre,d4faf7a1b566
TALLER,VIRTUAL,"Directiva N° 0010-2025-EF/54.01, “Directiva para la solicitud de creación de ítems en el Catálogo de Bienes, Servicios y Obras del SIGA MEF” ",2026-01-30,2026-01,Masculino,Entre 20 y 30 años,Local,Municipalidad Provincial de San Antonio de Putina,Puno,Gobiernos Locales,I Trimestre,27495506da34
TALLER,VIRTUAL,"Directiva N° 0010-2025-EF/54.01, “Directiva para la solicitud de creación de ítems en el Catálogo de Bienes, Servicios y Obras del SIGA MEF” ",2026-01-30,2026-01,Femenino,Entre 31 y 40 años,Regional,Unidad de Gestión Educativa Local de Huancane,Puno,Educación,I Trimestre,39f154fac9d3
TALLER,VIRTUAL,"Directiva N° 0010-2025-EF/54.01, “Directiva para la solicitud de creación de ítems en el Catálogo de Bienes, Servicios y Obras del SIGA MEF” ",2026-01-30,2026-01,Masculino,Entre 51 y 60 años,Regional,Red de Salud Azángaro - Hospital Carlos Cornejo Rosello V,Puno,Salud,I Trimestre,d8339ba7b277
TALLER,VIRTUAL,"Directiva N° 0010-2025-EF/54.01, “Directiva para la solicitud de creación de ítems en el Catálogo de Bienes, Servicios y Obras del SIGA MEF” ",2026-01-30,2026-01,Masculino,Entre 31 y 40 años,Local,Municipalidad Provincial de Ilo,Moquegua,Gobiernos Locales,I Trimestre,77ca1d9b541d
TALLER,VIRTUAL,"Directiva N° 0010-2025-EF/54.01, “Directiva para la solicitud de creación de ítems en el Catálogo de Bienes, Servicios y Obras del SIGA MEF” ",2026-01-30,2026-01,Masculino,Entre 41 y 50 años,Local,Municipalidad Distrital de Antauta,Puno,Gobiernos Locales,I Trimestre,12fb3effc946
TALLER,VIRTUAL,"Directiva N° 0010-2025-EF/54.01, “Directiva para la solicitud de creación de ítems en el Catálogo de Bienes, Servicios y Obras del SIGA MEF” ",2026-01-30,2026-01,Masculino,Entre 31 y 40 años,Regional,Gerencia Regional de Educación de Moquegua,Moquegua,Educación,I Trimestre,183b4265f895
TALLER,VIRTUAL,"Directiva N° 0010-2025-EF/54.01, “Directiva para la solicitud de creación de ítems en el Catálogo de Bienes, Servicios y Obras del SIGA MEF” ",2026-01-30,2026-01,Femenino,Entre 20 y 30 años,Local,Municipalidad Provincial de San Antonio de Putina,Puno,Gobiernos Locales,I Trimestre,4bd893777ab0
TALLER,VIRTUAL,"Directiva N° 0010-2025-EF/54.01, “Directiva para la solicitud de creación de ítems en el Catálogo de Bienes, Servicios y Obras del SIGA MEF” ",2026-01-30,2026-01,Femenino,Entre 31 y 40 años,Regional,Unidad de Gestión Educativa Local de Huancane,Puno,Educación,I Trimestre,496c0b8b207f
TALLER,VIRTUAL,"Directiva N° 0010-2025-EF/54.01, “Directiva para la solicitud de creación de ítems en el Catálogo de Bienes, Servicios y Obras del SIGA MEF” ",2026-01-30,2026-01,Masculino,Entre 31 y 40 años,Local,Municipalidad Provincial de Mariscal Nieto,Moquegua,Gobiernos Locales,I Trimestre,eb2e3809b944
TALLER,VIRTUAL,"Directiva N° 0010-2025-EF/54.01, “Directiva para la solicitud de creación de ítems en el Catálogo de Bienes, Servicios y Obras del SIGA MEF” ",2026-01-30,2026-01,Masculino,Entre 31 y 40 años,Nacional,Frente Policial Puno,Puno,Otros,I Trimestre,f03cdf9780a3
TALLER,VIRTUAL,"Directiva N° 0010-2025-EF/54.01, “Directiva para la solicitud de creación de ítems en el Catálogo de Bienes, Servicios y Obras del SIGA MEF” ",2026-01-30,2026-01,Femenino,Entre 31 y 40 años,Local,Municipalidad Distrital de Samegua,Moquegua,Otros,I Trimestre,af81732de7fe
TALLER,VIRTUAL,"Directiva N° 0010-2025-EF/54.01, “Directiva para la solicitud de creación de ítems en el Catálogo de Bienes, Servicios y Obras del SIGA MEF” ",2026-01-30,2026-01,Femenino,Entre 20 y 30 años,Local,Municipalidad Distrital de Samegua,Moquegua,Otros,I Trimestre,c047c743fbcb
TALLER,VIRTUAL,"Directiva N° 0010-2025-EF/54.01, “Directiva para la solicitud de creación de ítems en el Catálogo de Bienes, Servicios y Obras del SIGA MEF” ",2026-01-30,2026-01,Femenino,Entre 41 y 50 años,Regional,Gobierno Regional de Moquegua,Moquegua,Gobiernos Regionales,I Trimestre,8d1189b7ac38
TALLER,VIRTUAL,"Directiva N° 0010-2025-EF/54.01, “Directiva para la solicitud de creación de ítems en el Catálogo de Bienes, Servicios y Obras del SIGA MEF” ",2026-01-30,2026-01,Masculino,Entre 31 y 40 años,Local,Municipalidad Provincial de El Collao,Puno,Gobiernos Locales,I Trimestre,41252cc40d88
TALLER,VIRTUAL,"Directiva N° 0010-2025-EF/54.01, “Directiva para la solicitud de creación de ítems en el Catálogo de Bienes, Servicios y Obras del SIGA MEF” ",2026-01-30,2026-01,Masculino,Mayor a 61 años,Local,MUNICIPALIDAD DISTRITAL DE SAN ANTONIO,Moquegua,Otros,I Trimestre,42a22ac48b5e
TALLER,VIRTUAL,"Directiva N° 0010-2025-EF/54.01, “Directiva para la solicitud de creación de ítems en el Catálogo de Bienes, Servicios y Obras del SIGA MEF” ",2026-01-30,2026-01,Femenino,Entre 31 y 40 años,Regional,Programa de Apoyo al Desarrollo Rural Andino,Puno,Gobiernos Regionales,I Trimestre,c0c684b347c7
TALLER,VIRTUAL,"Directiva N° 0010-2025-EF/54.01, “Directiva para la solicitud de creación de ítems en el Catálogo de Bienes, Servicios y Obras del SIGA MEF” ",2026-02-02,2026-02,Masculino,Entre 20 y 30 años,Local,MUNICIPALIDAD DISTRITAL DE MARANGANI,Cusco,Otros,I Trimestre,096c82bb2b7c
TALLER,VIRTUAL,"Directiva N° 0010-2025-EF/54.01, “Directiva para la solicitud de creación de ítems en el Catálogo de Bienes, Servicios y Obras del SIGA MEF” ",2026-02-02,2026-02,Femenino,Entre 20 y 30 años,Regional,Educación Madre de Dios,Madre De Dios,Educación,I Trimestre,ee36bf362f55
TALLER,VIRTUAL,"Directiva N° 0010-2025-EF/54.01, “Directiva para la solicitud de creación de ítems en el Catálogo de Bienes, Servicios y Obras del SIGA MEF” ",2026-02-02,2026-02,Masculino,Entre 31 y 40 años,Local,Municipalidad Provincial de Yungay,Ancash,Gobiernos Locales,I Trimestre,11115cba49e6
TALLER,VIRTUAL,"Directiva N° 0010-2025-EF/54.01, “Directiva para la solicitud de creación de ítems en el Catálogo de Bienes, Servicios y Obras del SIGA MEF” ",2026-02-02,2026-02,Femenino,Entre 31 y 40 años,Regional,Gobierno Regional de Madre de Dios,Madre De Dios,Gobiernos Regionales,I Trimestre,24402f83f7f1
TALLER,VIRTUAL,"Directiva N° 0010-2025-EF/54.01, “Directiva para la solicitud de creación de ítems en el Catálogo de Bienes, Servicios y Obras del SIGA MEF” ",2026-02-02,2026-02,Masculino,Entre 51 y 60 años,Regional,Proyecto Especial Chavimochic,La Libertad,Agricultura y Riego,I Trimestre,13d38c2b04eb
TALLER,VIRTUAL,"Directiva N° 0010-2025-EF/54.01, “Directiva para la solicitud de creación de ítems en el Catálogo de Bienes, Servicios y Obras del SIGA MEF” ",2026-02-02,2026-02,Femenino,Entre 31 y 40 años,Regional,Dirección Regional de Agricultura Madre de Dios,Madre De Dios,Agricultura y Riego,I Trimestre,654ebf52bd0f
TALLER,VIRTUAL,"Directiva N° 0010-2025-EF/54.01, “Directiva para la solicitud de creación de ítems en el Catálogo de Bienes, Servicios y Obras del SIGA MEF” ",2026-02-02,2026-02,Femenino,Entre 31 y 40 años,Nacional,Universidad Nacional de Trujillo (UNT),La Libertad,Educación,I Trimestre,56e6eddc2b35
TALLER,VIRTUAL,"Directiva N° 0010-2025-EF/54.01, “Directiva para la solicitud de creación de ítems en el Catálogo de Bienes, Servicios y Obras del SIGA MEF” ",2026-02-02,2026-02,Masculino,Entre 51 y 60 años,Nacional,Zona Registral Nro V - Sede Trujillo,La Libertad,Justicia y Derechos Humanos,I Trimestre,f0b249f1192f
TALLER,VIRTUAL,"Directiva N° 0010-2025-EF/54.01, “Directiva para la solicitud de creación de ítems en el Catálogo de Bienes, Servicios y Obras del SIGA MEF” ",2026-02-02,2026-02,Masculino,Entre 31 y 40 años,Regional,Gobierno Regional de Madre de Dios,Madre De Dios,Gobiernos Regionales,I Trimestre,1b3b2929d68b
TALLER,VIRTUAL,"Directiva N° 0010-2025-EF/54.01, “Directiva para la solicitud de creación de ítems en el Catálogo de Bienes, Servicios y Obras del SIGA MEF” ",2026-02-02,2026-02,Femenino,Entre 31 y 40 años,Nacional,Universidad Nacional de Trujillo (UNT),La Libertad,Educación,I Trimestre,41185b8e55a7
TALLER,VIRTUAL,"Directiva N° 0010-2025-EF/54.01, “Directiva para la solicitud de creación de ítems en el Catálogo de Bienes, Servicios y Obras del SIGA MEF” ",2026-02-02,2026-02,Masculino,Entre 51 y 60 años,Regional,Proyecto Especial Madre de Dios,Madre De Dios,Gobiernos Regionales,I Trimestre,d69213341fd5
TALLER,VIRTUAL,"Directiva N° 0010-2025-EF/54.01, “Directiva para la solicitud de creación de ítems en el Catálogo de Bienes, Servicios y Obras del SIGA MEF” ",2026-02-02,2026-02,Femenino,Entre 20 y 30 años,Regional,Unidad de Gestión Educativa Local Yarowilca,Huánuco,Educación,I Trimestre,40d8068050bd
TALLER,VIRTUAL,"Directiva N° 0010-2025-EF/54.01, “Directiva para la solicitud de creación de ítems en el Catálogo de Bienes, Servicios y Obras del SIGA MEF” ",2026-02-02,2026-02,Masculino,Entre 41 y 50 años,Regional,A.I.S. Hospital Apoyo Iquitos,Loreto,Salud,I Trimestre,1f3b248d5844
TALLER,VIRTUAL,"Directiva N° 0010-2025-EF/54.01, “Directiva para la solicitud de creación de ítems en el Catálogo de Bienes, Servicios y Obras del SIGA MEF” ",2026-02-02,2026-02,Masculino,Entre 20 y 30 años,Regional,Unidad de Gestión Educativa Local Lauricocha,Huánuco,Educación,I Trimestre,837f8534e9cc
TALLER,VIRTUAL,"Directiva N° 0010-2025-EF/54.01, “Directiva para la solicitud de creación de ítems en el Catálogo de Bienes, Servicios y Obras del SIGA MEF” ",2026-02-02,2026-02,Masculino,Entre 20 y 30 años,Local,Municipalidad Distrital de Monzón,Huánuco,Gobiernos Locales,I Trimestre,dda17358fce8
TALLER,VIRTUAL,"Directiva N° 0010-2025-EF/54.01, “Directiva para la solicitud de creación de ítems en el Catálogo de Bienes, Servicios y Obras del SIGA MEF” ",2026-02-02,2026-02,Masculino,Entre 31 y 40 años,Local,Municipalidad distrital de chavin de pariarca,Huánuco,Gobiernos Locales,I Trimestre,6ec2e690e80d
TALLER,VIRTUAL,"Directiva N° 0010-2025-EF/54.01, “Directiva para la solicitud de creación de ítems en el Catálogo de Bienes, Servicios y Obras del SIGA MEF” ",2026-02-02,2026-02,Masculino,Entre 41 y 50 años,Local,Municipalidad Distrital de Rosa Panduro,Loreto,Gobiernos Locales,I Trimestre,aecd974754d7
TALLER,VIRTUAL,"Directiva N° 0010-2025-EF/54.01, “Directiva para la solicitud de creación de ítems en el Catálogo de Bienes, Servicios y Obras del SIGA MEF” ",2026-02-02,2026-02,Masculino,Entre 31 y 40 años,Local,Municipalidad Distrital de San Juan Bautista,Loreto,Gobiernos Locales,I Trimestre,dac3390dd1e2
TALLER,VIRTUAL,"Directiva N° 0010-2025-EF/54.01, “Directiva para la solicitud de creación de ítems en el Catálogo de Bienes, Servicios y Obras del SIGA MEF” ",2026-02-02,2026-02,Masculino,Entre 20 y 30 años,Regional,Unidad de Gestión Educativa Local de Putumayo,Loreto,Educación,I Trimestre,2389e51c29fe
TALLER,VIRTUAL,"Directiva N° 0010-2025-EF/54.01, “Directiva para la solicitud de creación de ítems en el Catálogo de Bienes, Servicios y Obras del SIGA MEF” ",2026-02-02,2026-02,Masculino,Entre 31 y 40 años,Local,Municipalidad Distrital de Luyando,Huánuco,Gobiernos Locales,I Trimestre,ee40872d1b97
TALLER,VIRTUAL,"Directiva N° 0010-2025-EF/54.01, “Directiva para la solicitud de creación de ítems en el Catálogo de Bienes, Servicios y Obras del SIGA MEF” ",2026-02-02,2026-02,Femenino,Entre 31 y 40 años,Regional,Unidad de Gestión Educativa de Ucayali Contamana,Loreto,Educación,I Trimestre,4159362343ac
TALLER,VIRTUAL,"Directiva N° 0010-2025-EF/54.01, “Directiva para la solicitud de creación de ítems en el Catálogo de Bienes, Servicios y Obras del SIGA MEF” ",2026-02-02,2026-02,Femenino,Entre 20 y 30 años,Nacional,Universidad Nacional Autónoma de Alto Amazonas (UNAAA),Loreto,Educación,I Trimestre,04e64c2b4196
TALLER,VIRTUAL,"Directiva N° 0010-2025-EF/54.01, “Directiva para la solicitud de creación de ítems en el Catálogo de Bienes, Servicios y Obras del SIGA MEF” ",2026-02-02,2026-02,Masculino,Entre 41 y 50 años,Regional,Gerencia Sub Regional de Ucayali,Loreto,Gobiernos Regionales,I Trimestre,e4933374bd60
TALLER,VIRTUAL,"Directiva N° 0010-2025-EF/54.01, “Directiva para la solicitud de creación de ítems en el Catálogo de Bienes, Servicios y Obras del SIGA MEF” ",2026-02-02,2026-02,Femenino,Entre 31 y 40 años,Local,Municipalidad Dsitrital de las Amazonas,Loreto,Gobiernos Locales,I Trimestre,614db759b073
TALLER,VIRTUAL,"Directiva N° 0010-2025-EF/54.01, “Directiva para la solicitud de creación de ítems en el Catálogo de Bienes, Servicios y Obras del SIGA MEF” ",2026-02-02,2026-02,Masculino,Entre 31 y 40 años,Nacional,Universidad Nacional de la Amazonía Peruana,Loreto,Educación,I Trimestre,1cb36b8ffdfa
TALLER,VIRTUAL,"Directiva N° 0010-2025-EF/54.01, “Directiva para la solicitud de creación de ítems en el Catálogo de Bienes, Servicios y Obras del SIGA MEF” ",2026-02-02,2026-02,Masculino,Entre 51 y 60 años,Local,Municipalidad Provincial de Loreto Nauta,Loreto,Gobiernos Locales,I Trimestre,9ffc2382081d
TALLER,VIRTUAL,"Directiva N° 0010-2025-EF/54.01, “Directiva para la solicitud de creación de ítems en el Catálogo de Bienes, Servicios y Obras del SIGA MEF” ",2026-02-02,2026-02,Femenino,Entre 31 y 40 años,Local,Municipalidad Distrital de Jacas Grande,Huánuco,Gobiernos Locales,I Trimestre,34e722234ef2
TALLER,VIRTUAL,"Directiva N° 0010-2025-EF/54.01, “Directiva para la solicitud de creación de ítems en el Catálogo de Bienes, Servicios y Obras del SIGA MEF” ",2026-02-02,2026-02,Femenino,Entre 20 y 30 años,Local,Municipalidad Provincial de Requena,Loreto,Gobiernos Locales,I Trimestre,77d6adce6954
TALLER,VIRTUAL,"Directiva N° 0010-2025-EF/54.01, “Directiva para la solicitud de creación de ítems en el Catálogo de Bienes, Servicios y Obras del SIGA MEF” ",2026-02-02,2026-02,Femenino,Entre 31 y 40 años,Local,Municipalidad Distrital de Belén,Loreto,Gobiernos Locales,I Trimestre,8338bf5b0286
TALLER,VIRTUAL,"Directiva N° 0010-2025-EF/54.01, “Directiva para la solicitud de creación de ítems en el Catálogo de Bienes, Servicios y Obras del SIGA MEF” ",2026-02-02,2026-02,Masculino,Entre 31 y 40 años,Regional,Gobierno Regional de Loreto,Loreto,Gobiernos Regionales,I Trimestre,49180e2db19d
TALLER,VIRTUAL,"Directiva N° 0010-2025-EF/54.01, “Directiva para la solicitud de creación de ítems en el Catálogo de Bienes, Servicios y Obras del SIGA MEF” ",2026-02-02,2026-02,Femenino,Entre 31 y 40 años,Local,Municipalidad Distrital de Indiana,Loreto,Gobiernos Locales,I Trimestre,b9b296fda695
TALLER,VIRTUAL,"Directiva N° 0010-2025-EF/54.01, “Directiva para la solicitud de creación de ítems en el Catálogo de Bienes, Servicios y Obras del SIGA MEF” ",2026-02-02,2026-02,Masculino,Entre 41 y 50 años,Regional,Gerencia Regional de Salud de Loreto,Loreto,Salud,I Trimestre,057a58340246
TALLER,VIRTUAL,"Directiva N° 0010-2025-EF/54.01, “Directiva para la solicitud de creación de ítems en el Catálogo de Bienes, Servicios y Obras del SIGA MEF” ",2026-02-02,2026-02,Femenino,Entre 31 y 40 años,Regional,Unidad de Gestión Educativa Local Yarowilca,Huánuco,Educación,I Trimestre,e775cce74e30
TALLER,VIRTUAL,"Directiva N° 0010-2025-EF/54.01, “Directiva para la solicitud de creación de ítems en el Catálogo de Bienes, Servicios y Obras del SIGA MEF” ",2026-02-02,2026-02,Masculino,Entre 20 y 30 años,Local,Municipalidad Distrital de Pampa Hermosa,Loreto,Gobiernos Locales,I Trimestre,5ff60b03c430
TALLER,VIRTUAL,"Directiva N° 0010-2025-EF/54.01, “Directiva para la solicitud de creación de ítems en el Catálogo de Bienes, Servicios y Obras del SIGA MEF” ",2026-02-02,2026-02,Femenino,Entre 31 y 40 años,Nacional,Proyecto Especial Datem Del Marañón Alto Amazonas Loreto Condorcanqui Pedamaalc,Loreto,Agricultura y Riego,I Trimestre,6bbd3f58ba3e
TALLER,VIRTUAL,"Directiva N° 0010-2025-EF/54.01, “Directiva para la solicitud de creación de ítems en el Catálogo de Bienes, Servicios y Obras del SIGA MEF” ",2026-02-02,2026-02,Masculino,Entre 51 y 60 años,Nacional,Proyecto Especial Datem Del Marañón Alto Amazonas Loreto Condorcanqui Pedamaalc,Loreto,Agricultura y Riego,I Trimestre,31f0f9d748e9
TALLER,VIRTUAL,"Directiva N° 0010-2025-EF/54.01, “Directiva para la solicitud de creación de ítems en el Catálogo de Bienes, Servicios y Obras del SIGA MEF” ",2026-02-02,2026-02,Masculino,Entre 31 y 40 años,Local,Municipalidad Distrital de Indiana,Loreto,Gobiernos Locales,I Trimestre,697902411af7
TALLER,VIRTUAL,"Directiva N° 0010-2025-EF/54.01, “Directiva para la solicitud de creación de ítems en el Catálogo de Bienes, Servicios y Obras del SIGA MEF” ",2026-02-02,2026-02,Femenino,Entre 31 y 40 años,Local,Municipalidad Distrital de Singa,Huánuco,Gobiernos Locales,I Trimestre,6de90475bdb2
TALLER,VIRTUAL,"Directiva N° 0010-2025-EF/54.01, “Directiva para la solicitud de creación de ítems en el Catálogo de Bienes, Servicios y Obras del SIGA MEF” ",2026-02-03,2026-02,Masculino,Entre 20 y 30 años,Local,Municipalidad Distrital de Montevideo,Amazonas,Gobiernos Locales,I Trimestre,de0630ac7653
TALLER,VIRTUAL,"Directiva N° 0010-2025-EF/54.01, “Directiva para la solicitud de creación de ítems en el Catálogo de Bienes, Servicios y Obras del SIGA MEF” ",2026-02-03,2026-02,Masculino,Entre 20 y 30 años,Local,Municipalidad Provincial de Utcubamba,Amazonas,Gobiernos Locales,I Trimestre,9aa24c070f17
TALLER,VIRTUAL,"Directiva N° 0010-2025-EF/54.01, “Directiva para la solicitud de creación de ítems en el Catálogo de Bienes, Servicios y Obras del SIGA MEF” ",2026-02-03,2026-02,Femenino,Entre 20 y 30 años,Local,Municipalidad Distrital de San Cristóbal,Amazonas,Gobiernos Locales,I Trimestre,079be0259561
TALLER,VIRTUAL,"Directiva N° 0010-2025-EF/54.01, “Directiva para la solicitud de creación de ítems en el Catálogo de Bienes, Servicios y Obras del SIGA MEF” ",2026-02-03,2026-02,Femenino,Entre 41 y 50 años,Local,INSTITUTO VIAL PROVINCIAL MUNICIPAL JUNÍN,Junín,Gobiernos Locales,I Trimestre,f145d5d22318
TALLER,VIRTUAL,"Directiva N° 0010-2025-EF/54.01, “Directiva para la solicitud de creación de ítems en el Catálogo de Bienes, Servicios y Obras del SIGA MEF” ",2026-02-03,2026-02,Femenino,Entre 31 y 40 años,Nacional,Universidad Nacional Toribio Rodriguez de Mendoza de Amazonas,Amazonas,Educación,I Trimestre,3a464336ecdc
TALLER,VIRTUAL,"Directiva N° 0010-2025-EF/54.01, “Directiva para la solicitud de creación de ítems en el Catálogo de Bienes, Servicios y Obras del SIGA MEF” ",2026-02-03,2026-02,Masculino,Entre 31 y 40 años,Local,Municipalidad Distrital de Vista Alegre,Amazonas,Gobiernos Locales,I Trimestre,93a7dbfa08b7
TALLER,VIRTUAL,"Directiva N° 0010-2025-EF/54.01, “Directiva para la solicitud de creación de ítems en el Catálogo de Bienes, Servicios y Obras del SIGA MEF” ",2026-02-03,2026-02,Masculino,Entre 31 y 40 años,Regional,Unidad Ejecutora N° 404 - Salud Utcubamba,Amazonas,Salud,I Trimestre,1a563bda2f24
TALLER,VIRTUAL,"Directiva N° 0010-2025-EF/54.01, “Directiva para la solicitud de creación de ítems en el Catálogo de Bienes, Servicios y Obras del SIGA MEF” ",2026-02-03,2026-02,Femenino,Entre 31 y 40 años,Regional,Unidad Ejecutora - Proamazonas,Amazonas,Otros,I Trimestre,092c1fc16ca9
TALLER,VIRTUAL,"Directiva N° 0010-2025-EF/54.01, “Directiva para la solicitud de creación de ítems en el Catálogo de Bienes, Servicios y Obras del SIGA MEF” ",2026-02-03,2026-02,Masculino,Entre 31 y 40 años,Local,Municipalidad Distrital de Imaza,Amazonas,Gobiernos Locales,I Trimestre,4acc47440c1a
TALLER,VIRTUAL,"Directiva N° 0010-2025-EF/54.01, “Directiva para la solicitud de creación de ítems en el Catálogo de Bienes, Servicios y Obras del SIGA MEF” ",2026-02-03,2026-02,Masculino,Entre 41 y 50 años,Nacional,"SUPERINTENDENCIA DE BANCA, SEGUROS Y ADMINISTRADORAS PRIVADAS DE FONDOS DE PENSIONES",Lima,Economía y Finanzas,I Trimestre,d0435f73c726
TALLER,VIRTUAL,"Directiva N° 0010-2025-EF/54.01, “Directiva para la solicitud de creación de ítems en el Catálogo de Bienes, Servicios y Obras del SIGA MEF” ",2026-02-03,2026-02,Femenino,Entre 20 y 30 años,Regional,Dirección de Red de Salud Bagua,Amazonas,Salud,I Trimestre,4d4cf4847099
TALLER,VIRTUAL,"Directiva N° 0010-2025-EF/54.01, “Directiva para la solicitud de creación de ítems en el Catálogo de Bienes, Servicios y Obras del SIGA MEF” ",2026-02-03,2026-02,Femenino,Entre 31 y 40 años,Local,Municipalidad Distrital de Río Santiago,Amazonas,Gobiernos Locales,I Trimestre,94dca29efe3e
TALLER,VIRTUAL,"Directiva N° 0010-2025-EF/54.01, “Directiva para la solicitud de creación de ítems en el Catálogo de Bienes, Servicios y Obras del SIGA MEF” ",2026-02-03,2026-02,Masculino,Entre 51 y 60 años,Nacional,"SUPERINTENDENCIA DE BANCA, SEGUROS Y ADMINISTRADORAS PRIVADAS DE FONDOS DE PENSIONES",Lima,Economía y Finanzas,I Trimestre,661d616473de
TALLER,VIRTUAL,"Directiva N° 0010-2025-EF/54.01, “Directiva para la solicitud de creación de ítems en el Catálogo de Bienes, Servicios y Obras del SIGA MEF” ",2026-02-03,2026-02,Femenino,Entre 41 y 50 años,Nacional,"SUPERINTENDENCIA DE BANCA, SEGUROS Y ADMINISTRADORAS PRIVADAS DE FONDOS DE PENSIONES",Lima,Economía y Finanzas,I Trimestre,a01b14b7868f
TALLER,VIRTUAL,"Directiva N° 0010-2025-EF/54.01, “Directiva para la solicitud de creación de ítems en el Catálogo de Bienes, Servicios y Obras del SIGA MEF” ",2026-02-03,2026-02,Masculino,Entre 41 y 50 años,Local,Municipalidad Distrital de Maria,Amazonas,Gobiernos Locales,I Trimestre,de45394a8a17
TALLER,VIRTUAL,"Directiva N° 0010-2025-EF/54.01, “Directiva para la solicitud de creación de ítems en el Catálogo de Bienes, Servicios y Obras del SIGA MEF” ",2026-02-03,2026-02,Femenino,Entre 20 y 30 años,Regional,Gobierno Regional de Amazonas,Amazonas,Gobiernos Regionales,I Trimestre,e67d75adfccc
TALLER,VIRTUAL,"Directiva N° 0010-2025-EF/54.01, “Directiva para la solicitud de creación de ítems en el Catálogo de Bienes, Servicios y Obras del SIGA MEF” ",2026-02-03,2026-02,Masculino,Entre 31 y 40 años,Ete,E.P.S.AGUAS DEL ALTIPLANO S.R.LTDA,Puno,Otros,I Trimestre,42d29978769c
TALLER,VIRTUAL,"Directiva N° 0010-2025-EF/54.01, “Directiva para la solicitud de creación de ítems en el Catálogo de Bienes, Servicios y Obras del SIGA MEF” ",2026-02-03,2026-02,Femenino,Entre 31 y 40 años,Local,Municipalidad Distrital de Levanto,Amazonas,Gobiernos Locales,I Trimestre,c82e46edcb88
TALLER,VIRTUAL,"Directiva N° 0010-2025-EF/54.01, “Directiva para la solicitud de creación de ítems en el Catálogo de Bienes, Servicios y Obras del SIGA MEF” ",2026-02-03,2026-02,Masculino,Entre 20 y 30 años,Regional,Dirección Regional de Salud Amazonas,Amazonas,Gobiernos Regionales,I Trimestre,6a286dd22aa2
TALLER,VIRTUAL,"Directiva N° 0010-2025-EF/54.01, “Directiva para la solicitud de creación de ítems en el Catálogo de Bienes, Servicios y Obras del SIGA MEF” ",2026-02-03,2026-02,Masculino,Entre 20 y 30 años,Local,Municipalidad Distrital de Río Santiago,Amazonas,Economía y Finanzas,I Trimestre,867f98cd8151
TALLER,VIRTUAL,"Directiva N° 0010-2025-EF/54.01, “Directiva para la solicitud de creación de ítems en el Catálogo de Bienes, Servicios y Obras del SIGA MEF” ",2026-02-03,2026-02,Femenino,Entre 31 y 40 años,Nacional,Universidad Nacional Toribio Rodriguez de Mendoza de Amazonas,Amazonas,Educación,I Trimestre,58854e99ab1c
TALLER,VIRTUAL,"Directiva N° 0010-2025-EF/54.01, “Directiva para la solicitud de creación de ítems en el Catálogo de Bienes, Servicios y Obras del SIGA MEF” ",2026-02-03,2026-02,Masculino,Entre 51 y 60 años,Nacional,Universidad Nacional Toribio Rodriguez de Mendoza de Amazonas,Amazonas,Educación,I Trimestre,134bbf52d61b
TALLER,VIRTUAL,"Directiva N° 0010-2025-EF/54.01, “Directiva para la solicitud de creación de ítems en el Catálogo de Bienes, Servicios y Obras del SIGA MEF” ",2026-02-03,2026-02,Masculino,Entre 41 y 50 años,Local,Municipalidad Provincial de Utcubamba,Amazonas,Gobiernos Locales,I Trimestre,2743a3d57934
TALLER,VIRTUAL,"Directiva N° 0010-2025-EF/54.01, “Directiva para la solicitud de creación de ítems en el Catálogo de Bienes, Servicios y Obras del SIGA MEF” ",2026-02-03,2026-02,Femenino,Entre 41 y 50 años,Local,Municipalidad Distrital de Churuja,Amazonas,Gobiernos Locales,I Trimestre,b6e8819445c2
TALLER,VIRTUAL,"Directiva N° 0010-2025-EF/54.01, “Directiva para la solicitud de creación de ítems en el Catálogo de Bienes, Servicios y Obras del SIGA MEF” ",2026-02-03,2026-02,Masculino,Entre 31 y 40 años,Nacional,Universidad Nacional Toribio Rodriguez de Mendoza de Amazonas,Amazonas,Educación,I Trimestre,d3f3f7474773
TALLER,VIRTUAL,"Directiva N° 0010-2025-EF/54.01, “Directiva para la solicitud de creación de ítems en el Catálogo de Bienes, Servicios y Obras del SIGA MEF” ",2026-02-03,2026-02,Femenino,Entre 20 y 30 años,Nacional,Universidad Nacional Toribio Rodriguez de Mendoza de Amazonas,Amazonas,Educación,I Trimestre,ea11cbcd5927
TALLER,VIRTUAL,"Directiva N° 0010-2025-EF/54.01, “Directiva para la solicitud de creación de ítems en el Catálogo de Bienes, Servicios y Obras del SIGA MEF” ",2026-02-03,2026-02,Masculino,Entre 41 y 50 años,Nacional,Gerencia Administrativa de Amazonas del Ministerio Público,Amazonas,Ministerio Público,I Trimestre,ffba93c66464
TALLER,VIRTUAL,"Directiva N° 0010-2025-EF/54.01, “Directiva para la solicitud de creación de ítems en el Catálogo de Bienes, Servicios y Obras del SIGA MEF” ",2026-02-03,2026-02,Masculino,Entre 20 y 30 años,Local,Municipalidad Distrital de Aramango,Amazonas,Gobiernos Locales,I Trimestre,2c753810d15a
TALLER,VIRTUAL,"Directiva N° 0010-2025-EF/54.01, “Directiva para la solicitud de creación de ítems en el Catálogo de Bienes, Servicios y Obras del SIGA MEF” ",2026-02-03,2026-02,Masculino,Entre 41 y 50 años,Regional,Dirección de Red de Salud Bagua,Amazonas,Salud,I Trimestre,8b2afca5c2a1
TALLER,VIRTUAL,"Directiva N° 0010-2025-EF/54.01, “Directiva para la solicitud de creación de ítems en el Catálogo de Bienes, Servicios y Obras del SIGA MEF” ",2026-02-03,2026-02,Femenino,Entre 20 y 30 años,Local,Municipalidad Distrital de Cochamal,Amazonas,Gobiernos Locales,I Trimestre,52f6f9cdbd9c
TALLER,VIRTUAL,"Directiva N° 0010-2025-EF/54.01, “Directiva para la solicitud de creación de ítems en el Catálogo de Bienes, Servicios y Obras del SIGA MEF” ",2026-02-03,2026-02,Femenino,No deseo proporcionar mi rango de edad,Ete,EMSAPA Yauli La Oroya S.R.L.,Junín,Otros,I Trimestre,d5d1aba0594a
TALLER,VIRTUAL,"Directiva N° 0010-2025-EF/54.01, “Directiva para la solicitud de creación de ítems en el Catálogo de Bienes, Servicios y Obras del SIGA MEF” ",2026-02-03,2026-02,Femenino,Entre 51 y 60 años,Nacional,Universidad Nacional Toribio Rodriguez de Mendoza de Amazonas,Amazonas,Educación,I Trimestre,ffbb15dfc47f
TALLER,VIRTUAL,"Directiva N° 0010-2025-EF/54.01, “Directiva para la solicitud de creación de ítems en el Catálogo de Bienes, Servicios y Obras del SIGA MEF” ",2026-02-03,2026-02,Femenino,Entre 31 y 40 años,Regional,Unidad Ejecutora N° 404 - Salud Utcubamba,Amazonas,Salud,I Trimestre,42746e13f876
TALLER,VIRTUAL,"Directiva N° 0010-2025-EF/54.01, “Directiva para la solicitud de creación de ítems en el Catálogo de Bienes, Servicios y Obras del SIGA MEF” ",2026-02-03,2026-02,Femenino,Entre 20 y 30 años,Local,Municipalidad Distrital de Aramango,Amazonas,Gobiernos Locales,I Trimestre,e63c0669e624
TALLER,VIRTUAL,"Directiva N° 0010-2025-EF/54.01, “Directiva para la solicitud de creación de ítems en el Catálogo de Bienes, Servicios y Obras del SIGA MEF” ",2026-02-03,2026-02,Masculino,Entre 41 y 50 años,Regional,Gerencia Sub Regional de Utcubamba,Amazonas,Gobiernos Regionales,I Trimestre,0a53dec6b82b
TALLER,VIRTUAL,"Directiva N° 0010-2025-EF/54.01, “Directiva para la solicitud de creación de ítems en el Catálogo de Bienes, Servicios y Obras del SIGA MEF” ",2026-02-03,2026-02,Masculino,Entre 41 y 50 años,Regional,Dirección de Red de Salud Bagua,Amazonas,Salud,I Trimestre,edc18223d412
TALLER,VIRTUAL,"Directiva N° 0010-2025-EF/54.01, “Directiva para la solicitud de creación de ítems en el Catálogo de Bienes, Servicios y Obras del SIGA MEF” ",2026-02-03,2026-02,Femenino,Entre 20 y 30 años,Nacional,Universidad Nacional Toribio Rodriguez de Mendoza de Amazonas,Amazonas,Educación,I Trimestre,4a48e17450f3
TALLER,VIRTUAL,"Directiva N° 0010-2025-EF/54.01, “Directiva para la solicitud de creación de ítems en el Catálogo de Bienes, Servicios y Obras del SIGA MEF” ",2026-02-03,2026-02,Masculino,Entre 41 y 50 años,Regional,Unidad Ejecutora Red de Salud San Martin de Pangoa,Junín,Salud,I Trimestre,c7aaf219de3f
TALLER,VIRTUAL,"Directiva N° 0010-2025-EF/54.01, “Directiva para la solicitud de creación de ítems en el Catálogo de Bienes, Servicios y Obras del SIGA MEF” ",2026-02-03,2026-02,Femenino,Entre 20 y 30 años,Local,Municipalidad Distrital de Paca,Junín,Gobiernos Locales,I Trimestre,104c26c5a7bb
TALLER,VIRTUAL,"Directiva N° 0010-2025-EF/54.01, “Directiva para la solicitud de creación de ítems en el Catálogo de Bienes, Servicios y Obras del SIGA MEF” ",2026-02-03,2026-02,Masculino,Entre 20 y 30 años,Regional,Unidad de Gestión Educativa de Satipo Chanchamayo,Junín,Educación,I Trimestre,2b243abdaa99
TALLER,VIRTUAL,"Directiva N° 0010-2025-EF/54.01, “Directiva para la solicitud de creación de ítems en el Catálogo de Bienes, Servicios y Obras del SIGA MEF” ",2026-02-03,2026-02,Femenino,Entre 41 y 50 años,Local,Municipalidad Distrital de Pilcomayo,Junín,Gobiernos Locales,I Trimestre,efa226d06815
TALLER,VIRTUAL,"Directiva N° 0010-2025-EF/54.01, “Directiva para la solicitud de creación de ítems en el Catálogo de Bienes, Servicios y Obras del SIGA MEF” ",2026-02-03,2026-02,Masculino,Entre 31 y 40 años,Regional,Red de Salud Valle del Mantaro,Junín,Salud,I Trimestre,3c49ff9800bc
TALLER,VIRTUAL,"Directiva N° 0010-2025-EF/54.01, “Directiva para la solicitud de creación de ítems en el Catálogo de Bienes, Servicios y Obras del SIGA MEF” ",2026-02-03,2026-02,Masculino,Entre 31 y 40 años,Local,Municipalidad Distrital de Muqui,Junín,Gobiernos Locales,I Trimestre,9bc0e8e43669
TALLER,VIRTUAL,"Directiva N° 0010-2025-EF/54.01, “Directiva para la solicitud de creación de ítems en el Catálogo de Bienes, Servicios y Obras del SIGA MEF” ",2026-02-03,2026-02,Masculino,Entre 31 y 40 años,Local,Municipalidad Distrital de Carhuacallanga,Junín,Gobiernos Locales,I Trimestre,d42159442888
TALLER,VIRTUAL,"Directiva N° 0010-2025-EF/54.01, “Directiva para la solicitud de creación de ítems en el Catálogo de Bienes, Servicios y Obras del SIGA MEF” ",2026-02-03,2026-02,Masculino,Entre 20 y 30 años,Nacional,Autoridad Portuaria Nacional,Callao,Transportes y Comunicaciones,I Trimestre,2d136ce3b095
TALLER,VIRTUAL,"Directiva N° 0010-2025-EF/54.01, “Directiva para la solicitud de creación de ítems en el Catálogo de Bienes, Servicios y Obras del SIGA MEF” ",2026-02-03,2026-02,Femenino,Entre 31 y 40 años,Local,MUNICIPALIDAD DISTRITAL DE ÑAHUIMPUQUIO,Huancavelica,Gobiernos Locales,I Trimestre,5bc7801f8020
TALLER,VIRTUAL,"Directiva N° 0010-2025-EF/54.01, “Directiva para la solicitud de creación de ítems en el Catálogo de Bienes, Servicios y Obras del SIGA MEF” ",2026-02-03,2026-02,Femenino,Entre 41 y 50 años,Regional,Unidad de Gestión Educativa de Satipo Chanchamayo,Junín,Educación,I Trimestre,84421eb72bb5
TALLER,VIRTUAL,"Directiva N° 0010-2025-EF/54.01, “Directiva para la solicitud de creación de ítems en el Catálogo de Bienes, Servicios y Obras del SIGA MEF” ",2026-02-03,2026-02,Femenino,Entre 31 y 40 años,Local,Municipalidad Distrital de Río Tambo,Junín,Gobiernos Locales,I Trimestre,1a9e652c854c
TALLER,VIRTUAL,"Directiva N° 0010-2025-EF/54.01, “Directiva para la solicitud de creación de ítems en el Catálogo de Bienes, Servicios y Obras del SIGA MEF” ",2026-02-03,2026-02,Femenino,Entre 31 y 40 años,Local,INSTITUTO VIAL PROVINCIAL MUNICIPAL DE TARMA,Junín,Transportes y Comunicaciones,I Trimestre,b0419f306e58
TALLER,VIRTUAL,"Directiva N° 0010-2025-EF/54.01, “Directiva para la solicitud de creación de ítems en el Catálogo de Bienes, Servicios y Obras del SIGA MEF” ",2026-02-03,2026-02,Femenino,Entre 20 y 30 años,Local,Municipalidad Distrital de Marcapomacocha,Junín,Gobiernos Locales,I Trimestre,c814f279ce3c
TALLER,VIRTUAL,"Directiva N° 0010-2025-EF/54.01, “Directiva para la solicitud de creación de ítems en el Catálogo de Bienes, Servicios y Obras del SIGA MEF” ",2026-02-03,2026-02,Masculino,Entre 20 y 30 años,Regional,Unidad de Gestión Educativa Local de Chanchamayo,Junín,Educación,I Trimestre,582f53375a59
TALLER,VIRTUAL,"Directiva N° 0010-2025-EF/54.01, “Directiva para la solicitud de creación de ítems en el Catálogo de Bienes, Servicios y Obras del SIGA MEF” ",2026-02-03,2026-02,Masculino,Entre 20 y 30 años,Local,Municipalidad Distrital de Mito,Junín,Gobiernos Locales,I Trimestre,3f98d7c51b25
TALLER,VIRTUAL,"Directiva N° 0010-2025-EF/54.01, “Directiva para la solicitud de creación de ítems en el Catálogo de Bienes, Servicios y Obras del SIGA MEF” ",2026-02-03,2026-02,Femenino,Entre 20 y 30 años,Regional,Unidad de Gestión Educativa Local de Chanchamayo,Junín,Educación,I Trimestre,62ee62399980
TALLER,VIRTUAL,"Directiva N° 0010-2025-EF/54.01, “Directiva para la solicitud de creación de ítems en el Catálogo de Bienes, Servicios y Obras del SIGA MEF” ",2026-02-03,2026-02,Femenino,Entre 31 y 40 años,Local,Municipalidad Distrital de Chupuro,Junín,Gobiernos Locales,I Trimestre,4be7d6275a36
TALLER,VIRTUAL,"Directiva N° 0010-2025-EF/54.01, “Directiva para la solicitud de creación de ítems en el Catálogo de Bienes, Servicios y Obras del SIGA MEF” ",2026-02-03,2026-02,Femenino,Entre 31 y 40 años,Regional,Dirección Regional de Producción de Junín,Junín,Producción,I Trimestre,d6b40770ef1a
TALLER,VIRTUAL,"Directiva N° 0010-2025-EF/54.01, “Directiva para la solicitud de creación de ítems en el Catálogo de Bienes, Servicios y Obras del SIGA MEF” ",2026-02-03,2026-02,Femenino,Entre 20 y 30 años,Regional,Unidad de Gestión Educativa de Satipo Chanchamayo,Junín,Educación,I Trimestre,0dd83e29086c
TALLER,PRESENCIAL,"Directiva Nº 009-2025-EF/54.01, Directiva que regula los actos de adquisición de predios y bienes inmuebles de propiedad privada y disposición final de bienes inmuebles",2026-04-23,2026-04,Femenino,Entre 31 y 40 años,Nacional,MINISTERIO PUBLICO - FISCALIA DE LA NACIÓN,Lima,Ministerio Público,II Trimestre,20dbbbc525ed
TALLER,PRESENCIAL,"Directiva Nº 009-2025-EF/54.01, Directiva que regula los actos de adquisición de predios y bienes inmuebles de propiedad privada y disposición final de bienes inmuebles",2026-04-23,2026-04,Femenino,Entre 41 y 50 años,Nacional,SUPERINTENDENCIA NACIONAL DE ADUANAS Y ADMINISTRACIÓN TRIBUTARIA - SUNAT,Lima,Economía y Finanzas,II Trimestre,162dd5ed6f57
TALLER,PRESENCIAL,"Directiva Nº 009-2025-EF/54.01, Directiva que regula los actos de adquisición de predios y bienes inmuebles de propiedad privada y disposición final de bienes inmuebles",2026-04-23,2026-04,Masculino,Mayor a 61 años,Nacional,MINISTERIO DE CULTURA - MINCUL,Lima,Cultura,II Trimestre,f1716373e05e
TALLER,PRESENCIAL,"Directiva Nº 009-2025-EF/54.01, Directiva que regula los actos de adquisición de predios y bienes inmuebles de propiedad privada y disposición final de bienes inmuebles",2026-04-23,2026-04,Femenino,Entre 41 y 50 años,Nacional,MINISTERIO PUBLICO - FISCALIA DE LA NACIÓN,Lima,Ministerio Público,II Trimestre,a4e5ce15797e
TALLER,PRESENCIAL,"Directiva Nº 009-2025-EF/54.01, Directiva que regula los actos de adquisición de predios y bienes inmuebles de propiedad privada y disposición final de bienes inmuebles",2026-04-23,2026-04,Femenino,Entre 20 y 30 años,Nacional,INTENDENCIA NACIONAL DE BOMBEROS DEL PERÚ - INBP,Lima,Interior,II Trimestre,a1a9074bf93c
TALLER,PRESENCIAL,"Directiva Nº 009-2025-EF/54.01, Directiva que regula los actos de adquisición de predios y bienes inmuebles de propiedad privada y disposición final de bienes inmuebles",2026-04-23,2026-04,Masculino,Entre 41 y 50 años,Nacional,MINISTERIO PUBLICO - FISCALIA DE LA NACIÓN,Lima,Ministerio Público,II Trimestre,98fdc30cb540
TALLER,PRESENCIAL,"Directiva Nº 009-2025-EF/54.01, Directiva que regula los actos de adquisición de predios y bienes inmuebles de propiedad privada y disposición final de bienes inmuebles",2026-04-23,2026-04,Femenino,Entre 51 y 60 años,Nacional,MINISTERIO PUBLICO - FISCALIA DE LA NACIÓN,Lima,Ministerio Público,II Trimestre,cdcb704cc05b
TALLER,PRESENCIAL,"Directiva Nº 009-2025-EF/54.01, Directiva que regula los actos de adquisición de predios y bienes inmuebles de propiedad privada y disposición final de bienes inmuebles",2026-04-23,2026-04,Masculino,Entre 31 y 40 años,Nacional,PROGRAMA NACIONAL CUNA MÁS,Lima,Desarrollo e Inclusión Social,II Trimestre,db61a3614d2e
TALLER,PRESENCIAL,"Directiva Nº 009-2025-EF/54.01, Directiva que regula los actos de adquisición de predios y bienes inmuebles de propiedad privada y disposición final de bienes inmuebles",2026-04-23,2026-04,Femenino,Entre 51 y 60 años,Nacional,SUPERINTENDENCIA NACIONAL DE ADUANAS Y ADMINISTRACIÓN TRIBUTARIA - SUNAT,Lima,Economía y Finanzas,II Trimestre,d20f5c4fe844
TALLER,PRESENCIAL,"Directiva Nº 009-2025-EF/54.01, Directiva que regula los actos de adquisición de predios y bienes inmuebles de propiedad privada y disposición final de bienes inmuebles",2026-04-23,2026-04,Femenino,Entre 51 y 60 años,Nacional,MINISTERIO PUBLICO - FISCALIA DE LA NACIÓN,Lima,Ministerio Público,II Trimestre,40cdca78cf7b
TALLER,PRESENCIAL,"Directiva Nº 009-2025-EF/54.01, Directiva que regula los actos de adquisición de predios y bienes inmuebles de propiedad privada y disposición final de bienes inmuebles",2026-04-23,2026-04,Femenino,Entre 31 y 40 años,Nacional,PROGRAMA NACIONAL CUNA MÁS,Lima,Desarrollo e Inclusión Social,II Trimestre,576ffea556d5
TALLER,PRESENCIAL,"Directiva Nº 009-2025-EF/54.01, Directiva que regula los actos de adquisición de predios y bienes inmuebles de propiedad privada y disposición final de bienes inmuebles",2026-04-23,2026-04,Femenino,Entre 41 y 50 años,Nacional,PROGRAMA NACIONAL CUNA MÁS,Lima,Desarrollo e Inclusión Social,II Trimestre,33ec5114f3e8
TALLER,PRESENCIAL,"Directiva Nº 009-2025-EF/54.01, Directiva que regula los actos de adquisición de predios y bienes inmuebles de propiedad privada y disposición final de bienes inmuebles",2026-04-23,2026-04,Femenino,Mayor a 61 años,Nacional,MINISTERIO PUBLICO - FISCALIA DE LA NACIÓN,Lima,Ministerio Público,II Trimestre,7d90ddd99a71
TALLER,PRESENCIAL,"Directiva Nº 009-2025-EF/54.01, Directiva que regula los actos de adquisición de predios y bienes inmuebles de propiedad privada y disposición final de bienes inmuebles",2026-04-23,2026-04,Masculino,Entre 31 y 40 años,Nacional,MINISTERIO DE COMERCIO EXTERIOR Y TURISMO - MINCETUR,Lima,Comercio Exterior y Turismo,II Trimestre,50f8c6df5856
TALLER,PRESENCIAL,"Directiva Nº 009-2025-EF/54.01, Directiva que regula los actos de adquisición de predios y bienes inmuebles de propiedad privada y disposición final de bienes inmuebles",2026-04-23,2026-04,Masculino,Entre 41 y 50 años,Nacional,PROGRAMA NACIONAL CUNA MÁS,Lima,Desarrollo e Inclusión Social,II Trimestre,e5f54849d1db
TALLER,PRESENCIAL,"Directiva Nº 009-2025-EF/54.01, Directiva que regula los actos de adquisición de predios y bienes inmuebles de propiedad privada y disposición final de bienes inmuebles",2026-04-23,2026-04,Femenino,Entre 51 y 60 años,Nacional,MINISTERIO DE CULTURA - MINCUL,Lima,Cultura,II Trimestre,27e5c37c2e3d
TALLER,PRESENCIAL,"Directiva Nº 009-2025-EF/54.01, Directiva que regula los actos de adquisición de predios y bienes inmuebles de propiedad privada y disposición final de bienes inmuebles",2026-04-23,2026-04,Femenino,Entre 41 y 50 años,Nacional,INSTITUTO NACIONAL DE ESTADÍSTICA E INFORMÁTICA - INEI,Lima,Presidencia del Consejo de Ministros,II Trimestre,2cca2da77d4e
TALLER,PRESENCIAL,"Directiva Nº 009-2025-EF/54.01, Directiva que regula los actos de adquisición de predios y bienes inmuebles de propiedad privada y disposición final de bienes inmuebles",2026-04-23,2026-04,Masculino,Entre 41 y 50 años,Nacional,SUPERINTENDENCIA NACIONAL DE ADUANAS Y ADMINISTRACIÓN TRIBUTARIA - SUNAT,Lima,Economía y Finanzas,II Trimestre,7c20d6e23753
TALLER,VIRTUAL,"Articulación entre el Sistema Nacional de 
Planeamiento Estratégico con el Sistema Nacional de 
Abastecimiento",2026-04-27,2026-04,No especificado,No especificado,Nacional,UNIVERSIDAD NACIONAL DE MOQUEGUA,Moquegua,Educación,II Trimestre,f8af7373b965
TALLER,VIRTUAL,"Articulación entre el Sistema Nacional de 
Planeamiento Estratégico con el Sistema Nacional de 
Abastecimiento",2026-04-27,2026-04,No especificado,No especificado,Regional,DIREC.REGIONAL DE EDUCAC. AMAZONAS-CHACH,Amazonas,Educación,II Trimestre,5bb953db5ae4
TALLER,VIRTUAL,"Articulación entre el Sistema Nacional de 
Planeamiento Estratégico con el Sistema Nacional de 
Abastecimiento",2026-04-27,2026-04,No especificado,No especificado,Regional,DIRECCION REGIONAL DE SALUD AMAZONAS,Amazonas,Salud,II Trimestre,0427e499fc70
TALLER,VIRTUAL,"Articulación entre el Sistema Nacional de 
Planeamiento Estratégico con el Sistema Nacional de 
Abastecimiento",2026-04-27,2026-04,No especificado,No especificado,Regional,DIRECCION DE RED DE SALUD BAGUA,Amazonas,Salud,II Trimestre,2127e9d25012
TALLER,VIRTUAL,"Articulación entre el Sistema Nacional de 
Planeamiento Estratégico con el Sistema Nacional de 
Abastecimiento",2026-04-27,2026-04,No especificado,No especificado,Nacional,PROYECTO ESPECIAL DATEM DEL MARAÑON - ALTO AMAZONAS - LORETO - CONDORCANQUI - PEDAMAALC,Loreto,Agricultura y Riego,II Trimestre,4f3f9a2b446f
TALLER,VIRTUAL,"Articulación entre el Sistema Nacional de 
Planeamiento Estratégico con el Sistema Nacional de 
Abastecimiento",2026-04-27,2026-04,No especificado,No especificado,Regional,DIRECCION REGIONAL DE AGRICULTURA MOQUEGUA,Moquegua,Agricultura y Riego,II Trimestre,a93b9855c09e
TALLER,VIRTUAL,"Articulación entre el Sistema Nacional de 
Planeamiento Estratégico con el Sistema Nacional de 
Abastecimiento",2026-04-27,2026-04,No especificado,No especificado,Regional,DIRECCION DE RED DE SALUD CONDORCANQUI,Amazonas,Salud,II Trimestre,cb0288aa67dc
TALLER,VIRTUAL,"Articulación entre el Sistema Nacional de 
Planeamiento Estratégico con el Sistema Nacional de 
Abastecimiento",2026-04-27,2026-04,No especificado,No especificado,Regional,PROYECTO ESPECIAL MADRE DE DIOS,Madre De Dios,Gobiernos Regionales,II Trimestre,7bb4e60b1951
TALLER,VIRTUAL,"Articulación entre el Sistema Nacional de 
Planeamiento Estratégico con el Sistema Nacional de 
Abastecimiento",2026-04-27,2026-04,No especificado,No especificado,Local,MUNICIPALIDAD DISTRITAL DE BELEN,Loreto,Gobiernos Locales,II Trimestre,e95504f1ae4d
TALLER,VIRTUAL,"Articulación entre el Sistema Nacional de 
Planeamiento Estratégico con el Sistema Nacional de 
Abastecimiento",2026-04-27,2026-04,No especificado,No especificado,Local,MUNICIPALIDAD PROVINCIAL DE COTABAMBAS - TAMBOBAMBA,Apurimac,Gobiernos Locales,II Trimestre,76dcbe40da1d
TALLER,VIRTUAL,"Articulación entre el Sistema Nacional de 
Planeamiento Estratégico con el Sistema Nacional de 
Abastecimiento",2026-04-27,2026-04,No especificado,No especificado,Regional,PROYECTO ESPECIAL MADRE DE DIOS,Madre De Dios,Gobiernos Regionales,II Trimestre,bf27b506b38d
TALLER,VIRTUAL,"Articulación entre el Sistema Nacional de 
Planeamiento Estratégico con el Sistema Nacional de 
Abastecimiento",2026-04-27,2026-04,No especificado,No especificado,Nacional,ZONA REGISTRAL N° IV,Loreto,Justicia y Derechos Humanos,II Trimestre,b382be4a7e7a
TALLER,VIRTUAL,"Articulación entre el Sistema Nacional de 
Planeamiento Estratégico con el Sistema Nacional de 
Abastecimiento",2026-04-27,2026-04,No especificado,No especificado,Local,MUNICIPALIDAD PROVINCIAL DE CUTERVO,Cajamarca,Gobiernos Locales,II Trimestre,b7335df690a2
TALLER,VIRTUAL,"Articulación entre el Sistema Nacional de 
Planeamiento Estratégico con el Sistema Nacional de 
Abastecimiento",2026-04-27,2026-04,No especificado,No especificado,Regional,UNIDAD EJECUTORA 004 GERENCIA SUB REGIONAL UTCUBAMBA,Amazonas,Gobiernos Regionales,II Trimestre,0a53dec6b82b
TALLER,VIRTUAL,"Articulación entre el Sistema Nacional de 
Planeamiento Estratégico con el Sistema Nacional de 
Abastecimiento",2026-04-27,2026-04,No especificado,No especificado,Local,MUNICIPALIDAD PROVINCIAL DE LUYA - LAMUD,Amazonas,Otros,II Trimestre,f5660975b50a
TALLER,VIRTUAL,"Articulación entre el Sistema Nacional de 
Planeamiento Estratégico con el Sistema Nacional de 
Abastecimiento",2026-04-27,2026-04,No especificado,No especificado,Local,MUNICIPALIDAD PROVINCIAL DE GRAU,Apurimac,Gobiernos Locales,II Trimestre,5e86b41e440c
TALLER,VIRTUAL,"Articulación entre el Sistema Nacional de 
Planeamiento Estratégico con el Sistema Nacional de 
Abastecimiento",2026-04-27,2026-04,No especificado,No especificado,Local,MUNICIPALIDAD DISTRITAL DE CORONEL GREGORIO ALBARRACIN LANCHIPA,Tacna,Gobiernos Locales,II Trimestre,2884219df7a8
TALLER,VIRTUAL,"Articulación entre el Sistema Nacional de 
Planeamiento Estratégico con el Sistema Nacional de 
Abastecimiento",2026-04-27,2026-04,No especificado,No especificado,Local,MUNICIPALIDAD DISTRITAL DE PALCA,Tacna,Gobiernos Locales,II Trimestre,bed5ca58778c
TALLER,VIRTUAL,"Articulación entre el Sistema Nacional de 
Planeamiento Estratégico con el Sistema Nacional de 
Abastecimiento",2026-04-27,2026-04,No especificado,No especificado,Nacional,INSTITUTO DE INVESTIGACIONES DE LA AMAZONIA PERUANA,Loreto,Ambiente,II Trimestre,c54f285f8783
TALLER,VIRTUAL,"Articulación entre el Sistema Nacional de 
Planeamiento Estratégico con el Sistema Nacional de 
Abastecimiento",2026-04-27,2026-04,No especificado,No especificado,Local,MUNICIPALIDAD PROVINCIAL DE LUYA - LAMUD,Amazonas,Gobiernos Locales,II Trimestre,5581882a633f
TALLER,VIRTUAL,"Articulación entre el Sistema Nacional de 
Planeamiento Estratégico con el Sistema Nacional de 
Abastecimiento",2026-04-27,2026-04,No especificado,No especificado,Local,MUNICIPALIDAD DISTRITAL DE EL ALGARROBAL,Moquegua,Gobiernos Locales,II Trimestre,8dfe5fd28f1b
TALLER,VIRTUAL,"Articulación entre el Sistema Nacional de 
Planeamiento Estratégico con el Sistema Nacional de 
Abastecimiento",2026-04-27,2026-04,No especificado,No especificado,Local,MUNICIPALIDAD DISTRITAL DE MANUEL ANTONIO MESONES MURO,Lambayeque,Gobiernos Locales,II Trimestre,f3f4024a21de
TALLER,VIRTUAL,"Articulación entre el Sistema Nacional de 
Planeamiento Estratégico con el Sistema Nacional de 
Abastecimiento",2026-04-27,2026-04,No especificado,No especificado,Local,MUNICIPALIDAD PROVINCIAL DE ROD DE MENDO,Amazonas,Gobiernos Locales,II Trimestre,d03e34cbd269
TALLER,VIRTUAL,"Articulación entre el Sistema Nacional de 
Planeamiento Estratégico con el Sistema Nacional de 
Abastecimiento",2026-04-27,2026-04,No especificado,No especificado,Regional,GOB.REG. LAMB - HOSPITAL BELEN LAMB.,Lambayeque,Salud,II Trimestre,bf36d3f94fae
TALLER,VIRTUAL,"Articulación entre el Sistema Nacional de 
Planeamiento Estratégico con el Sistema Nacional de 
Abastecimiento",2026-04-27,2026-04,No especificado,No especificado,Regional,DIRECCION REGIONAL DE AGRICULTURA TACNA,Tacna,Agricultura y Riego,II Trimestre,a16f1e46bd8d
TALLER,VIRTUAL,"Articulación entre el Sistema Nacional de 
Planeamiento Estratégico con el Sistema Nacional de 
Abastecimiento",2026-04-27,2026-04,No especificado,No especificado,Local,MUNICIPALIDAD DISTRITAL DE CAIRANI,Tacna,Gobiernos Locales,II Trimestre,e3285a1680cf
TALLER,VIRTUAL,"Articulación entre el Sistema Nacional de 
Planeamiento Estratégico con el Sistema Nacional de 
Abastecimiento",2026-04-27,2026-04,No especificado,No especificado,Local,MUNICIPALIDAD DISTRITAL DE CORONEL GREGORIO ALBARRACIN LANCHIPA,Tacna,Otros,II Trimestre,a914dba47724
TALLER,VIRTUAL,"Articulación entre el Sistema Nacional de 
Planeamiento Estratégico con el Sistema Nacional de 
Abastecimiento",2026-04-27,2026-04,No especificado,No especificado,Local,MUNICIPALIDAD DISTRITAL CONILA COHECHAN,Amazonas,Gobiernos Locales,II Trimestre,823a9aba8687
TALLER,VIRTUAL,"Articulación entre el Sistema Nacional de 
Planeamiento Estratégico con el Sistema Nacional de 
Abastecimiento",2026-04-27,2026-04,No especificado,No especificado,Regional,GERENCIA SUBREGIONAL BAGUA,Amazonas,Gobiernos Regionales,II Trimestre,8b523063bebb
TALLER,VIRTUAL,"Articulación entre el Sistema Nacional de 
Planeamiento Estratégico con el Sistema Nacional de 
Abastecimiento",2026-04-27,2026-04,No especificado,No especificado,Nacional,SUNARP-ZONA REGISTRAL N° XII,Arequipa,Justicia y Derechos Humanos,II Trimestre,1f1e5b64a7cb
TALLER,VIRTUAL,"Articulación entre el Sistema Nacional de 
Planeamiento Estratégico con el Sistema Nacional de 
Abastecimiento",2026-04-27,2026-04,No especificado,No especificado,Regional,DIRECCION REGIONAL DE SALUD TACNA,Tacna,Salud,II Trimestre,f324fd10e9c9
TALLER,VIRTUAL,"Articulación entre el Sistema Nacional de 
Planeamiento Estratégico con el Sistema Nacional de 
Abastecimiento",2026-04-27,2026-04,No especificado,No especificado,Nacional,HOSPITAL REGIONAL VIRGEN DE FATIMA CHACHAPOYAS,Amazonas,Salud,II Trimestre,fbc716a5321f
TALLER,VIRTUAL,"Articulación entre el Sistema Nacional de 
Planeamiento Estratégico con el Sistema Nacional de 
Abastecimiento",2026-04-27,2026-04,No especificado,No especificado,Nacional,INSTITUTO DE INVESTIGACIONES DE LA AMAZONIA PERUANA,Loreto,Ambiente,II Trimestre,f5899360b909
TALLER,VIRTUAL,"Articulación entre el Sistema Nacional de 
Planeamiento Estratégico con el Sistema Nacional de 
Abastecimiento",2026-04-27,2026-04,No especificado,No especificado,Local,MUNICIPALIDAD DISTRITAL DE MOTUPE,Lambayeque,Gobiernos Locales,II Trimestre,ecf0e4397edf
TALLER,VIRTUAL,"Articulación entre el Sistema Nacional de 
Planeamiento Estratégico con el Sistema Nacional de 
Abastecimiento",2026-04-27,2026-04,No especificado,No especificado,Regional,PROYECTO ESPECIAL OLMOS TINAJONES,Lambayeque,Gobiernos Regionales,II Trimestre,5846505c0d31
TALLER,VIRTUAL,"Articulación entre el Sistema Nacional de 
Planeamiento Estratégico con el Sistema Nacional de 
Abastecimiento",2026-04-27,2026-04,No especificado,No especificado,Regional,DIRECCION REGIONAL DE SALUD AMAZONAS,Amazonas,Gobiernos Regionales,II Trimestre,8c3d0f6ad7b8
TALLER,VIRTUAL,"Articulación entre el Sistema Nacional de 
Planeamiento Estratégico con el Sistema Nacional de 
Abastecimiento",2026-04-27,2026-04,No especificado,No especificado,Regional,AUTORIDAD PORTUARIA REGIONAL LAMBAYEQUE,Lambayeque,Transportes y Comunicaciones,II Trimestre,fce088f5f8e7
TALLER,VIRTUAL,"Articulación entre el Sistema Nacional de 
Planeamiento Estratégico con el Sistema Nacional de 
Abastecimiento",2026-04-27,2026-04,No especificado,No especificado,Regional,DIRECCION DE RED DE SALUD CONDORCANQUI,Amazonas,Salud,II Trimestre,1c51c7833cb0
TALLER,VIRTUAL,"Articulación entre el Sistema Nacional de 
Planeamiento Estratégico con el Sistema Nacional de 
Abastecimiento",2026-04-27,2026-04,No especificado,No especificado,Local,MUNICIPALIDAD DISTRITAL DE MOTUPE,Lambayeque,Gobiernos Locales,II Trimestre,a5d00013c46f
TALLER,VIRTUAL,"Articulación entre el Sistema Nacional de 
Planeamiento Estratégico con el Sistema Nacional de 
Abastecimiento",2026-04-27,2026-04,No especificado,No especificado,Local,MUNICIPALIDAD DISTRITAL DE VARGAS GUERRA,Loreto,Otros,II Trimestre,1db92de61e2b
TALLER,VIRTUAL,"Articulación entre el Sistema Nacional de 
Planeamiento Estratégico con el Sistema Nacional de 
Abastecimiento",2026-04-27,2026-04,No especificado,No especificado,Local,MUNICIPALIDAD DISTRITAL DE SAMEGUA,Moquegua,Gobiernos Locales,II Trimestre,7145a1577da4
TALLER,VIRTUAL,"Articulación entre el Sistema Nacional de 
Planeamiento Estratégico con el Sistema Nacional de 
Abastecimiento",2026-04-27,2026-04,No especificado,No especificado,Nacional,REGION POLICIAL LORETO,Loreto,Interior,II Trimestre,3ec00f882220
TALLER,VIRTUAL,"Articulación entre el Sistema Nacional de 
Planeamiento Estratégico con el Sistema Nacional de 
Abastecimiento",2026-04-27,2026-04,No especificado,No especificado,Local,MUNICIPALIDAD DISTRITAL DE CIUDAD NUEVA,Tacna,Gobiernos Locales,II Trimestre,27eb38fd94a5
TALLER,VIRTUAL,"Articulación entre el Sistema Nacional de 
Planeamiento Estratégico con el Sistema Nacional de 
Abastecimiento",2026-04-27,2026-04,No especificado,No especificado,Nacional,CONECTAMEF,Cajamarca,Economía y Finanzas,II Trimestre,44a0617d5b7c
TALLER,VIRTUAL,"Articulación entre el Sistema Nacional de 
Planeamiento Estratégico con el Sistema Nacional de 
Abastecimiento",2026-04-27,2026-04,No especificado,No especificado,Local,MUNICIPALIDAD DISTRITAL DE CORONEL GREGORIO ALBARRACIN LANCHIPA,Tacna,Gobiernos Locales,II Trimestre,08c996d8f3c9
TALLER,VIRTUAL,"Articulación entre el Sistema Nacional de 
Planeamiento Estratégico con el Sistema Nacional de 
Abastecimiento",2026-04-27,2026-04,No especificado,No especificado,Local,MUNICIPALIDAD DISTRITAL DE SAN ANTONIO,Moquegua,Gobiernos Locales,II Trimestre,53fd1518fb44
TALLER,VIRTUAL,"Articulación entre el Sistema Nacional de 
Planeamiento Estratégico con el Sistema Nacional de 
Abastecimiento",2026-04-27,2026-04,No especificado,No especificado,Local,MUNICIPALIDAD PROVINCIAL DE CANDARAVE,Tacna,Gobiernos Locales,II Trimestre,75f55d593b19
TALLER,VIRTUAL,"Articulación entre el Sistema Nacional de 
Planeamiento Estratégico con el Sistema Nacional de 
Abastecimiento",2026-04-27,2026-04,No especificado,No especificado,Regional,DIRECCION REGIONAL DE SALUD TACNA,Tacna,Salud,II Trimestre,1dce46749d03
TALLER,VIRTUAL,"Articulación entre el Sistema Nacional de 
Planeamiento Estratégico con el Sistema Nacional de 
Abastecimiento",2026-04-27,2026-04,No especificado,No especificado,Regional,PROYECTO ESPECIAL OLMOS TINAJONES,Lambayeque,Agricultura y Riego,II Trimestre,75061e00f669
TALLER,VIRTUAL,"Articulación entre el Sistema Nacional de 
Planeamiento Estratégico con el Sistema Nacional de 
Abastecimiento",2026-04-27,2026-04,No especificado,No especificado,Regional,HOSPITAL REGIONAL VIRGEN DE FATIMA CHACHAPOYAS,Amazonas,Salud,II Trimestre,aae521a376c9
TALLER,VIRTUAL,"Articulación entre el Sistema Nacional de 
Planeamiento Estratégico con el Sistema Nacional de 
Abastecimiento",2026-04-27,2026-04,No especificado,No especificado,Local,MUNICIPALIDAD DISTRITAL DE EL TIGRE,Loreto,Gobiernos Locales,II Trimestre,828209aa12dd
TALLER,VIRTUAL,"Articulación entre el Sistema Nacional de 
Planeamiento Estratégico con el Sistema Nacional de 
Abastecimiento",2026-04-27,2026-04,No especificado,No especificado,Regional,PROYECTO ESPECIAL REGIONAL PASTO GRANDE,Moquegua,Gobiernos Regionales,II Trimestre,c37c87240637
TALLER,VIRTUAL,"Articulación entre el Sistema Nacional de 
Planeamiento Estratégico con el Sistema Nacional de 
Abastecimiento",2026-04-27,2026-04,No especificado,No especificado,Local,MUNICIPALIDAD DISTRITAL DE SAN ANTONIO,Moquegua,Gobiernos Locales,II Trimestre,3ee3b4d2b59e
TALLER,VIRTUAL,"Articulación entre el Sistema Nacional de 
Planeamiento Estratégico con el Sistema Nacional de 
Abastecimiento",2026-04-27,2026-04,No especificado,No especificado,Local,MUNICIPALIDAD DISTRITAL DE ECHARATI,Cusco,Gobiernos Locales,II Trimestre,f25753821fae
TALLER,VIRTUAL,"Articulación entre el Sistema Nacional de 
Planeamiento Estratégico con el Sistema Nacional de 
Abastecimiento",2026-04-27,2026-04,No especificado,No especificado,Local,MUNICIPALIDAD PROVINCIAL DE CHICLAYO,Lambayeque,Gobiernos Locales,II Trimestre,a69b75bbc7d3
TALLER,VIRTUAL,"Articulación entre el Sistema Nacional de 
Planeamiento Estratégico con el Sistema Nacional de 
Abastecimiento",2026-04-27,2026-04,No especificado,No especificado,Regional,UNIDAD EJECUTORA 004 GERENCIA SUB REGIONAL UTCUBAMBA,Amazonas,Otros,II Trimestre,ec92cc98328e
TALLER,VIRTUAL,"Articulación entre el Sistema Nacional de 
Planeamiento Estratégico con el Sistema Nacional de 
Abastecimiento",2026-04-27,2026-04,No especificado,No especificado,Local,MUNICIPALIDAD PROVINCIAL DE MAYNAS,Loreto,Gobiernos Locales,II Trimestre,5f94ed7278c7
TALLER,VIRTUAL,"Articulación entre el Sistema Nacional de 
Planeamiento Estratégico con el Sistema Nacional de 
Abastecimiento",2026-04-27,2026-04,No especificado,No especificado,Regional,DIRECCION REGIONAL DE AGRICULTURA MOQUEGUA,Moquegua,Agricultura y Riego,II Trimestre,fcf474213eec
TALLER,VIRTUAL,"Articulación entre el Sistema Nacional de 
Planeamiento Estratégico con el Sistema Nacional de 
Abastecimiento",2026-04-27,2026-04,No especificado,No especificado,Regional,PROYECTO ESPECIAL OLMOS TINAJONES,Lambayeque,Agricultura y Riego,II Trimestre,3e93f8cdb30c
TALLER,VIRTUAL,"Articulación entre el Sistema Nacional de 
Planeamiento Estratégico con el Sistema Nacional de 
Abastecimiento",2026-04-27,2026-04,No especificado,No especificado,Regional,PROYECTO ESPECIAL AFIANZAMIENTO Y AMPLIACION RECURSOS HIDRICOS DE TACNA,Tacna,Otros,II Trimestre,75b1c57c4858
TALLER,VIRTUAL,"Articulación entre el Sistema Nacional de 
Planeamiento Estratégico con el Sistema Nacional de 
Abastecimiento",2026-04-27,2026-04,No especificado,No especificado,Nacional,ZONA REGISTRAL N° XIII,Tacna,Justicia y Derechos Humanos,II Trimestre,0ba8cc95b977
TALLER,VIRTUAL,"Articulación entre el Sistema Nacional de 
Planeamiento Estratégico con el Sistema Nacional de 
Abastecimiento",2026-04-27,2026-04,No especificado,No especificado,Regional,UNIDAD DE GESTION EDUCATIVA LOCAL BAGUA,Amazonas,Educación,II Trimestre,2eabccd91786
TALLER,VIRTUAL,"Articulación entre el Sistema Nacional de 
Planeamiento Estratégico con el Sistema Nacional de 
Abastecimiento",2026-04-27,2026-04,No especificado,No especificado,Nacional,ESTACION EXPERIMENTAL AGRARIA VISTA FLORIDA - LAMBAYEQUE,Lambayeque,Agricultura y Riego,II Trimestre,d67ae154fde2
TALLER,VIRTUAL,"Articulación entre el Sistema Nacional de 
Planeamiento Estratégico con el Sistema Nacional de 
Abastecimiento",2026-04-27,2026-04,No especificado,No especificado,Local,MUNICIPALIDAD DISTRITAL DE MARCONA,Ica,Gobiernos Locales,II Trimestre,f3c7afcd9e2a
TALLER,VIRTUAL,"Articulación entre el Sistema Nacional de 
Planeamiento Estratégico con el Sistema Nacional de 
Abastecimiento",2026-04-27,2026-04,No especificado,No especificado,Regional,PROYECTO ESPECIAL REGIONAL PASTO GRANDE,Moquegua,Agricultura y Riego,II Trimestre,a4e16aa120f2
TALLER,VIRTUAL,"Articulación entre el Sistema Nacional de 
Planeamiento Estratégico con el Sistema Nacional de 
Abastecimiento",2026-04-27,2026-04,No especificado,No especificado,Regional,GOBIERNO REGIONAL DE TACNA,Tacna,Gobiernos Regionales,II Trimestre,462299c76fc5
TALLER,VIRTUAL,"Articulación entre el Sistema Nacional de 
Planeamiento Estratégico con el Sistema Nacional de 
Abastecimiento",2026-04-27,2026-04,No especificado,No especificado,Regional,UNIDAD EJECUTORA 404 - SALUD UTCUBAMBA,Amazonas,Salud,II Trimestre,d7527a071c2b
TALLER,VIRTUAL,"Articulación entre el Sistema Nacional de 
Planeamiento Estratégico con el Sistema Nacional de 
Abastecimiento",2026-04-27,2026-04,No especificado,No especificado,Nacional,UNIVERSIDAD NACIONAL DE LA AMAZONIA PERUANA,Loreto,Educación,II Trimestre,a5270b108b38
TALLER,VIRTUAL,"Articulación entre el Sistema Nacional de 
Planeamiento Estratégico con el Sistema Nacional de 
Abastecimiento",2026-04-27,2026-04,No especificado,No especificado,Local,MUNICIPALIDAD PROVINCIAL DE AMBO,Huanuco,Gobiernos Locales,II Trimestre,ef865d2396d0
TALLER,VIRTUAL,"Articulación entre el Sistema Nacional de 
Planeamiento Estratégico con el Sistema Nacional de 
Abastecimiento",2026-04-27,2026-04,No especificado,No especificado,Local,MUNICIPALIDAD DISTRITAL DE CORONEL GREGORIO ALBARRACIN LANCHIPA,Tacna,Gobiernos Locales,II Trimestre,b9632a3ecf95
TALLER,VIRTUAL,"Articulación entre el Sistema Nacional de 
Planeamiento Estratégico con el Sistema Nacional de 
Abastecimiento",2026-04-27,2026-04,No especificado,No especificado,Nacional,ESTACION EXPERIMENTAL AGRARIA VISTA FLORIDA - LAMBAYEQUE,Lambayeque,Agricultura y Riego,II Trimestre,112997fe4e0a
TALLER,VIRTUAL,"Articulación entre el Sistema Nacional de 
Planeamiento Estratégico con el Sistema Nacional de 
Abastecimiento",2026-04-27,2026-04,No especificado,No especificado,Ete,EPS EMAPAT S.A,Madre De Dios,Otros,II Trimestre,b31bd1fb6b03
TALLER,VIRTUAL,"Articulación entre el Sistema Nacional de 
Planeamiento Estratégico con el Sistema Nacional de 
Abastecimiento",2026-04-27,2026-04,No especificado,No especificado,Regional,UNIDAD EJECUTORA 404 - SALUD UTCUBAMBA,Amazonas,Salud,II Trimestre,3e645b94b0f8
TALLER,VIRTUAL,"Articulación entre el Sistema Nacional de 
Planeamiento Estratégico con el Sistema Nacional de 
Abastecimiento",2026-04-27,2026-04,No especificado,No especificado,Local,MUNICIPALIDAD DISTRITAL DE PUNCHANA,Loreto,Gobiernos Locales,II Trimestre,48fa0e3e3fd3
TALLER,VIRTUAL,"Articulación entre el Sistema Nacional de 
Planeamiento Estratégico con el Sistema Nacional de 
Abastecimiento",2026-04-27,2026-04,No especificado,No especificado,Regional,UNIDAD EJECUTORA 407 - RED DE SALUD LORETO NAUTA,Loreto,Gobiernos Regionales,II Trimestre,92de048fc614
TALLER,VIRTUAL,"Articulación entre el Sistema Nacional de 
Planeamiento Estratégico con el Sistema Nacional de 
Abastecimiento",2026-04-27,2026-04,No especificado,No especificado,Local,MUNICIPALIDAD DISTRITAL DE LAJAS ,Cajamarca,Gobiernos Locales,II Trimestre,6dfe69dd5a64
TALLER,VIRTUAL,"Articulación entre el Sistema Nacional de 
Planeamiento Estratégico con el Sistema Nacional de 
Abastecimiento",2026-04-28,2026-04,No especificado,No especificado,Local,MUNICIPALIDAD PROVINCIAL DE YAULI - LA OROYA,Junín,Gobiernos Locales,II Trimestre,06ff1f951b3d
TALLER,VIRTUAL,"Articulación entre el Sistema Nacional de 
Planeamiento Estratégico con el Sistema Nacional de 
Abastecimiento",2026-04-28,2026-04,No especificado,No especificado,Local,MUNICIPALIDAD DISTRITAL DE QUIRUVILCA,La Libertad,Gobiernos Locales,II Trimestre,4934753ee536
TALLER,VIRTUAL,"Articulación entre el Sistema Nacional de 
Planeamiento Estratégico con el Sistema Nacional de 
Abastecimiento",2026-04-28,2026-04,No especificado,No especificado,Regional,GERENCIA REGIONAL DE TRANSPORTES Y COMUNICACIONES LA LIBERTAD,La Libertad,Gobiernos Regionales,II Trimestre,f42b7c9525dd
TALLER,VIRTUAL,"Articulación entre el Sistema Nacional de 
Planeamiento Estratégico con el Sistema Nacional de 
Abastecimiento",2026-04-28,2026-04,No especificado,No especificado,Nacional,OFICINA REGIONAL CENTRO - INPE,Junín,Justicia y Derechos Humanos,II Trimestre,03fb0134a39f
TALLER,VIRTUAL,"Articulación entre el Sistema Nacional de 
Planeamiento Estratégico con el Sistema Nacional de 
Abastecimiento",2026-04-28,2026-04,No especificado,No especificado,Regional,GERENCIA REGIONAL DE TRANSPORTES Y COMUNICACIONES LA LIBERTAD,La Libertad,Gobiernos Regionales,II Trimestre,347674f9ed14
TALLER,VIRTUAL,"Articulación entre el Sistema Nacional de 
Planeamiento Estratégico con el Sistema Nacional de 
Abastecimiento",2026-04-28,2026-04,No especificado,No especificado,Regional,DIRECCION REGIONAL DE TRANSPORTES Y COMUNICACIONES JUNIN,Junín,Gobiernos Regionales,II Trimestre,fc93ba52765d
TALLER,VIRTUAL,"Articulación entre el Sistema Nacional de 
Planeamiento Estratégico con el Sistema Nacional de 
Abastecimiento",2026-04-28,2026-04,No especificado,No especificado,Local,MUNICIPALIDAD DISTRITAL DE SANTIAGO DE CHALLAS,La Libertad,Gobiernos Locales,II Trimestre,bc97a65fb941
TALLER,VIRTUAL,"Articulación entre el Sistema Nacional de 
Planeamiento Estratégico con el Sistema Nacional de 
Abastecimiento",2026-04-28,2026-04,No especificado,No especificado,Local,MUNICIPALIDAD PROVINCIAL DE OTUZCO,La Libertad,Gobiernos Locales,II Trimestre,e6f42848ba7c
TALLER,VIRTUAL,"Articulación entre el Sistema Nacional de 
Planeamiento Estratégico con el Sistema Nacional de 
Abastecimiento",2026-04-28,2026-04,No especificado,No especificado,Local,MUNICIPALIDAD DISTRITAL DE ALTO TRUJILLO,La Libertad,Gobiernos Locales,II Trimestre,835f80520835
TALLER,VIRTUAL,"Articulación entre el Sistema Nacional de 
Planeamiento Estratégico con el Sistema Nacional de 
Abastecimiento",2026-04-28,2026-04,No especificado,No especificado,Regional,HOSPITAL REGIONAL DOCENTE DE MEDICINA TROPICAL - DR. JULIO CESAR DEMARINI CARO,Junín,Salud,II Trimestre,06c62fdb9c36
TALLER,VIRTUAL,"Articulación entre el Sistema Nacional de 
Planeamiento Estratégico con el Sistema Nacional de 
Abastecimiento",2026-04-28,2026-04,No especificado,No especificado,Regional,UNIDAD EJECUTORA EDUCACION HUANCAYO,Junín,Educación,II Trimestre,ac2717d59397
TALLER,VIRTUAL,"Articulación entre el Sistema Nacional de 
Planeamiento Estratégico con el Sistema Nacional de 
Abastecimiento",2026-04-28,2026-04,No especificado,No especificado,Local,MUNICIPALIDAD PROVINCIAL DE CHEPEN,La Libertad,Gobiernos Locales,II Trimestre,e5b7e589890b
TALLER,VIRTUAL,"Articulación entre el Sistema Nacional de 
Planeamiento Estratégico con el Sistema Nacional de 
Abastecimiento",2026-04-28,2026-04,No especificado,No especificado,Regional,RED DE SALUD JAUJA,Junín,Salud,II Trimestre,1d3d968a365b
TALLER,VIRTUAL,"Articulación entre el Sistema Nacional de 
Planeamiento Estratégico con el Sistema Nacional de 
Abastecimiento",2026-04-28,2026-04,No especificado,No especificado,Local,MUNICIPALIDAD PROVINCIAL DE CHEPEN,La Libertad,Gobiernos Locales,II Trimestre,e6d6bcd76d95
TALLER,VIRTUAL,"Articulación entre el Sistema Nacional de 
Planeamiento Estratégico con el Sistema Nacional de 
Abastecimiento",2026-04-28,2026-04,No especificado,No especificado,Local,MUNICIPALIDAD PROVINCIAL DE OTUZCO,La Libertad,Gobiernos Locales,II Trimestre,5fbc79670be3
TALLER,VIRTUAL,"Articulación entre el Sistema Nacional de 
Planeamiento Estratégico con el Sistema Nacional de 
Abastecimiento",2026-04-28,2026-04,No especificado,No especificado,Nacional,UNIDAD EJECUTORA 009: LA LIBERTAD,La Libertad,Cultura,II Trimestre,e2741324b714
TALLER,VIRTUAL,"Articulación entre el Sistema Nacional de 
Planeamiento Estratégico con el Sistema Nacional de 
Abastecimiento",2026-04-28,2026-04,No especificado,No especificado,Local,MUNICIPALIDAD DISTRITAL DE EL PORVENIR,La Libertad,Gobiernos Locales,II Trimestre,d94fb435bfa4
TALLER,VIRTUAL,"Articulación entre el Sistema Nacional de 
Planeamiento Estratégico con el Sistema Nacional de 
Abastecimiento",2026-04-28,2026-04,No especificado,No especificado,Local,MUNICIPALIDAD PROVINCIAL DE CUTERVO,Cajamarca,Gobiernos Locales,II Trimestre,b7335df690a2
TALLER,VIRTUAL,"Articulación entre el Sistema Nacional de 
Planeamiento Estratégico con el Sistema Nacional de 
Abastecimiento",2026-04-28,2026-04,No especificado,No especificado,Local,MUNICIPALIDAD DISTRITAL DE PACASMAYO,La Libertad,Gobiernos Locales,II Trimestre,5376dda59d12
TALLER,VIRTUAL,"Articulación entre el Sistema Nacional de 
Planeamiento Estratégico con el Sistema Nacional de 
Abastecimiento",2026-04-28,2026-04,No especificado,No especificado,Local,MUNICIPALIDAD DISTRITAL DE GUADALUPITO,La Libertad,Gobiernos Locales,II Trimestre,fe455ea6488c
TALLER,VIRTUAL,"Articulación entre el Sistema Nacional de 
Planeamiento Estratégico con el Sistema Nacional de 
Abastecimiento",2026-04-28,2026-04,No especificado,No especificado,Local,MUNICIPALIDAD DISTRITAL DE LUCMA,La Libertad,Gobiernos Locales,II Trimestre,56f4477f8b03
TALLER,VIRTUAL,"Articulación entre el Sistema Nacional de 
Planeamiento Estratégico con el Sistema Nacional de 
Abastecimiento",2026-04-28,2026-04,No especificado,No especificado,Local,MUNICIPALIDAD PROVINCIAL DE YAULI - LA OROYA,Junín,Gobiernos Locales,II Trimestre,f373383ece31
TALLER,VIRTUAL,"Articulación entre el Sistema Nacional de 
Planeamiento Estratégico con el Sistema Nacional de 
Abastecimiento",2026-04-28,2026-04,No especificado,No especificado,Local,MUNICIPALIDAD DISTRITAL DE USQUIL,La Libertad,Gobiernos Locales,II Trimestre,651c2626e15c
TALLER,VIRTUAL,"Articulación entre el Sistema Nacional de 
Planeamiento Estratégico con el Sistema Nacional de 
Abastecimiento",2026-04-28,2026-04,No especificado,No especificado,Local,MUNICIPALIDAD PROVINCIAL DE SANTIAGO DE CHUCO,La Libertad,Gobiernos Locales,II Trimestre,34e8c0300644
TALLER,VIRTUAL,"Articulación entre el Sistema Nacional de 
Planeamiento Estratégico con el Sistema Nacional de 
Abastecimiento",2026-04-28,2026-04,No especificado,No especificado,Local,MUNICIPALIDAD DISTRITAL DE PARCOY,La Libertad,Gobiernos Locales,II Trimestre,08ac471d4839
TALLER,VIRTUAL,"Articulación entre el Sistema Nacional de 
Planeamiento Estratégico con el Sistema Nacional de 
Abastecimiento",2026-04-28,2026-04,No especificado,No especificado,Nacional,OFICINA REGIONAL CENTRO - INPE,Junín,Justicia y Derechos Humanos,II Trimestre,067491c1536d
TALLER,VIRTUAL,"Articulación entre el Sistema Nacional de 
Planeamiento Estratégico con el Sistema Nacional de 
Abastecimiento",2026-04-28,2026-04,No especificado,No especificado,Local,MUNICIPALIDAD DISTRITAL DE PACASMAYO,La Libertad,Gobiernos Locales,II Trimestre,c6ce1aa00bcb
TALLER,VIRTUAL,"Articulación entre el Sistema Nacional de 
Planeamiento Estratégico con el Sistema Nacional de 
Abastecimiento",2026-04-28,2026-04,No especificado,No especificado,Local,MUNICIPALIDAD PROVINCIAL DE YAULI - LA OROYA,Junín,Gobiernos Regionales,II Trimestre,0893634b91d1
TALLER,VIRTUAL,"Articulación entre el Sistema Nacional de 
Planeamiento Estratégico con el Sistema Nacional de 
Abastecimiento",2026-04-28,2026-04,No especificado,No especificado,Local,MUNICIPALIDAD PROVINCIAL DE HUANCAYO,Junín,Gobiernos Locales,II Trimestre,019ad04d4b6d
TALLER,VIRTUAL,"Articulación entre el Sistema Nacional de 
Planeamiento Estratégico con el Sistema Nacional de 
Abastecimiento",2026-04-28,2026-04,No especificado,No especificado,Regional,UNIDAD DE GESTION EDUCATIVA LOCAL GRAN CHIMU,La Libertad,Educación,II Trimestre,003f8e4711df
TALLER,VIRTUAL,"Articulación entre el Sistema Nacional de 
Planeamiento Estratégico con el Sistema Nacional de 
Abastecimiento",2026-04-28,2026-04,No especificado,No especificado,Regional,RED DE SALUD CONCHUCOS NORTE ,Ancash,Salud,II Trimestre,d0ca141b48c4
TALLER,VIRTUAL,"Articulación entre el Sistema Nacional de 
Planeamiento Estratégico con el Sistema Nacional de 
Abastecimiento",2026-04-28,2026-04,No especificado,No especificado,Nacional,HOSPITAL NACIONAL DEL CENTRO DANIEL ALCIDES CARRIÓN,Junín,Salud,II Trimestre,b8e56714b15c
TALLER,VIRTUAL,"Articulación entre el Sistema Nacional de 
Planeamiento Estratégico con el Sistema Nacional de 
Abastecimiento",2026-04-28,2026-04,No especificado,No especificado,Regional,UNIDAD DE GESTION EDUCATIVA LOCAL DE JULCAN,La Libertad,Educación,II Trimestre,c1dd57512251
TALLER,VIRTUAL,"Articulación entre el Sistema Nacional de 
Planeamiento Estratégico con el Sistema Nacional de 
Abastecimiento",2026-04-28,2026-04,No especificado,No especificado,Local,MUNICIPALIDAD DISTRITAL DE CARHUAMAYO,Junín,Gobiernos Locales,II Trimestre,3c636a151ea5
TALLER,VIRTUAL,"Articulación entre el Sistema Nacional de 
Planeamiento Estratégico con el Sistema Nacional de 
Abastecimiento",2026-04-28,2026-04,No especificado,No especificado,Local,MUNICIPALIDAD PROVINCIAL DE TRUJILLO,La Libertad,Gobiernos Locales,II Trimestre,f4b454155c14
TALLER,VIRTUAL,"Articulación entre el Sistema Nacional de 
Planeamiento Estratégico con el Sistema Nacional de 
Abastecimiento",2026-04-28,2026-04,No especificado,No especificado,Local,MUNICIPALIDAD DISTRITAL DE CHILLIA,La Libertad,Gobiernos Locales,II Trimestre,eaf2a0f50a1d
TALLER,VIRTUAL,"Articulación entre el Sistema Nacional de 
Planeamiento Estratégico con el Sistema Nacional de 
Abastecimiento",2026-04-28,2026-04,No especificado,No especificado,Local,MUNICIPALIDAD DISTRITAL DE PACA,Junín,Gobiernos Locales,II Trimestre,c6a9908c5214
TALLER,VIRTUAL,"Articulación entre el Sistema Nacional de 
Planeamiento Estratégico con el Sistema Nacional de 
Abastecimiento",2026-04-28,2026-04,No especificado,No especificado,Nacional,ZONA REGISTRAL N° VIII,Junín,Justicia y Derechos Humanos,II Trimestre,65ba6507df3b
TALLER,VIRTUAL,"Articulación entre el Sistema Nacional de 
Planeamiento Estratégico con el Sistema Nacional de 
Abastecimiento",2026-04-28,2026-04,No especificado,No especificado,Regional,REGION JUNIN EDUCACION SATIPO,Junín,Educación,II Trimestre,84421eb72bb5
TALLER,VIRTUAL,"Articulación entre el Sistema Nacional de 
Planeamiento Estratégico con el Sistema Nacional de 
Abastecimiento",2026-04-28,2026-04,No especificado,No especificado,Local,MUNICIPALIDAD DISTRITAL DE PATAZ,La Libertad,Gobiernos Locales,II Trimestre,852a95797dff
TALLER,VIRTUAL,"Articulación entre el Sistema Nacional de 
Planeamiento Estratégico con el Sistema Nacional de 
Abastecimiento",2026-04-28,2026-04,No especificado,No especificado,Local,MUNICIPALIDAD DISTRITAL DE SAN JUAN DE JARPA,Junín,Gobiernos Locales,II Trimestre,3b15f875192a
TALLER,VIRTUAL,"Articulación entre el Sistema Nacional de 
Planeamiento Estratégico con el Sistema Nacional de 
Abastecimiento",2026-04-28,2026-04,No especificado,No especificado,Local,MUNICIPALIDAD DISTRITAL DE PACA,Junín,Gobiernos Locales,II Trimestre,b2bd9ab33d89
TALLER,VIRTUAL,"Articulación entre el Sistema Nacional de 
Planeamiento Estratégico con el Sistema Nacional de 
Abastecimiento",2026-04-28,2026-04,No especificado,No especificado,Local,MUNICIPALIDAD PROVINCIAL DE CHANCHAMAYO,Junín,Gobiernos Locales,II Trimestre,ad0ef3faddd8
TALLER,VIRTUAL,"Articulación entre el Sistema Nacional de 
Planeamiento Estratégico con el Sistema Nacional de 
Abastecimiento",2026-04-28,2026-04,No especificado,No especificado,Local,MUNICIPALIDAD PROVINCIAL SANCHEZ CARRION,La Libertad,Gobiernos Locales,II Trimestre,bd83d5a02a6e
TALLER,VIRTUAL,"Articulación entre el Sistema Nacional de 
Planeamiento Estratégico con el Sistema Nacional de 
Abastecimiento",2026-04-28,2026-04,No especificado,No especificado,Regional,UNIDAD EJECUTORA EDUCACION JAUJA,Junín,Educación,II Trimestre,430ccc561a23
TALLER,VIRTUAL,"Articulación entre el Sistema Nacional de 
Planeamiento Estratégico con el Sistema Nacional de 
Abastecimiento",2026-04-28,2026-04,No especificado,No especificado,Regional,UNIDAD EJECUTORA EDUCACION HUANCAYO,Junín,Educación,II Trimestre,1e5ee4fa2b2b
TALLER,VIRTUAL,"Articulación entre el Sistema Nacional de 
Planeamiento Estratégico con el Sistema Nacional de 
Abastecimiento",2026-04-28,2026-04,No especificado,No especificado,Regional,UNIDAD DE GESTIÓN EDUCATIVA LOCAL DE CHANCHAMAYO,Junín,Educación,II Trimestre,d258c1dab22d
TALLER,VIRTUAL,"Articulación entre el Sistema Nacional de 
Planeamiento Estratégico con el Sistema Nacional de 
Abastecimiento",2026-04-28,2026-04,No especificado,No especificado,Regional,UNIDAD EJECUTORA DENOMINADA: EDUCACIÓN PUERTO BERMÚDEZ,Pasco,Educación,II Trimestre,2568b5993d78
TALLER,VIRTUAL,"Articulación entre el Sistema Nacional de 
Planeamiento Estratégico con el Sistema Nacional de 
Abastecimiento",2026-04-28,2026-04,No especificado,No especificado,Nacional,ZONA REGISTRAL N° VIII,Junín,Justicia y Derechos Humanos,II Trimestre,3a2251fe558a
TALLER,VIRTUAL,"Articulación entre el Sistema Nacional de 
Planeamiento Estratégico con el Sistema Nacional de 
Abastecimiento",2026-04-28,2026-04,No especificado,No especificado,Local,MUNICIPALIDAD DISTRITAL DE USQUIL,La Libertad,Gobiernos Locales,II Trimestre,89f6cc92a019
TALLER,VIRTUAL,"Articulación entre el Sistema Nacional de 
Planeamiento Estratégico con el Sistema Nacional de 
Abastecimiento",2026-04-28,2026-04,No especificado,No especificado,Regional,GERENCIA REGIONAL DE AGRICULTURA,La Libertad,Agricultura y Riego,II Trimestre,6a62788cd4f3
TALLER,VIRTUAL,"Articulación entre el Sistema Nacional de 
Planeamiento Estratégico con el Sistema Nacional de 
Abastecimiento",2026-04-28,2026-04,No especificado,No especificado,Local,MUNICIPALIDAD DISTRITAL DE GUADALUPITO,La Libertad,Gobiernos Locales,II Trimestre,1e095eed51e4
TALLER,VIRTUAL,"Articulación entre el Sistema Nacional de 
Planeamiento Estratégico con el Sistema Nacional de 
Abastecimiento",2026-04-28,2026-04,No especificado,No especificado,Local,MUNICIPALIDAD DISTRITAL DE FLORENCIA DE MORA,La Libertad,Gobiernos Locales,II Trimestre,02a22574eb28
TALLER,VIRTUAL,"Articulación entre el Sistema Nacional de 
Planeamiento Estratégico con el Sistema Nacional de 
Abastecimiento",2026-04-28,2026-04,No especificado,No especificado,Regional,HOSPITAL EL CARMEN,Junín,Salud,II Trimestre,a7f23d000554
TALLER,VIRTUAL,"Articulación entre el Sistema Nacional de 
Planeamiento Estratégico con el Sistema Nacional de 
Abastecimiento",2026-04-28,2026-04,No especificado,No especificado,Local,MUNICIPALIDAD PROVINCIAL DE CONCEPCION,Junín,Gobiernos Locales,II Trimestre,bfec42e041f3
TALLER,VIRTUAL,"Articulación entre el Sistema Nacional de 
Planeamiento Estratégico con el Sistema Nacional de 
Abastecimiento",2026-04-28,2026-04,No especificado,No especificado,Local,MUNICIPALIDAD DISTRITAL DE HUASAHUASI,Junín,Gobiernos Locales,II Trimestre,8385a91acced
TALLER,VIRTUAL,"Articulación entre el Sistema Nacional de 
Planeamiento Estratégico con el Sistema Nacional de 
Abastecimiento",2026-04-28,2026-04,No especificado,No especificado,Local,MUNICIPALIDAD DISTRITAL DE MUQUI,Junín,Gobiernos Locales,II Trimestre,9bc0e8e43669
TALLER,VIRTUAL,"Articulación entre el Sistema Nacional de 
Planeamiento Estratégico con el Sistema Nacional de 
Abastecimiento",2026-04-28,2026-04,No especificado,No especificado,Regional,UNIDAD EJECUTORA GERENCIA SUB REGIONAL CHANCHAMAYO,Junín,Gobiernos Regionales,II Trimestre,d530932cabf1
TALLER,VIRTUAL,"Articulación entre el Sistema Nacional de 
Planeamiento Estratégico con el Sistema Nacional de 
Abastecimiento",2026-04-28,2026-04,No especificado,No especificado,Local,MUNICIPALIDAD DISTRITAL DE FLORENCIA DE MORA,La Libertad,Gobiernos Locales,II Trimestre,3ba25948761e
TALLER,VIRTUAL,"Articulación entre el Sistema Nacional de 
Planeamiento Estratégico con el Sistema Nacional de 
Abastecimiento",2026-04-28,2026-04,No especificado,No especificado,Local,UNIDAD EJECUTORA 009: LA LIBERTAD,La Libertad,Cultura,II Trimestre,ad107b25e589
TALLER,VIRTUAL,"Articulación entre el Sistema Nacional de 
Planeamiento Estratégico con el Sistema Nacional de 
Abastecimiento",2026-04-28,2026-04,No especificado,No especificado,Regional,"UNIDAD EJECUTORA ""RED DE SALUD SAN MARTIN DE PANGOA""",Junín,Salud,II Trimestre,c7aaf219de3f
TALLER,VIRTUAL,"Articulación entre el Sistema Nacional de 
Planeamiento Estratégico con el Sistema Nacional de 
Abastecimiento",2026-04-28,2026-04,No especificado,No especificado,Nacional,CORTE SUPERIOR DE JUSTICIA DE LA LIBERTAD,La Libertad,Poder Judicial,II Trimestre,e8ed80e2bc5e
TALLER,VIRTUAL,"Articulación entre el Sistema Nacional de 
Planeamiento Estratégico con el Sistema Nacional de 
Abastecimiento",2026-04-28,2026-04,No especificado,No especificado,Local,MUNICIPALIDAD DISTRITAL DE PACHACAMAC,Lima,Gobiernos Locales,II Trimestre,9a650bdc5702
TALLER,VIRTUAL,"Articulación entre el Sistema Nacional de 
Planeamiento Estratégico con el Sistema Nacional de 
Abastecimiento",2026-04-28,2026-04,No especificado,No especificado,Regional,HOSPITAL NACIONAL DEL CENTRO DANIEL ALCIDES CARRIÓN,Junín,Salud,II Trimestre,18713ec33be4
TALLER,VIRTUAL,"Articulación entre el Sistema Nacional de 
Planeamiento Estratégico con el Sistema Nacional de 
Abastecimiento",2026-04-28,2026-04,No especificado,No especificado,Regional,DIRECCION REGIONAL DE TRANSPORTES Y COMUNICACIONES JUNIN,Junín,Transportes y Comunicaciones,II Trimestre,29f9de2c76d2
TALLER,VIRTUAL,"Articulación entre el Sistema Nacional de 
Planeamiento Estratégico con el Sistema Nacional de 
Abastecimiento",2026-04-28,2026-04,No especificado,No especificado,Nacional,ZONA REGISTRAL N° VIII,Junín,Justicia y Derechos Humanos,II Trimestre,b330f0dbbb80
TALLER,VIRTUAL,"Articulación entre el Sistema Nacional de 
Planeamiento Estratégico con el Sistema Nacional de 
Abastecimiento",2026-04-28,2026-04,No especificado,No especificado,Local,MUNICIPALIDAD PROVINCIAL DE YAULI - LA OROYA,Junín,Gobiernos Locales,II Trimestre,0b244cc130ae
TALLER,VIRTUAL,"Articulación entre el Sistema Nacional de 
Planeamiento Estratégico con el Sistema Nacional de 
Abastecimiento",2026-04-28,2026-04,No especificado,No especificado,Local,MUNICIPALIDAD DISTRITAL DE CASA GRANDE,La Libertad,Gobiernos Locales,II Trimestre,f9b7f97b7863
TALLER,VIRTUAL,"Articulación entre el Sistema Nacional de 
Planeamiento Estratégico con el Sistema Nacional de 
Abastecimiento",2026-04-28,2026-04,No especificado,No especificado,Nacional,UNIDAD EJECUTORA 009: LA LIBERTAD,La Libertad,Cultura,II Trimestre,f7ed08a6301d
TALLER,VIRTUAL,"Articulación entre el Sistema Nacional de 
Planeamiento Estratégico con el Sistema Nacional de 
Abastecimiento",2026-04-28,2026-04,No especificado,No especificado,Nacional,ZONA REGISTRAL N° VIII,Junín,Justicia y Derechos Humanos,II Trimestre,28aedf536639
TALLER,VIRTUAL,"Articulación entre el Sistema Nacional de 
Planeamiento Estratégico con el Sistema Nacional de 
Abastecimiento",2026-04-28,2026-04,No especificado,No especificado,Local,MUNICIPALIDAD DISTRITAL DE VICTOR LARCO HERRERA,La Libertad,Gobiernos Locales,II Trimestre,1ae6c2421425
TALLER,VIRTUAL,"Articulación entre el Sistema Nacional de 
Planeamiento Estratégico con el Sistema Nacional de 
Abastecimiento",2026-04-28,2026-04,No especificado,No especificado,Nacional,UNIDAD EJECUTORA 009: LA LIBERTAD,La Libertad,Cultura,II Trimestre,b1b716c98b97
TALLER,VIRTUAL,"Articulación entre el Sistema Nacional de 
Planeamiento Estratégico con el Sistema Nacional de 
Abastecimiento",2026-04-28,2026-04,No especificado,No especificado,Local,MUNICIPALIDAD DISTRITAL DE CHONGOS ALTO,Junín,Gobiernos Locales,II Trimestre,a164b5513368
TALLER,VIRTUAL,"Articulación entre el Sistema Nacional de 
Planeamiento Estratégico con el Sistema Nacional de 
Abastecimiento",2026-04-28,2026-04,No especificado,No especificado,Local,MUNICIPALIDAD DISTRITAL DE VILCABAMBA,Pasco,Gobiernos Locales,II Trimestre,2a6f01a37c4a
TALLER,VIRTUAL,"Articulación entre el Sistema Nacional de 
Planeamiento Estratégico con el Sistema Nacional de 
Abastecimiento",2026-04-28,2026-04,No especificado,No especificado,Regional,COLEGIO MILITAR G M RAMON CASTILLA,La Libertad,Educación,II Trimestre,881d78dfae56
TALLER,VIRTUAL,"Articulación entre el Sistema Nacional de 
Planeamiento Estratégico con el Sistema Nacional de 
Abastecimiento",2026-04-28,2026-04,No especificado,No especificado,Nacional,CORTE SUPERIOR DE JUSTICIA DE LA LIBERTAD,La Libertad,Poder Judicial,II Trimestre,756d6f9bfac9
TALLER,VIRTUAL,"Articulación entre el Sistema Nacional de 
Planeamiento Estratégico con el Sistema Nacional de 
Abastecimiento",2026-04-28,2026-04,No especificado,No especificado,Regional,UNIDAD DE GESTION EDUCATIVA LOCAL 04 - TRUJILLO SUR ESTE,La Libertad,Educación,II Trimestre,56ca47b7a80e
TALLER,VIRTUAL,"Articulación entre el Sistema Nacional de 
Planeamiento Estratégico con el Sistema Nacional de 
Abastecimiento",2026-04-28,2026-04,No especificado,No especificado,Regional,UNIDAD DE GESTION EDUCATIVA LOCAL BOLIVAR,La Libertad,Educación,II Trimestre,3b29885859be
TALLER,VIRTUAL,"Articulación entre el Sistema Nacional de 
Planeamiento Estratégico con el Sistema Nacional de 
Abastecimiento",2026-04-28,2026-04,No especificado,No especificado,Local,MUNICIPALIDAD DISTRITAL DE CHOCOPE,La Libertad,Gobiernos Locales,II Trimestre,123d85390eed
TALLER,VIRTUAL,"Articulación entre el Sistema Nacional de 
Planeamiento Estratégico con el Sistema Nacional de 
Abastecimiento",2026-04-28,2026-04,No especificado,No especificado,Local,MUNICIPALIDAD DISTRITAL DE SANTIAGO DE C,La Libertad,Gobiernos Locales,II Trimestre,c660fa97f63f
TALLER,VIRTUAL,"Articulación entre el Sistema Nacional de 
Planeamiento Estratégico con el Sistema Nacional de 
Abastecimiento",2026-04-28,2026-04,No especificado,No especificado,Regional,RED DE SALUD JUNÍN,Junín,Salud,II Trimestre,a29c832a0354
TALLER,VIRTUAL,"Articulación entre el Sistema Nacional de 
Planeamiento Estratégico con el Sistema Nacional de 
Abastecimiento",2026-04-28,2026-04,No especificado,No especificado,Regional,UNIDAD EJECUTORA EDUCACION UGEL PASCO,Pasco,Educación,II Trimestre,3df7622c40df
TALLER,VIRTUAL,"Articulación entre el Sistema Nacional de 
Planeamiento Estratégico con el Sistema Nacional de 
Abastecimiento",2026-04-28,2026-04,No especificado,No especificado,Nacional,VIII - DIRECCION TERRITORIAL DE POLICIA - HUANCAYO,Junín,Interior,II Trimestre,cbc2db9d1a9e
TALLER,VIRTUAL,"Articulación entre el Sistema Nacional de 
Planeamiento Estratégico con el Sistema Nacional de 
Abastecimiento",2026-04-28,2026-04,No especificado,No especificado,Local,MUNICIPALIDAD DISTRITAL DE INGENIO,Junín,Gobiernos Locales,II Trimestre,243938e3b544
TALLER,VIRTUAL,"Articulación entre el Sistema Nacional de 
Planeamiento Estratégico con el Sistema Nacional de 
Abastecimiento",2026-04-28,2026-04,No especificado,No especificado,Local,MUNICIPALIDAD PROVINCIAL DE HUACAYBAMBA,Huanuco,Economía y Finanzas,II Trimestre,7c89dddef6de
TALLER,VIRTUAL,"Articulación entre el Sistema Nacional de 
Planeamiento Estratégico con el Sistema Nacional de 
Abastecimiento",2026-04-28,2026-04,No especificado,No especificado,Regional,COLEGIO MILITAR G M RAMON CASTILLA,La Libertad,Educación,II Trimestre,3fcfa51b2066
TALLER,VIRTUAL,"Articulación entre el Sistema Nacional de 
Planeamiento Estratégico con el Sistema Nacional de 
Abastecimiento",2026-04-28,2026-04,No especificado,No especificado,Regional,COLEGIO MILITAR G M RAMON CASTILLA,La Libertad,Educación,II Trimestre,5059d25def27
TALLER,VIRTUAL,"Articulación entre el Sistema Nacional de 
Planeamiento Estratégico con el Sistema Nacional de 
Abastecimiento",2026-04-28,2026-04,No especificado,No especificado,Regional,UNIDAD EJECUTORA GERENCIA SUB REGIONAL CHANCHAMAYO,Junín,Gobiernos Regionales,II Trimestre,c2f42d07c241
TALLER,VIRTUAL,"Articulación entre el Sistema Nacional de 
Planeamiento Estratégico con el Sistema Nacional de 
Abastecimiento",2026-04-28,2026-04,No especificado,No especificado,Regional,GOBIERNO REGIONAL JUNIN,Junín,Gobiernos Regionales,II Trimestre,dca616bbd056
TALLER,VIRTUAL,"Articulación entre el Sistema Nacional de 
Planeamiento Estratégico con el Sistema Nacional de 
Abastecimiento",2026-04-28,2026-04,No especificado,No especificado,Regional,UNIDAD EJECUTORA GERENCIA SUB REGIONAL CHANCHAMAYO,Junín,Gobiernos Regionales,II Trimestre,33a00c316583
TALLER,VIRTUAL,"Articulación entre el Sistema Nacional de 
Planeamiento Estratégico con el Sistema Nacional de 
Abastecimiento",2026-04-28,2026-04,No especificado,No especificado,Nacional,CORTE SUPERIOR DE JUSTICIA DE JUNIN,Junín,Poder Judicial,II Trimestre,a6a3ca8935e9
TALLER,VIRTUAL,"Articulación entre el Sistema Nacional de 
Planeamiento Estratégico con el Sistema Nacional de 
Abastecimiento",2026-04-28,2026-04,No especificado,No especificado,Local,MUNICIPALIDAD DISTRITAL DE SIMBAL,La Libertad,Gobiernos Locales,II Trimestre,606ae0ef8899
TALLER,VIRTUAL,"Articulación entre el Sistema Nacional de 
Planeamiento Estratégico con el Sistema Nacional de 
Abastecimiento",2026-04-28,2026-04,No especificado,No especificado,Local,MUNICIPALIDAD DISTRITAL DE PIÁS,La Libertad,Gobiernos Locales,II Trimestre,5ee84add31c5
TALLER,VIRTUAL,"Articulación entre el Sistema Nacional de 
Planeamiento Estratégico con el Sistema Nacional de 
Abastecimiento",2026-04-28,2026-04,No especificado,No especificado,Nacional,UNIDAD EJECUTORA EDUCACION CHUPACA,Junín,Educación,II Trimestre,51fbc7cd7788
TALLER,VIRTUAL,"Articulación entre el Sistema Nacional de 
Planeamiento Estratégico con el Sistema Nacional de 
Abastecimiento",2026-04-28,2026-04,No especificado,No especificado,Local,MUNICIPALIDAD PROVINCIAL DE SANTIAGO DE CHUCO,La Libertad,Otros,II Trimestre,88b9587b64bf
TALLER,VIRTUAL,"Articulación entre el Sistema Nacional de 
Planeamiento Estratégico con el Sistema Nacional de 
Abastecimiento",2026-04-28,2026-04,No especificado,No especificado,Local,MUNICIPALIDAD DISTRITAL DE NINACACA,Pasco,Gobiernos Locales,II Trimestre,a1fefd33132b
TALLER,VIRTUAL,"Articulación entre el Sistema Nacional de 
Planeamiento Estratégico con el Sistema Nacional de 
Abastecimiento",2026-04-28,2026-04,No especificado,No especificado,Local,MUNICIPALIDAD DISTRITAL DE SICAYA,Junín,Gobiernos Locales,II Trimestre,7419b3f7a866
TALLER,VIRTUAL,"Articulación entre el Sistema Nacional de 
Planeamiento Estratégico con el Sistema Nacional de 
Abastecimiento",2026-04-28,2026-04,No especificado,No especificado,Regional,UNIDAD DE GESTION EDUCATIVA LOCAL DE JULCAN,La Libertad,Educación,II Trimestre,b7acb33831d1
TALLER,VIRTUAL,"Articulación entre el Sistema Nacional de 
Planeamiento Estratégico con el Sistema Nacional de 
Abastecimiento",2026-04-28,2026-04,No especificado,No especificado,Regional,GOBIERNO REGIONAL JUNIN,Junín,Gobiernos Regionales,II Trimestre,f8e5a6cdd721
TALLER,VIRTUAL,"Articulación entre el Sistema Nacional de 
Planeamiento Estratégico con el Sistema Nacional de 
Abastecimiento",2026-04-28,2026-04,No especificado,No especificado,Local,MUNICIPALIDAD PROVINCIAL DE TACNA,Tacna,Gobiernos Locales,II Trimestre,cf2fb5cf2f0f
TALLER,VIRTUAL,"Articulación entre el Sistema Nacional de 
Planeamiento Estratégico con el Sistema Nacional de 
Abastecimiento",2026-04-28,2026-04,No especificado,No especificado,Regional,ATENCION INTEGRAL SALUD UTES OXAPAMPA,Pasco,Salud,II Trimestre,62ffb83c3ab5
TALLER,VIRTUAL,"Articulación entre el Sistema Nacional de 
Planeamiento Estratégico con el Sistema Nacional de 
Abastecimiento",2026-04-28,2026-04,No especificado,No especificado,Local,MUNICIPALIDAD PROVINCIAL DE CHEPEN,La Libertad,Gobiernos Locales,II Trimestre,d3f2b831021b
TALLER,VIRTUAL,"Articulación entre el Sistema Nacional de 
Planeamiento Estratégico con el Sistema Nacional de 
Abastecimiento",2026-04-28,2026-04,No especificado,No especificado,Regional,RED INTEGRADA DE SALUD PATAZ,La Libertad,Salud,II Trimestre,39e56e3c84e0
TALLER,VIRTUAL,"Articulación entre el Sistema Nacional de 
Planeamiento Estratégico con el Sistema Nacional de 
Abastecimiento",2026-04-28,2026-04,No especificado,No especificado,Local,MUNICIPALIDAD DISTRITAL DE MANZANARES,Junín,Gobiernos Locales,II Trimestre,857cac2ac8ba
TALLER,VIRTUAL,"Articulación entre el Sistema Nacional de 
Planeamiento Estratégico con el Sistema Nacional de 
Abastecimiento",2026-04-28,2026-04,No especificado,No especificado,Regional,UNIDAD EJECUTORA EDUCACION JAUJA,Junín,Educación,II Trimestre,cf8f13b6091d
TALLER,VIRTUAL,"Articulación entre el Sistema Nacional de 
Planeamiento Estratégico con el Sistema Nacional de 
Abastecimiento",2026-04-28,2026-04,No especificado,No especificado,Nacional,UNIVERSIDAD NACIONAL DEL CENTRO DEL PERU,Junín,Educación,II Trimestre,3ac6d83a6183
TALLER,VIRTUAL,"Articulación entre el Sistema Nacional de 
Planeamiento Estratégico con el Sistema Nacional de 
Abastecimiento",2026-04-28,2026-04,No especificado,No especificado,Nacional,CORTE SUPERIOR DE JUSTICIA DE JUNIN,Junín,Poder Judicial,II Trimestre,3fec73460fe9
TALLER,VIRTUAL,"Articulación entre el Sistema Nacional de 
Planeamiento Estratégico con el Sistema Nacional de 
Abastecimiento",2026-04-28,2026-04,No especificado,No especificado,Nacional,PROGRAMA DE DESARROLLO PRODUCTIVO AGRARIO RURAL,Pasco,Agricultura y Riego,II Trimestre,69dd656c64ad
TALLER,VIRTUAL,"Articulación entre el Sistema Nacional de 
Planeamiento Estratégico con el Sistema Nacional de 
Abastecimiento",2026-04-28,2026-04,No especificado,No especificado,Regional,UGEL 313 RIO ENE MANTARO,Junín,Educación,II Trimestre,ce02cff99c5d
TALLER,VIRTUAL,"Articulación entre el Sistema Nacional de 
Planeamiento Estratégico con el Sistema Nacional de 
Abastecimiento",2026-04-28,2026-04,No especificado,No especificado,Local,MUNICIPALIDAD DISTRITAL DE QUICHUAY,Junín,Gobiernos Locales,II Trimestre,99332cb3f522
TALLER,VIRTUAL,"Articulación entre el Sistema Nacional de 
Planeamiento Estratégico con el Sistema Nacional de 
Abastecimiento",2026-04-28,2026-04,No especificado,No especificado,Regional,UNIDAD EJECUTORA: RED DE SALUD PICHANAKI,Junín,Salud,II Trimestre,a286d8532847
TALLER,VIRTUAL,"Articulación entre el Sistema Nacional de 
Planeamiento Estratégico con el Sistema Nacional de 
Abastecimiento",2026-04-28,2026-04,No especificado,No especificado,Local,MUNICIPALIDAD DISTRITAL DE SANTA EULALIA,Lima,Otros,II Trimestre,b972bfa15c8c
TALLER,VIRTUAL,"Articulación entre el Sistema Nacional de 
Planeamiento Estratégico con el Sistema Nacional de 
Abastecimiento",2026-04-28,2026-04,No especificado,No especificado,Local,MUNICIPALIDAD DISTRITAL DE PICHANAQUI,Junín,Gobiernos Locales,II Trimestre,a00110e76dcd
TALLER,VIRTUAL,"Articulación entre el Sistema Nacional de 
Planeamiento Estratégico con el Sistema Nacional de 
Abastecimiento",2026-04-28,2026-04,No especificado,No especificado,Local,MUNICIPALIDAD DISTRITAL DE HUAYUCACHI,Junín,Gobiernos Locales,II Trimestre,1d88d32712ff
TALLER,VIRTUAL,"Articulación entre el Sistema Nacional de 
Planeamiento Estratégico con el Sistema Nacional de 
Abastecimiento",2026-04-28,2026-04,No especificado,No especificado,Local,MUNICIPALIDAD PROVINCIAL DE HUCAYBAMBA ,Huanuco,Gobiernos Locales,II Trimestre,adb33da88303
TALLER,VIRTUAL,"Articulación entre el Sistema Nacional de 
Planeamiento Estratégico con el Sistema Nacional de 
Abastecimiento",2026-04-28,2026-04,No especificado,No especificado,Local,MUNICIPALIDAD PROVINCIAL DE CHUPACA,Junín,Economía y Finanzas,II Trimestre,b10036957ac3
TALLER,VIRTUAL,"Articulación entre el Sistema Nacional de 
Planeamiento Estratégico con el Sistema Nacional de 
Abastecimiento",2026-04-28,2026-04,No especificado,No especificado,Local,MUNICIPALIDAD DISTRITAL DE VILLA RICA,Pasco,Gobiernos Locales,II Trimestre,f6f7d73e7819
TALLER,VIRTUAL,"Articulación entre el Sistema Nacional de 
Planeamiento Estratégico con el Sistema Nacional de 
Abastecimiento",2026-04-28,2026-04,No especificado,No especificado,Regional,UNIDAD EJECUTORA EDUCACION JAUJA,Junín,Educación,II Trimestre,2d832953c378
TALLER,VIRTUAL,"Articulación entre el Sistema Nacional de 
Planeamiento Estratégico con el Sistema Nacional de 
Abastecimiento",2026-04-28,2026-04,No especificado,No especificado,Local,MUNICIPALIDAD PROVINCIAL DE PASCO,Pasco,Gobiernos Locales,II Trimestre,8e95666d0df6
TALLER,VIRTUAL,"Articulación entre el Sistema Nacional de 
Planeamiento Estratégico con el Sistema Nacional de 
Abastecimiento",2026-04-28,2026-04,No especificado,No especificado,Local,MUNICIPALIDAD PROVINCIAL DE OTUZCO,La Libertad,Gobiernos Locales,II Trimestre,7275d94efc20
TALLER,VIRTUAL,"Articulación entre el Sistema Nacional de 
Planeamiento Estratégico con el Sistema Nacional de 
Abastecimiento",2026-04-28,2026-04,No especificado,No especificado,Nacional,UNIVERSIDAD NACIONAL DEL CENTRO DEL PERU,Junín,Educación,II Trimestre,c1cad4699341
TALLER,VIRTUAL,"Articulación entre el Sistema Nacional de 
Planeamiento Estratégico con el Sistema Nacional de 
Abastecimiento",2026-04-28,2026-04,No especificado,No especificado,Local,MUNICIPALIDAD DISTRITAL DE JOSE SABOGAL,Cajamarca,Gobiernos Locales,II Trimestre,fae18833c03d
TALLER,VIRTUAL,"Articulación entre el Sistema Nacional de 
Planeamiento Estratégico con el Sistema Nacional de 
Abastecimiento",2026-04-28,2026-04,No especificado,No especificado,Regional,GOBIERNO REGIONAL JUNIN,Junín,Gobiernos Regionales,II Trimestre,9c83349f4ee1
TALLER,VIRTUAL,"Articulación entre el Sistema Nacional de 
Planeamiento Estratégico con el Sistema Nacional de 
Abastecimiento",2026-04-28,2026-04,No especificado,No especificado,Local,MUNICIPALIDAD PROVINCIAL DE SANTIAGO DE CHUCO,La Libertad,Gobiernos Locales,II Trimestre,ef29381a86d3
TALLER,VIRTUAL,"Articulación entre el Sistema Nacional de 
Planeamiento Estratégico con el Sistema Nacional de 
Abastecimiento",2026-04-28,2026-04,No especificado,No especificado,Nacional,VIII - DIRECCION TERRITORIAL DE POLICIA - HUANCAYO,Junín,Interior,II Trimestre,fb730d73dff8
TALLER,VIRTUAL,"Articulación entre el Sistema Nacional de 
Planeamiento Estratégico con el Sistema Nacional de 
Abastecimiento",2026-04-28,2026-04,No especificado,No especificado,Regional,U.E. 403-SALUD TRUJILLO-SUR OESTE,La Libertad,Salud,II Trimestre,4d3c300b54a8
TALLER,VIRTUAL,"Articulación entre el Sistema Nacional de 
Planeamiento Estratégico con el Sistema Nacional de 
Abastecimiento",2026-04-28,2026-04,No especificado,No especificado,Local,MUNICIPALIDAD DISTRITAL DE POMACOCHA,Huancavelica,Gobiernos Locales,II Trimestre,887149366461
TALLER,VIRTUAL,"Articulación entre el Sistema Nacional de 
Planeamiento Estratégico con el Sistema Nacional de 
Abastecimiento",2026-04-29,2026-04,Femenino,Entre 41 y 50 años,Local,MUNICIPALIDAD DISTRITAL DE YACUS,Huánuco,Gobiernos Locales,II Trimestre,b9402668c001
TALLER,VIRTUAL,"Articulación entre el Sistema Nacional de 
Planeamiento Estratégico con el Sistema Nacional de 
Abastecimiento",2026-04-29,2026-04,Masculino,Entre 20 y 30 años,Local,MUNICIPALIDAD DISTRITAL DE CHALLHUAHUACHO,Apurímac,Gobiernos Locales,II Trimestre,1be24d9956bf
TALLER,VIRTUAL,"Articulación entre el Sistema Nacional de 
Planeamiento Estratégico con el Sistema Nacional de 
Abastecimiento",2026-04-29,2026-04,Femenino,Entre 20 y 30 años,Regional,UNIDAD EJECUTORA 309 EDUCACION LAURICOCHA,Huánuco,Educación,II Trimestre,1d5ebb4f30ee
TALLER,VIRTUAL,"Articulación entre el Sistema Nacional de 
Planeamiento Estratégico con el Sistema Nacional de 
Abastecimiento",2026-04-29,2026-04,Femenino,Entre 31 y 40 años,Local,MUNICIPALIDAD PROVINCIAL DE LEONCIO PRADO - RUPA RUPA,Huánuco,Gobiernos Locales,II Trimestre,ae9daf2c162a
TALLER,VIRTUAL,"Articulación entre el Sistema Nacional de 
Planeamiento Estratégico con el Sistema Nacional de 
Abastecimiento",2026-04-29,2026-04,Masculino,Entre 41 y 50 años,Regional,UNIDAD EJECUTORA 306 EDUCACION UGEL PUERTO INCA,Huánuco,Educación,II Trimestre,15a15232e318
TALLER,VIRTUAL,"Articulación entre el Sistema Nacional de 
Planeamiento Estratégico con el Sistema Nacional de 
Abastecimiento",2026-04-29,2026-04,Femenino,Entre 41 y 50 años,No especificado,CENTRO GUAMAN POMA DE AYALA,Cusco,Otros,II Trimestre,70ca9c97c52c
TALLER,VIRTUAL,"Articulación entre el Sistema Nacional de 
Planeamiento Estratégico con el Sistema Nacional de 
Abastecimiento",2026-04-29,2026-04,Femenino,Entre 20 y 30 años,Regional,DIREC. REGIONAL DE PESQUERIA SAN MARTIN,San Martín,Producción,II Trimestre,b54455a39961
TALLER,VIRTUAL,"Articulación entre el Sistema Nacional de 
Planeamiento Estratégico con el Sistema Nacional de 
Abastecimiento",2026-04-29,2026-04,Masculino,Entre 31 y 40 años,Local,MUNICIPALIDAD DISTRITAL DE JIVIA,Huánuco,Gobiernos Locales,II Trimestre,f7f17bac3877
TALLER,VIRTUAL,"Articulación entre el Sistema Nacional de 
Planeamiento Estratégico con el Sistema Nacional de 
Abastecimiento",2026-04-29,2026-04,Masculino,Entre 31 y 40 años,Local,MUNICIPALIDAD PROVINCIAL DE GRAU,Apurímac,Gobiernos Locales,II Trimestre,5e86b41e440c
TALLER,VIRTUAL,"Articulación entre el Sistema Nacional de 
Planeamiento Estratégico con el Sistema Nacional de 
Abastecimiento",2026-04-29,2026-04,Masculino,Entre 31 y 40 años,Local,MUNICIPALIDAD PROVINCIAL COTABAMBAS - APURIMAC,Apurímac,Gobiernos Locales,II Trimestre,4eadba217aeb
TALLER,VIRTUAL,"Articulación entre el Sistema Nacional de 
Planeamiento Estratégico con el Sistema Nacional de 
Abastecimiento",2026-04-29,2026-04,Femenino,Entre 31 y 40 años,Regional,DIREC. REGIONAL DE PESQUERIA SAN MARTIN,San Martín,Gobiernos Regionales,II Trimestre,e5dcc53cd972
TALLER,VIRTUAL,"Articulación entre el Sistema Nacional de 
Planeamiento Estratégico con el Sistema Nacional de 
Abastecimiento",2026-04-29,2026-04,Femenino,Entre 20 y 30 años,Local,MUNICIPALIDAD DISTRITAL DE YANAS,Huánuco,Gobiernos Locales,II Trimestre,bc11da706c1c
TALLER,VIRTUAL,"Articulación entre el Sistema Nacional de 
Planeamiento Estratégico con el Sistema Nacional de 
Abastecimiento",2026-04-29,2026-04,Masculino,Entre 41 y 50 años,Local,MUNICIPALIDAD DISTRITAL DE CASTILLO GRANDE,Huánuco,Gobiernos Locales,II Trimestre,e9b808a159fb
TALLER,VIRTUAL,"Articulación entre el Sistema Nacional de 
Planeamiento Estratégico con el Sistema Nacional de 
Abastecimiento",2026-04-29,2026-04,Masculino,Entre 31 y 40 años,Local,MUNICIPALIDAD DISTRITAL DE UCHIZA,San Martín,Gobiernos Locales,II Trimestre,749bb080792f
TALLER,VIRTUAL,"Articulación entre el Sistema Nacional de 
Planeamiento Estratégico con el Sistema Nacional de 
Abastecimiento",2026-04-29,2026-04,Masculino,Entre 20 y 30 años,Regional,UNIDAD EJECUTORA 308 EDUCACION ANTABAMBA,Apurímac,Educación,II Trimestre,594dd82281ca
TALLER,VIRTUAL,"Articulación entre el Sistema Nacional de 
Planeamiento Estratégico con el Sistema Nacional de 
Abastecimiento",2026-04-29,2026-04,Femenino,Entre 20 y 30 años,Local,MUNICIPALIDAD DISTRITAL DE HUANIPACA,Apurímac,Gobiernos Locales,II Trimestre,3eab60a5cceb
TALLER,VIRTUAL,"Articulación entre el Sistema Nacional de 
Planeamiento Estratégico con el Sistema Nacional de 
Abastecimiento",2026-04-29,2026-04,Masculino,Entre 20 y 30 años,Local,MUNICIPALIDAD PROVINCIAL DE CUTERVO,Cajamarca,Gobiernos Locales,II Trimestre,b7335df690a2
TALLER,VIRTUAL,"Articulación entre el Sistema Nacional de 
Planeamiento Estratégico con el Sistema Nacional de 
Abastecimiento",2026-04-29,2026-04,Femenino,Entre 41 y 50 años,Regional,UNIDAD EJECUTORA 302 EDUCACION LEONCIO PRADO,Huánuco,Educación,II Trimestre,52c419f9cdb6
TALLER,VIRTUAL,"Articulación entre el Sistema Nacional de 
Planeamiento Estratégico con el Sistema Nacional de 
Abastecimiento",2026-04-29,2026-04,Femenino,Entre 31 y 40 años,Local,MUNICIPALIDAD DISTRITAL DE CHACOCHE,Lima,Economía y Finanzas,II Trimestre,661aab9d23af
TALLER,VIRTUAL,"Articulación entre el Sistema Nacional de 
Planeamiento Estratégico con el Sistema Nacional de 
Abastecimiento",2026-04-29,2026-04,Femenino,Entre 31 y 40 años,Regional,HOSPITAL SUB-REGIONAL DE ANDAHUAYLAS,Apurímac,Salud,II Trimestre,4d2e0493b903
TALLER,VIRTUAL,"Articulación entre el Sistema Nacional de 
Planeamiento Estratégico con el Sistema Nacional de 
Abastecimiento",2026-04-29,2026-04,Femenino,Entre 31 y 40 años,Local,MUNICIPALIDAD PROVINCIAL DE ANDAHUAYLAS,Apurímac,Gobiernos Locales,II Trimestre,60c921706776
TALLER,VIRTUAL,"Articulación entre el Sistema Nacional de 
Planeamiento Estratégico con el Sistema Nacional de 
Abastecimiento",2026-04-29,2026-04,Femenino,No deseo proporcionar mi rango de edad,Local,MUNICIPALIDAD DISTRITAL DE CARAYBAMBA,Apurímac,Gobiernos Locales,II Trimestre,44a795a1b062
TALLER,VIRTUAL,"Articulación entre el Sistema Nacional de 
Planeamiento Estratégico con el Sistema Nacional de 
Abastecimiento",2026-04-29,2026-04,Femenino,Entre 31 y 40 años,Regional,UNIDAD EJECUTORA 309 EDUCACION LAURICOCHA,Huánuco,Educación,II Trimestre,a3f799588b39
TALLER,VIRTUAL,"Articulación entre el Sistema Nacional de 
Planeamiento Estratégico con el Sistema Nacional de 
Abastecimiento",2026-04-29,2026-04,Femenino,Entre 51 y 60 años,Regional,DIREC.SUB.REG TRANS Y COMUN.CHANKA-ANDAH,Apurímac,Transportes y Comunicaciones,II Trimestre,b7f6dfe75851
TALLER,VIRTUAL,"Articulación entre el Sistema Nacional de 
Planeamiento Estratégico con el Sistema Nacional de 
Abastecimiento",2026-04-29,2026-04,Femenino,Entre 31 y 40 años,Regional,Proyecto Especial Regional Pasto Grande,Moquegua,Agricultura y Riego,II Trimestre,a4e16aa120f2
TALLER,VIRTUAL,"Articulación entre el Sistema Nacional de 
Planeamiento Estratégico con el Sistema Nacional de 
Abastecimiento",2026-04-29,2026-04,Femenino,Entre 20 y 30 años,Regional,UNIDAD DE GESTIóN EDUCATIVA LOCAL HUANCARAMA,Apurímac,Educación,II Trimestre,ab545183469a
TALLER,VIRTUAL,"Articulación entre el Sistema Nacional de 
Planeamiento Estratégico con el Sistema Nacional de 
Abastecimiento",2026-04-29,2026-04,Masculino,Entre 41 y 50 años,Regional,PROYECTO ESPECIAL HUALLAGA CENTRAL Y BAJO MAYO,San Martín,Gobiernos Regionales,II Trimestre,cc950cf82f61
TALLER,VIRTUAL,"Articulación entre el Sistema Nacional de 
Planeamiento Estratégico con el Sistema Nacional de 
Abastecimiento",2026-04-29,2026-04,Femenino,Entre 31 y 40 años,Nacional,MINISTERIO PÚBLICO-GERENCIA ADMINISTRATIVA DE SAN MARTÍN,San Martín,Ministerio Público,II Trimestre,692b8c9b189b
TALLER,VIRTUAL,"Articulación entre el Sistema Nacional de 
Planeamiento Estratégico con el Sistema Nacional de 
Abastecimiento",2026-04-29,2026-04,Masculino,Entre 41 y 50 años,Local,MUNICIPALIDAD PROVINCIAL DE LEONCIO PRADO - RUPA RUPA,Huánuco,Gobiernos Locales,II Trimestre,be13e207272d
TALLER,VIRTUAL,"Articulación entre el Sistema Nacional de 
Planeamiento Estratégico con el Sistema Nacional de 
Abastecimiento",2026-04-29,2026-04,Femenino,Entre 31 y 40 años,Local,MUNICIPALIDAD DISTRITAL DE TURPO,Apurímac,Gobiernos Locales,II Trimestre,b39b7072898a
TALLER,VIRTUAL,"Articulación entre el Sistema Nacional de 
Planeamiento Estratégico con el Sistema Nacional de 
Abastecimiento",2026-04-29,2026-04,Masculino,Entre 31 y 40 años,Local,MUNICIPALIDAD DISTRITAL DE SAN MIGUEL DE CAURI,Huánuco,Gobiernos Locales,II Trimestre,bbc688888900
TALLER,VIRTUAL,"Articulación entre el Sistema Nacional de 
Planeamiento Estratégico con el Sistema Nacional de 
Abastecimiento",2026-04-29,2026-04,Masculino,Entre 31 y 40 años,Regional,PROYECTO ESPECIAL HUALLAGA CENTRAL Y BAJO MAYO,San Martín,Gobiernos Regionales,II Trimestre,2eb02418e8b4
TALLER,VIRTUAL,"Articulación entre el Sistema Nacional de 
Planeamiento Estratégico con el Sistema Nacional de 
Abastecimiento",2026-04-29,2026-04,Masculino,Entre 31 y 40 años,Nacional,MINISTERIO DE ECONOMÍA Y FINANZAS,San Martín,Economía y Finanzas,II Trimestre,ef8bcd970079
TALLER,VIRTUAL,"Articulación entre el Sistema Nacional de 
Planeamiento Estratégico con el Sistema Nacional de 
Abastecimiento",2026-04-29,2026-04,Masculino,Entre 31 y 40 años,Regional,PROYECTO ESPECIAL HUALLAGA CENTRAL Y BAJO MAYO,San Martín,Gobiernos Regionales,II Trimestre,a53dbd85471b
TALLER,VIRTUAL,"Articulación entre el Sistema Nacional de 
Planeamiento Estratégico con el Sistema Nacional de 
Abastecimiento",2026-04-29,2026-04,Femenino,Entre 20 y 30 años,Local,MUNICIPALIDAD DISTRITAL DE CHACABAMBA,Huánuco,Gobiernos Locales,II Trimestre,3c77d92b9f0b
TALLER,VIRTUAL,"Articulación entre el Sistema Nacional de 
Planeamiento Estratégico con el Sistema Nacional de 
Abastecimiento",2026-04-29,2026-04,Masculino,Mayor a 61 años,Local,MUNICIPALIDAD PROVINCIAL DE CHINCHEROS,Apurímac,Gobiernos Locales,II Trimestre,87dc569f93dc
TALLER,VIRTUAL,"Articulación entre el Sistema Nacional de 
Planeamiento Estratégico con el Sistema Nacional de 
Abastecimiento",2026-04-29,2026-04,Femenino,Entre 31 y 40 años,Regional,DIRECCION REGIONAL DE EDUCACION Y CULTUR,Huánuco,Educación,II Trimestre,268b9018c1a6
TALLER,VIRTUAL,"Articulación entre el Sistema Nacional de 
Planeamiento Estratégico con el Sistema Nacional de 
Abastecimiento",2026-04-29,2026-04,Femenino,Entre 51 y 60 años,Regional,DIRECCION REGIONAL DE EDUCACION Y CULTUR,Huánuco,Educación,II Trimestre,c025c5914278
TALLER,VIRTUAL,"Articulación entre el Sistema Nacional de 
Planeamiento Estratégico con el Sistema Nacional de 
Abastecimiento",2026-04-29,2026-04,Masculino,Entre 41 y 50 años,Regional,UNIDAD EJECUTORA 302 EDUCACION LEONCIO PRADO,Huánuco,Otros,II Trimestre,42aa29d45089
TALLER,VIRTUAL,"Articulación entre el Sistema Nacional de 
Planeamiento Estratégico con el Sistema Nacional de 
Abastecimiento",2026-04-29,2026-04,Femenino,Entre 51 y 60 años,Regional,REGION CUSCO - EDUCACION QUISPICANCHI,Cusco,Educación,II Trimestre,ba579072e2ab
TALLER,VIRTUAL,"Articulación entre el Sistema Nacional de 
Planeamiento Estratégico con el Sistema Nacional de 
Abastecimiento",2026-04-29,2026-04,Femenino,Entre 41 y 50 años,Local,MUNICIPALIDAD DISTRITAL DE ALONSO DE ALVARADO,San Martín,Gobiernos Locales,II Trimestre,29b8b86a214b
TALLER,VIRTUAL,"Articulación entre el Sistema Nacional de 
Planeamiento Estratégico con el Sistema Nacional de 
Abastecimiento",2026-04-29,2026-04,Masculino,Entre 31 y 40 años,Regional,UNIDAD EJECUTORA 310 EDUCACION YAROWILCA,Huánuco,Educación,II Trimestre,e775cce74e30
TALLER,VIRTUAL,"Articulación entre el Sistema Nacional de 
Planeamiento Estratégico con el Sistema Nacional de 
Abastecimiento",2026-04-29,2026-04,Femenino,Entre 31 y 40 años,Regional,UNIDAD DE GESTIÓN EDUCATIVA LOCAL DE ABANCAY,Apurímac,Educación,II Trimestre,7028424dde45
TALLER,VIRTUAL,"Articulación entre el Sistema Nacional de 
Planeamiento Estratégico con el Sistema Nacional de 
Abastecimiento",2026-04-29,2026-04,Masculino,Entre 41 y 50 años,Local,MUNICIPALIDAD DISTRITAL DE ALBERTO LEVEAU,San Martín,Gobiernos Locales,II Trimestre,31b16bac1913
TALLER,VIRTUAL,"Articulación entre el Sistema Nacional de 
Planeamiento Estratégico con el Sistema Nacional de 
Abastecimiento",2026-04-29,2026-04,Femenino,Entre 20 y 30 años,Regional,PROYECTO ESPECIAL HUALLAGA CENTRAL Y BAJO MAYO,San Martín,Gobiernos Regionales,II Trimestre,b306fa853aec
TALLER,VIRTUAL,"Articulación entre el Sistema Nacional de 
Planeamiento Estratégico con el Sistema Nacional de 
Abastecimiento",2026-04-29,2026-04,Masculino,Entre 20 y 30 años,Nacional,UNIVERSIDAD NACIONAL AGRARIA DE LA SELVA,Huánuco,Educación,II Trimestre,6360592fbebe
TALLER,VIRTUAL,"Articulación entre el Sistema Nacional de 
Planeamiento Estratégico con el Sistema Nacional de 
Abastecimiento",2026-04-29,2026-04,Masculino,Entre 20 y 30 años,Regional,GOBIERNO REGIONAL HUANUCO,Huánuco,Gobiernos Regionales,II Trimestre,a1a6864b4a9e
TALLER,VIRTUAL,"Articulación entre el Sistema Nacional de 
Planeamiento Estratégico con el Sistema Nacional de 
Abastecimiento",2026-04-29,2026-04,Femenino,Entre 41 y 50 años,Nacional,ZONA REGISTRAL N° III,San Martín,Justicia y Derechos Humanos,II Trimestre,27387e076eeb
TALLER,VIRTUAL,"Articulación entre el Sistema Nacional de 
Planeamiento Estratégico con el Sistema Nacional de 
Abastecimiento",2026-04-29,2026-04,Femenino,Entre 31 y 40 años,Regional,UNIDAD DE GESTION EDUCATIVA LOCAL DE RIOJA,San Martín,Gobiernos Regionales,II Trimestre,0fa1c2a718b9
TALLER,VIRTUAL,"Articulación entre el Sistema Nacional de 
Planeamiento Estratégico con el Sistema Nacional de 
Abastecimiento",2026-04-29,2026-04,Femenino,Mayor a 61 años,Regional,DIRECCION REGIONAL DE EDUCACION Y CULTUR,Huánuco,Educación,II Trimestre,016d0f578b53
TALLER,VIRTUAL,"Articulación entre el Sistema Nacional de 
Planeamiento Estratégico con el Sistema Nacional de 
Abastecimiento",2026-04-29,2026-04,Femenino,Entre 31 y 40 años,Nacional,MINISTERIO PÚBLICO-GERENCIA ADMINISTRATIVA DE SAN MARTÍN,San Martín,Ministerio Público,II Trimestre,4c798719cfdd
TALLER,VIRTUAL,"Articulación entre el Sistema Nacional de 
Planeamiento Estratégico con el Sistema Nacional de 
Abastecimiento",2026-04-29,2026-04,Masculino,Entre 31 y 40 años,Regional,DIREC. REGIONAL DE PESQUERIA SAN MARTIN,San Martín,Producción,II Trimestre,f006271c71f9
TALLER,VIRTUAL,"Articulación entre el Sistema Nacional de 
Planeamiento Estratégico con el Sistema Nacional de 
Abastecimiento",2026-04-29,2026-04,Masculino,Entre 31 y 40 años,Nacional,CORTE SUPERIOR DE JUSTICIA DE SAN MARTIN,San Martín,Poder Judicial,II Trimestre,c293a2820fdb
TALLER,VIRTUAL,"Articulación entre el Sistema Nacional de 
Planeamiento Estratégico con el Sistema Nacional de 
Abastecimiento",2026-04-29,2026-04,Femenino,Entre 41 y 50 años,Local,MUNICIPALIDAD PROVINCIAL DE OXAPAMPA,Pasco,Otros,II Trimestre,14c2f35b6259
TALLER,VIRTUAL,"Articulación entre el Sistema Nacional de 
Planeamiento Estratégico con el Sistema Nacional de 
Abastecimiento",2026-04-29,2026-04,Masculino,Entre 20 y 30 años,Local,MUNICIPALIDAD PROVINCIAL DE AYMARAES,Apurímac,Gobiernos Locales,II Trimestre,26fb171a637e
TALLER,VIRTUAL,"Articulación entre el Sistema Nacional de 
Planeamiento Estratégico con el Sistema Nacional de 
Abastecimiento",2026-04-29,2026-04,Femenino,Mayor a 61 años,Regional,GERENCIA SUB REGIONAL CHANKA,Apurímac,Gobiernos Regionales,II Trimestre,bfaa10ba64b3
TALLER,VIRTUAL,"Articulación entre el Sistema Nacional de 
Planeamiento Estratégico con el Sistema Nacional de 
Abastecimiento",2026-04-29,2026-04,Femenino,Entre 20 y 30 años,Local,MUNICIPALIDAD DISTRITAL DE CHAGLLA,Huánuco,Otros,II Trimestre,d518fdcfe9d2
TALLER,VIRTUAL,"Articulación entre el Sistema Nacional de 
Planeamiento Estratégico con el Sistema Nacional de 
Abastecimiento",2026-04-30,2026-04,Masculino,Entre 20 y 30 años,Regional,GOBIERNO REGIONAL CUSCO,Cusco,Gobiernos Regionales,II Trimestre,65c6fa4738b7
TALLER,VIRTUAL,"Articulación entre el Sistema Nacional de 
Planeamiento Estratégico con el Sistema Nacional de 
Abastecimiento",2026-04-30,2026-04,Masculino,Entre 31 y 40 años,Local,MUNICIPALIDAD DISTRITAL DE YANATILE CALC,Cusco,Gobiernos Locales,II Trimestre,cce9f8f09938
TALLER,VIRTUAL,"Articulación entre el Sistema Nacional de 
Planeamiento Estratégico con el Sistema Nacional de 
Abastecimiento",2026-04-30,2026-04,Masculino,Entre 41 y 50 años,Local,MUNICIPALIDAD DISTRITAL DE SAN JERONIMO,Cusco,Gobiernos Locales,II Trimestre,621e8f3c7bb9
TALLER,VIRTUAL,"Articulación entre el Sistema Nacional de 
Planeamiento Estratégico con el Sistema Nacional de 
Abastecimiento",2026-04-30,2026-04,Femenino,Entre 20 y 30 años,Local,MUNICIPALIDAD DISTRITAL DE PANGOA,Junín,Gobiernos Locales,II Trimestre,440274c833fd
TALLER,VIRTUAL,"Articulación entre el Sistema Nacional de 
Planeamiento Estratégico con el Sistema Nacional de 
Abastecimiento",2026-04-30,2026-04,Masculino,Entre 51 y 60 años,Regional,"HOSPITAL ""VICTOR RAMOS GUARDIA"" NIVEL II-2- HUARAZ",Ancash,Salud,II Trimestre,f95037ed92f2
TALLER,VIRTUAL,"Articulación entre el Sistema Nacional de 
Planeamiento Estratégico con el Sistema Nacional de 
Abastecimiento",2026-04-30,2026-04,Femenino,Mayor a 61 años,Regional,UNIDAD DE GESTION EDUCATIVA LOCAL DE RECUAY,Ancash,Educación,II Trimestre,508ea7879621
TALLER,VIRTUAL,"Articulación entre el Sistema Nacional de 
Planeamiento Estratégico con el Sistema Nacional de 
Abastecimiento",2026-04-30,2026-04,Femenino,Entre 31 y 40 años,Local,MUNICIPALIDAD PROVINCIAL DE PAUCARTAMBO,Cusco,Gobiernos Locales,II Trimestre,111c6ad8fd2b
TALLER,VIRTUAL,"Articulación entre el Sistema Nacional de 
Planeamiento Estratégico con el Sistema Nacional de 
Abastecimiento",2026-04-30,2026-04,Masculino,Entre 41 y 50 años,Regional,DIRECCION DE RED DE SALUD HUAYLAS SUR,Ancash,Salud,II Trimestre,b7fd59f9e662
TALLER,VIRTUAL,"Articulación entre el Sistema Nacional de 
Planeamiento Estratégico con el Sistema Nacional de 
Abastecimiento",2026-04-30,2026-04,Femenino,Mayor a 61 años,Regional,PARTICULAR,Ancash,Educación,II Trimestre,190b61da9ef8
TALLER,VIRTUAL,"Articulación entre el Sistema Nacional de 
Planeamiento Estratégico con el Sistema Nacional de 
Abastecimiento",2026-04-30,2026-04,Femenino,Entre 31 y 40 años,Nacional,INSTITUTO NACIONAL DE INVESTIGACION EN GLACIARES Y ECOSISTEMAS DE MONTAÑA,Ancash,Ambiente,II Trimestre,71b348d44128
TALLER,VIRTUAL,"Articulación entre el Sistema Nacional de 
Planeamiento Estratégico con el Sistema Nacional de 
Abastecimiento",2026-04-30,2026-04,Masculino,Entre 31 y 40 años,Nacional,INSTITUTO NACIONAL DE INVESTIGACION EN GLACIARES Y ECOSISTEMAS DE MONTAÑA,Ancash,Ambiente,II Trimestre,ec612158271e
TALLER,VIRTUAL,"Articulación entre el Sistema Nacional de 
Planeamiento Estratégico con el Sistema Nacional de 
Abastecimiento",2026-04-30,2026-04,Masculino,Entre 41 y 50 años,Local,MUNICIPALIDAD PROVINCIAL DE HUACAYBAMBA ,Huánuco,Gobiernos Locales,II Trimestre,adb33da88303
TALLER,VIRTUAL,"Articulación entre el Sistema Nacional de 
Planeamiento Estratégico con el Sistema Nacional de 
Abastecimiento",2026-04-30,2026-04,Masculino,Entre 41 y 50 años,Local,MUNICIPALIDAD DISTRITAL DE MUSGA,Ancash,Gobiernos Locales,II Trimestre,2372cd3f6c4d
TALLER,VIRTUAL,"Articulación entre el Sistema Nacional de 
Planeamiento Estratégico con el Sistema Nacional de 
Abastecimiento",2026-04-30,2026-04,Femenino,Entre 31 y 40 años,Local,MUNICIPALIDAD DISTRITAL DE MARA ,Apurímac,Gobiernos Locales,II Trimestre,c127f62af298
TALLER,VIRTUAL,"Articulación entre el Sistema Nacional de 
Planeamiento Estratégico con el Sistema Nacional de 
Abastecimiento",2026-04-30,2026-04,Masculino,Entre 41 y 50 años,Nacional,ZONA REGISTRAL N° X,Cusco,Justicia y Derechos Humanos,II Trimestre,ac238a42f87d
TALLER,VIRTUAL,"Articulación entre el Sistema Nacional de 
Planeamiento Estratégico con el Sistema Nacional de 
Abastecimiento",2026-04-30,2026-04,Femenino,Mayor a 61 años,Regional,DIRECCION REGIONAL DE EDUCACION DE ANCASH,Ancash,Educación,II Trimestre,044a10807035
TALLER,VIRTUAL,"Articulación entre el Sistema Nacional de 
Planeamiento Estratégico con el Sistema Nacional de 
Abastecimiento",2026-04-30,2026-04,Masculino,Entre 31 y 40 años,Local,MUNICIPALIDAD PROVINCIAL DE CASMA,Ancash,Gobiernos Locales,II Trimestre,99e449e1f834
TALLER,VIRTUAL,"Articulación entre el Sistema Nacional de 
Planeamiento Estratégico con el Sistema Nacional de 
Abastecimiento",2026-04-30,2026-04,Masculino,Entre 31 y 40 años,Local,MUNICIPALIDAD PROVINCIAL DE YUNGAY,Ancash,Gobiernos Locales,II Trimestre,11115cba49e6
TALLER,VIRTUAL,"Articulación entre el Sistema Nacional de 
Planeamiento Estratégico con el Sistema Nacional de 
Abastecimiento",2026-04-30,2026-04,Femenino,Entre 20 y 30 años,Nacional,ZONA REGISTRAL N° X,Cusco,Justicia y Derechos Humanos,II Trimestre,fa91183635d8
TALLER,VIRTUAL,"Articulación entre el Sistema Nacional de 
Planeamiento Estratégico con el Sistema Nacional de 
Abastecimiento",2026-04-30,2026-04,Femenino,Entre 31 y 40 años,Local,MUNICIPALIDAD PROVINCIAL DE HUAYLAS,Ancash,Gobiernos Locales,II Trimestre,623a2db3f650
TALLER,VIRTUAL,"Articulación entre el Sistema Nacional de 
Planeamiento Estratégico con el Sistema Nacional de 
Abastecimiento",2026-04-30,2026-04,Masculino,Entre 20 y 30 años,Nacional,UNIDAD DE GESTION DE APOYO AL DESARROLLO SOSTENIBLE DEL VRAEM,Cusco,Presidencia del Consejo de Ministros,II Trimestre,08e5cc3269a6
TALLER,VIRTUAL,"Articulación entre el Sistema Nacional de 
Planeamiento Estratégico con el Sistema Nacional de 
Abastecimiento",2026-04-30,2026-04,Masculino,Entre 31 y 40 años,Local,MUNICIPALIDAD DISTRITAL DE COCHABAMBA,Ancash,Gobiernos Locales,II Trimestre,b0db0031c931
TALLER,VIRTUAL,"Articulación entre el Sistema Nacional de 
Planeamiento Estratégico con el Sistema Nacional de 
Abastecimiento",2026-04-30,2026-04,Masculino,Entre 51 y 60 años,Nacional,JEFATURA DE LA X-RPNP-CUSCO,Cusco,Interior,II Trimestre,69f734d87bfb
TALLER,VIRTUAL,"Articulación entre el Sistema Nacional de 
Planeamiento Estratégico con el Sistema Nacional de 
Abastecimiento",2026-04-30,2026-04,Masculino,Entre 20 y 30 años,Local,MUNICIPALIDAD PROVINCIAL DE CUTERVO,Cajamarca,Gobiernos Locales,II Trimestre,b7335df690a2
TALLER,VIRTUAL,"Articulación entre el Sistema Nacional de 
Planeamiento Estratégico con el Sistema Nacional de 
Abastecimiento",2026-04-30,2026-04,Masculino,Entre 51 y 60 años,Local,MUNICIPALIDAD DISTRITAL DE LONYA GRANDE,Amazonas,Gobiernos Locales,II Trimestre,9a952ca174c5
TALLER,VIRTUAL,"Articulación entre el Sistema Nacional de 
Planeamiento Estratégico con el Sistema Nacional de 
Abastecimiento",2026-04-30,2026-04,Femenino,Entre 51 y 60 años,Regional,UNIDAD EJECUTORA 0743 REGIÓN ANCASH SALUD LA CALETA,Ancash,Salud,II Trimestre,5c2920b07d6f
TALLER,VIRTUAL,"Articulación entre el Sistema Nacional de 
Planeamiento Estratégico con el Sistema Nacional de 
Abastecimiento",2026-04-30,2026-04,Femenino,Entre 20 y 30 años,Local,Municipalidad Provincial de Ambo ,Huánuco,Otros,II Trimestre,ef865d2396d0
TALLER,VIRTUAL,"Articulación entre el Sistema Nacional de 
Planeamiento Estratégico con el Sistema Nacional de 
Abastecimiento",2026-04-30,2026-04,Masculino,Mayor a 61 años,Regional,UNIDAD DE GESTION EDUCATIVA LOCAL DE YUNGAY,Ancash,Educación,II Trimestre,433a66de0e25
TALLER,VIRTUAL,"Articulación entre el Sistema Nacional de 
Planeamiento Estratégico con el Sistema Nacional de 
Abastecimiento",2026-04-30,2026-04,Femenino,Entre 31 y 40 años,Nacional,ZONA REGISTRAL N° VII,Ancash,Justicia y Derechos Humanos,II Trimestre,711e1297e4a1
TALLER,VIRTUAL,"Articulación entre el Sistema Nacional de 
Planeamiento Estratégico con el Sistema Nacional de 
Abastecimiento",2026-04-30,2026-04,Masculino,Entre 41 y 50 años,Local,MUNICIPALIDAD DISTRITAL DE BUENAVISTA,Ancash,Gobiernos Locales,II Trimestre,ae747d5f675c
TALLER,VIRTUAL,"Articulación entre el Sistema Nacional de 
Planeamiento Estratégico con el Sistema Nacional de 
Abastecimiento",2026-04-30,2026-04,Femenino,Entre 20 y 30 años,Local,MUNICIPALIDAD DISTRITAL DE MARAS,Cusco,Gobiernos Locales,II Trimestre,282ea12b0226
TALLER,VIRTUAL,"Articulación entre el Sistema Nacional de 
Planeamiento Estratégico con el Sistema Nacional de 
Abastecimiento",2026-04-30,2026-04,Femenino,Entre 20 y 30 años,Local,MUNICIPALIDAD DISTRITAL DE SAN MARCOS,Ancash,Gobiernos Locales,II Trimestre,5f92ac74c364
TALLER,VIRTUAL,"Articulación entre el Sistema Nacional de 
Planeamiento Estratégico con el Sistema Nacional de 
Abastecimiento",2026-04-30,2026-04,Femenino,Entre 51 y 60 años,Regional,GOBIERNO REGIONAL DE JUNIN,Junín,Gobiernos Regionales,II Trimestre,42c7f4a4b1f8
TALLER,VIRTUAL,"Articulación entre el Sistema Nacional de 
Planeamiento Estratégico con el Sistema Nacional de 
Abastecimiento",2026-04-30,2026-04,Femenino,Entre 31 y 40 años,Regional,GOBIERNO REGIONAL DE ANCASH,Ancash,Gobiernos Regionales,II Trimestre,f4fa6edc186d
TALLER,VIRTUAL,"Articulación entre el Sistema Nacional de 
Planeamiento Estratégico con el Sistema Nacional de 
Abastecimiento",2026-04-30,2026-04,Femenino,Entre 41 y 50 años,Regional,INSTITUTO DE MANEJO DE AGUA Y MEDIO AMBI,Cusco,Gobiernos Regionales,II Trimestre,7b00adf6acfd
TALLER,VIRTUAL,"Articulación entre el Sistema Nacional de 
Planeamiento Estratégico con el Sistema Nacional de 
Abastecimiento",2026-04-30,2026-04,Masculino,Entre 31 y 40 años,Local,MUNICIPALIDAD DISTRITAL DE TINTA,Cusco,Gobiernos Locales,II Trimestre,99e5f2b2f609
TALLER,VIRTUAL,"Articulación entre el Sistema Nacional de 
Planeamiento Estratégico con el Sistema Nacional de 
Abastecimiento",2026-04-30,2026-04,Masculino,Entre 20 y 30 años,Local,MUNICIPALIDAD DISTRITAL DE HUANCARANI,Cusco,Gobiernos Locales,II Trimestre,a0bada78b2d3
TALLER,VIRTUAL,"Articulación entre el Sistema Nacional de 
Planeamiento Estratégico con el Sistema Nacional de 
Abastecimiento",2026-04-30,2026-04,Masculino,Entre 41 y 50 años,Nacional,CORTE SUPERIOR DE JUSTICIA DE ANCASH,Ancash,Poder Judicial,II Trimestre,aec5a3fd050f
TALLER,VIRTUAL,"Articulación entre el Sistema Nacional de 
Planeamiento Estratégico con el Sistema Nacional de 
Abastecimiento",2026-04-30,2026-04,Masculino,Entre 20 y 30 años,Regional,PARTICULAR,Ancash,Educación,II Trimestre,5f9dcf56f001
TALLER,VIRTUAL,"Articulación entre el Sistema Nacional de 
Planeamiento Estratégico con el Sistema Nacional de 
Abastecimiento",2026-04-30,2026-04,Masculino,Entre 20 y 30 años,Nacional,"UNIDAD EJECUTORA 010: CHANKILLO, CUNA DE LA ASTRONOMIA EN CASMA Y NEPEÑA",Lima,Cultura,II Trimestre,4a337636fd97
TALLER,VIRTUAL,"Articulación entre el Sistema Nacional de 
Planeamiento Estratégico con el Sistema Nacional de 
Abastecimiento",2026-04-30,2026-04,Femenino,Entre 31 y 40 años,Regional,OFIC.SUB REGIONAL SUB REGION PACIFICO,Ancash,Otros,II Trimestre,cef7748b93e0
TALLER,VIRTUAL,"Articulación entre el Sistema Nacional de 
Planeamiento Estratégico con el Sistema Nacional de 
Abastecimiento",2026-04-30,2026-04,Femenino,Entre 31 y 40 años,Regional,Proyecto Especial Regional Pasto Grande,Moquegua,Agricultura y Riego,II Trimestre,a4e16aa120f2
TALLER,VIRTUAL,"Articulación entre el Sistema Nacional de 
Planeamiento Estratégico con el Sistema Nacional de 
Abastecimiento",2026-04-30,2026-04,Masculino,Entre 41 y 50 años,Regional,TERMINAL PORTUARIO DE CHIMBOTE,Ancash,Gobiernos Regionales,II Trimestre,d23fa6967b07
TALLER,VIRTUAL,"Articulación entre el Sistema Nacional de 
Planeamiento Estratégico con el Sistema Nacional de 
Abastecimiento",2026-04-30,2026-04,Femenino,Entre 41 y 50 años,Local,MUNICIPALIDAD DISTRITAL DE PISAC,Cusco,Gobiernos Locales,II Trimestre,b4f14289be59
TALLER,VIRTUAL,"Articulación entre el Sistema Nacional de 
Planeamiento Estratégico con el Sistema Nacional de 
Abastecimiento",2026-04-30,2026-04,Masculino,Entre 41 y 50 años,Local,MUNICIPALIDAD PROVINCIAL DE PARURO,Cusco,Gobiernos Locales,II Trimestre,83c989c0f406
TALLER,VIRTUAL,"Articulación entre el Sistema Nacional de 
Planeamiento Estratégico con el Sistema Nacional de 
Abastecimiento",2026-04-30,2026-04,Femenino,Entre 20 y 30 años,Local,MUNICIPALIDAD DISTRITAL DE HUALLANCA,Ancash,Otros,II Trimestre,b28c401d5b2f
TALLER,VIRTUAL,"Articulación entre el Sistema Nacional de 
Planeamiento Estratégico con el Sistema Nacional de 
Abastecimiento",2026-04-30,2026-04,Femenino,Entre 31 y 40 años,Local,MUNICIPALIDAD PROVINCIAL DE YUNGAY,Ancash,Gobiernos Locales,II Trimestre,982b8239423d
TALLER,VIRTUAL,"Articulación entre el Sistema Nacional de 
Planeamiento Estratégico con el Sistema Nacional de 
Abastecimiento",2026-04-30,2026-04,Masculino,Entre 31 y 40 años,Regional,GOBIERNO REGIONAL DE ANCASH,Ancash,Gobiernos Regionales,II Trimestre,5e96213f2587
TALLER,VIRTUAL,"Articulación entre el Sistema Nacional de 
Planeamiento Estratégico con el Sistema Nacional de 
Abastecimiento",2026-04-30,2026-04,Masculino,Entre 41 y 50 años,Regional,DIRECCION DE RED DE SALUD HUAYLAS NORTE,Ancash,Salud,II Trimestre,9e5972766a67
TALLER,VIRTUAL,"Articulación entre el Sistema Nacional de 
Planeamiento Estratégico con el Sistema Nacional de 
Abastecimiento",2026-04-30,2026-04,Femenino,Entre 51 y 60 años,Regional,INSTITUTO DE MANEJO DE AGUA Y MEDIO AMBI,Cusco,Gobiernos Regionales,II Trimestre,5973ba982408
TALLER,VIRTUAL,"Articulación entre el Sistema Nacional de 
Planeamiento Estratégico con el Sistema Nacional de 
Abastecimiento",2026-04-30,2026-04,Femenino,Entre 41 y 50 años,Regional,UNIDAD EJECUTORA 012: CHAVÍN DE HUÁNTAR,Ancash,Cultura,II Trimestre,dda4a4b099a2
TALLER,VIRTUAL,"Articulación entre el Sistema Nacional de 
Planeamiento Estratégico con el Sistema Nacional de 
Abastecimiento",2026-04-30,2026-04,Masculino,Entre 31 y 40 años,Local,MUNICIPALIDAD DISTRITAL DE CAPACMARCA,Cusco,Gobiernos Locales,II Trimestre,eb250576aab8
TALLER,VIRTUAL,"Articulación entre el Sistema Nacional de 
Planeamiento Estratégico con el Sistema Nacional de 
Abastecimiento",2026-04-30,2026-04,Femenino,Entre 20 y 30 años,Local,MUNICIPALIDAD DISTRITAL DE HUAYAN,Ancash,Gobiernos Locales,II Trimestre,d1f25cdde93d
TALLER,VIRTUAL,"Articulación entre el Sistema Nacional de 
Planeamiento Estratégico con el Sistema Nacional de 
Abastecimiento",2026-04-30,2026-04,Masculino,Entre 41 y 50 años,Local,MUNICIPALIDAD DISTRITAL DE PIRA,Ancash,Gobiernos Locales,II Trimestre,dcdda71cae12
TALLER,VIRTUAL,"Articulación entre el Sistema Nacional de 
Planeamiento Estratégico con el Sistema Nacional de 
Abastecimiento",2026-04-30,2026-04,Femenino,Entre 31 y 40 años,Local,Municipalidad distrital de Pichanaqui ,Junín,Gobiernos Locales,II Trimestre,a00110e76dcd
TALLER,VIRTUAL,"Articulación entre el Sistema Nacional de 
Planeamiento Estratégico con el Sistema Nacional de 
Abastecimiento",2026-04-30,2026-04,Femenino,Entre 31 y 40 años,Regional,AUTORIDAD PORTUARIA REGIONAL DE ANCASH,Ancash,Gobiernos Regionales,II Trimestre,8f50ffc296ad
TALLER,VIRTUAL,"Articulación entre el Sistema Nacional de 
Planeamiento Estratégico con el Sistema Nacional de 
Abastecimiento",2026-04-30,2026-04,Femenino,Entre 31 y 40 años,Regional,GOBIERNO REGIONAL DE ANCASH,Ancash,Gobiernos Regionales,II Trimestre,b77a9514f88f
TALLER,VIRTUAL,"Articulación entre el Sistema Nacional de 
Planeamiento Estratégico con el Sistema Nacional de 
Abastecimiento",2026-04-30,2026-04,Femenino,Entre 31 y 40 años,Local,MUNICIPALIDAD PROVINCIAL DE LA CONVENCION - SANTA ANA,Cusco,Gobiernos Locales,II Trimestre,db4dc3a8468d
TALLER,VIRTUAL,"Articulación entre el Sistema Nacional de 
Planeamiento Estratégico con el Sistema Nacional de 
Abastecimiento",2026-04-30,2026-04,Femenino,Mayor a 61 años,Nacional,UNIVERSIDAD NACIONAL DEL VRAEM,Cusco,Educación,II Trimestre,a7b6e050af43
TALLER,VIRTUAL,"Articulación entre el Sistema Nacional de 
Planeamiento Estratégico con el Sistema Nacional de 
Abastecimiento",2026-04-30,2026-04,Femenino,Mayor a 61 años,Regional,HOSPITAL REGIONAL ELEAZAR GUZMAN BARRON,Ancash,Salud,II Trimestre,e7b02c5a3298
TALLER,VIRTUAL,"Articulación entre el Sistema Nacional de 
Planeamiento Estratégico con el Sistema Nacional de 
Abastecimiento",2026-04-30,2026-04,Masculino,Entre 41 y 50 años,Regional,UNIDAD EJECUTORA DE EDUCACION YAULI,Junín,Educación,II Trimestre,ed97d10122a6
TALLER,VIRTUAL,"Articulación entre el Sistema Nacional de 
Planeamiento Estratégico con el Sistema Nacional de 
Abastecimiento",2026-04-30,2026-04,Femenino,Entre 41 y 50 años,Regional,GOBIERNO REGIONAL DE JUNIN,Junín,Otros,II Trimestre,d1f9bc51339d
TALLER,VIRTUAL,"Articulación entre el Sistema Nacional de 
Planeamiento Estratégico con el Sistema Nacional de 
Abastecimiento",2026-04-30,2026-04,Femenino,Mayor a 61 años,Regional,UNIDAD DE GESTION EDUCATIVA LOCAL DEL SANTA,Ancash,Educación,II Trimestre,d4971f91e805
TALLER,VIRTUAL,"Articulación entre el Sistema Nacional de 
Planeamiento Estratégico con el Sistema Nacional de 
Abastecimiento",2026-04-30,2026-04,Masculino,Entre 20 y 30 años,Local,MUNICIPALIDAD DISTRITAL DE KIMBIRI,Cusco,Gobiernos Locales,II Trimestre,fa85f5ff9188
TALLER,VIRTUAL,"Articulación entre el Sistema Nacional de 
Planeamiento Estratégico con el Sistema Nacional de 
Abastecimiento",2026-04-30,2026-04,Femenino,Entre 31 y 40 años,Local,MUNICIPALIDAD DISTRITAL DE CHAVIN,Ancash,Gobiernos Locales,II Trimestre,b4c55753f821
TALLER,VIRTUAL,"Articulación entre el Sistema Nacional de 
Planeamiento Estratégico con el Sistema Nacional de 
Abastecimiento",2026-04-30,2026-04,Masculino,Entre 41 y 50 años,Regional,UNIDAD DE GESTION EDUCATIVA LOCAL DE MARISCAL LUZURIAGA,Ancash,Educación,II Trimestre,0c2c5313964d
TALLER,VIRTUAL,"Articulación entre el Sistema Nacional de 
Planeamiento Estratégico con el Sistema Nacional de 
Abastecimiento",2026-04-30,2026-04,Masculino,Entre 31 y 40 años,Regional,DIRECCION REGIONAL AGRARIA - ANCASH,Ancash,Agricultura y Riego,II Trimestre,38df2cdbb65f
TALLER,VIRTUAL,"Articulación entre el Sistema Nacional de 
Planeamiento Estratégico con el Sistema Nacional de 
Abastecimiento",2026-04-30,2026-04,Masculino,Entre 41 y 50 años,Nacional,MEF-CONECTAMEF SANTA,Ancash,Economía y Finanzas,II Trimestre,b066fcd2159d
TALLER,VIRTUAL,"Articulación entre el Sistema Nacional de 
Planeamiento Estratégico con el Sistema Nacional de 
Abastecimiento",2026-04-30,2026-04,Masculino,Entre 20 y 30 años,Nacional,ZONA REGISTRAL N° X,Cusco,Justicia y Derechos Humanos,II Trimestre,af5a7c76a800
TALLER,VIRTUAL,"Articulación entre el Sistema Nacional de 
Planeamiento Estratégico con el Sistema Nacional de 
Abastecimiento",2026-04-30,2026-04,Femenino,Entre 20 y 30 años,Local,MUNICIPALIDAD PROVINCIAL DE CHUMBIVILCAS,Cusco,Gobiernos Locales,II Trimestre,1bf3cc070e67
TALLER,VIRTUAL,"Articulación entre el Sistema Nacional de 
Planeamiento Estratégico con el Sistema Nacional de 
Abastecimiento",2026-04-30,2026-04,Femenino,Mayor a 61 años,Regional,DIRECCION REGIONAL DE EDUCACION DE ANCASH,Ancash,Educación,II Trimestre,8ba3f3037aaa
TALLER,VIRTUAL,"Articulación entre el Sistema Nacional de 
Planeamiento Estratégico con el Sistema Nacional de 
Abastecimiento",2026-04-30,2026-04,Femenino,Entre 31 y 40 años,Local,MUNICIPALIDAD DISTRITAL DE VILCABAMBA,Cusco,Gobiernos Locales,II Trimestre,9b124d361996
TALLER,VIRTUAL,"Articulación entre el Sistema Nacional de 
Planeamiento Estratégico con el Sistema Nacional de 
Abastecimiento",2026-04-30,2026-04,Femenino,Entre 20 y 30 años,Local,MUNICIPALIDAD PROVINCIAL DE ESPINAR,Cusco,Gobiernos Locales,II Trimestre,3f6afc37bdb1
TALLER,VIRTUAL,"Articulación entre el Sistema Nacional de 
Planeamiento Estratégico con el Sistema Nacional de 
Abastecimiento",2026-04-30,2026-04,Femenino,Entre 41 y 50 años,Regional,UNIDAD DE GESTION EDUCATIVA LOCAL DE CARHUAZ,Ancash,Educación,II Trimestre,45fe3acd08e2
TALLER,VIRTUAL,"Articulación entre el Sistema Nacional de 
Planeamiento Estratégico con el Sistema Nacional de 
Abastecimiento",2026-04-30,2026-04,Masculino,Entre 31 y 40 años,Local,MUNICIPALIDAD DISTRITAL DE CAJACAY,Ancash,Otros,II Trimestre,b1c9f33f7b57
TALLER,VIRTUAL,"Articulación entre el Sistema Nacional de 
Planeamiento Estratégico con el Sistema Nacional de 
Abastecimiento",2026-04-30,2026-04,Masculino,Entre 31 y 40 años,Local,MUNICIPALIDAD DISTRITAL DE PITUMARCA,Cusco,Gobiernos Locales,II Trimestre,57a2cb151a87
TALLER,VIRTUAL,"Articulación entre el Sistema Nacional de 
Planeamiento Estratégico con el Sistema Nacional de 
Abastecimiento",2026-04-30,2026-04,Masculino,Entre 41 y 50 años,Nacional,JEFATURA DE LA X-RPNP-CUSCO,Cusco,Interior,II Trimestre,1caa24682e8d
TALLER,VIRTUAL,"Articulación entre el Sistema Nacional de 
Planeamiento Estratégico con el Sistema Nacional de 
Abastecimiento",2026-04-30,2026-04,Masculino,Entre 31 y 40 años,Nacional,UNIVERSIDAD NACIONAL DEL VRAEM,Huánuco,Educación,II Trimestre,1c88afef0056
TALLER,VIRTUAL,"Articulación entre el Sistema Nacional de 
Planeamiento Estratégico con el Sistema Nacional de 
Abastecimiento",2026-04-30,2026-04,Femenino,Entre 31 y 40 años,Regional,UGEL - PALLASCA,Ancash,Educación,II Trimestre,b4c3ef130476
TALLER,VIRTUAL,"Articulación entre el Sistema Nacional de 
Planeamiento Estratégico con el Sistema Nacional de 
Abastecimiento",2026-04-30,2026-04,Masculino,Entre 41 y 50 años,Local,MUNICIPALIDAD DISTRITAL DE WANCHAQ,Cusco,Gobiernos Locales,II Trimestre,b9e92b9f1b92
TALLER,VIRTUAL,"Articulación entre el Sistema Nacional de 
Planeamiento Estratégico con el Sistema Nacional de 
Abastecimiento",2026-05-04,2026-05,Masculino,Mayor a 61 años,Regional,GOBIERNO REGIONAL DE LIMA,Lima,Gobiernos Regionales,II Trimestre,dd7863ab899f
TALLER,VIRTUAL,"Articulación entre el Sistema Nacional de 
Planeamiento Estratégico con el Sistema Nacional de 
Abastecimiento",2026-05-04,2026-05,Masculino,Entre 41 y 50 años,Regional,PROYECTO ESPECIAL TAMBO CCARACOCHA,Ica,Gobiernos Regionales,II Trimestre,525d2623fd91
TALLER,VIRTUAL,"Articulación entre el Sistema Nacional de 
Planeamiento Estratégico con el Sistema Nacional de 
Abastecimiento",2026-05-04,2026-05,Masculino,Entre 20 y 30 años,Local,MUNICIPALIDAD DISTRITAL DE LANCONES,Piura,Gobiernos Locales,II Trimestre,ba3fe1e00b1b
TALLER,VIRTUAL,"Articulación entre el Sistema Nacional de 
Planeamiento Estratégico con el Sistema Nacional de 
Abastecimiento",2026-05-04,2026-05,Masculino,Entre 20 y 30 años,Regional,UNIDAD DE GESTION EDUCATIVA LOCAL Nº 11 - CAJATAMBO,Lima,Educación,II Trimestre,7c14bfd96980
TALLER,VIRTUAL,"Articulación entre el Sistema Nacional de 
Planeamiento Estratégico con el Sistema Nacional de 
Abastecimiento",2026-05-04,2026-05,Masculino,Entre 51 y 60 años,Regional,UNIDAD DE GESTION EDUCATIVA LOCAL Nº 16 BARRANCA,Lima,Educación,II Trimestre,fa0dd3fe3ab1
TALLER,VIRTUAL,"Articulación entre el Sistema Nacional de 
Planeamiento Estratégico con el Sistema Nacional de 
Abastecimiento",2026-05-04,2026-05,Masculino,Entre 41 y 50 años,Nacional,Ministerio de Economía y Finanzas,Lima,Economía y Finanzas,II Trimestre,470f1ff92b5b
TALLER,VIRTUAL,"Articulación entre el Sistema Nacional de 
Planeamiento Estratégico con el Sistema Nacional de 
Abastecimiento",2026-05-04,2026-05,Femenino,Entre 51 y 60 años,Regional,DIRECCION REGIONAL DE EDUCACION DE LIMA - PROVINCIAS,Lima,Educación,II Trimestre,26cabdc113d5
TALLER,VIRTUAL,"Articulación entre el Sistema Nacional de 
Planeamiento Estratégico con el Sistema Nacional de 
Abastecimiento",2026-05-04,2026-05,Masculino,Entre 41 y 50 años,Nacional,UNIDAD EJECUTORA 002 GESTIÓN DE PROYECTOS Y FORTALECIMIENTO DE CAPACIDADES,Lima,Contraloría General,II Trimestre,a6f3ae23c1dd
TALLER,VIRTUAL,"Articulación entre el Sistema Nacional de 
Planeamiento Estratégico con el Sistema Nacional de 
Abastecimiento",2026-05-04,2026-05,Femenino,Entre 41 y 50 años,Regional,DIRECCION REGIONAL DE EDUCACION ICA,Ica,Gobiernos Regionales,II Trimestre,496d84db97e6
TALLER,VIRTUAL,"Articulación entre el Sistema Nacional de 
Planeamiento Estratégico con el Sistema Nacional de 
Abastecimiento",2026-05-04,2026-05,Femenino,Entre 41 y 50 años,Local,MUNICIPALIDAD DE PUEBLO LIBRE,Lima,Otros,II Trimestre,56e37d86877c
TALLER,VIRTUAL,"Articulación entre el Sistema Nacional de 
Planeamiento Estratégico con el Sistema Nacional de 
Abastecimiento",2026-05-04,2026-05,Femenino,Entre 20 y 30 años,Local,MUNICIPALIDAD DISTRITAL DE LA MATANZA,Piura,Gobiernos Locales,II Trimestre,44d917b34f9e
TALLER,VIRTUAL,"Articulación entre el Sistema Nacional de 
Planeamiento Estratégico con el Sistema Nacional de 
Abastecimiento",2026-05-04,2026-05,Masculino,Entre 20 y 30 años,Local,Municipalidad Provincial de Cotabambas - Tambobamba,Apurímac,Gobiernos Locales,II Trimestre,76dcbe40da1d
TALLER,VIRTUAL,"Articulación entre el Sistema Nacional de 
Planeamiento Estratégico con el Sistema Nacional de 
Abastecimiento",2026-05-04,2026-05,Masculino,Entre 31 y 40 años,Regional,UNIDAD EJECUTORA INSTITUTOS SUPERIORES DE EDUCACION PUBLICA REGIONAL DE PIURA,Piura,Gobiernos Regionales,II Trimestre,0024b75daf97
TALLER,VIRTUAL,"Articulación entre el Sistema Nacional de 
Planeamiento Estratégico con el Sistema Nacional de 
Abastecimiento",2026-05-04,2026-05,Masculino,Entre 20 y 30 años,Local,MUNICIPALIDAD DISTRITAL DE PACARAN,Lima,Gobiernos Locales,II Trimestre,868766370cb4
TALLER,VIRTUAL,"Articulación entre el Sistema Nacional de 
Planeamiento Estratégico con el Sistema Nacional de 
Abastecimiento",2026-05-04,2026-05,Femenino,Entre 20 y 30 años,Nacional,CEPLAN,Lima,Presidencia del Consejo de Ministros,II Trimestre,12af3224cd2c
TALLER,VIRTUAL,"Articulación entre el Sistema Nacional de 
Planeamiento Estratégico con el Sistema Nacional de 
Abastecimiento",2026-05-04,2026-05,Femenino,Entre 31 y 40 años,Local,MUNICIPALIDAD DISTRITAL DE SAYAN,Lima,Gobiernos Regionales,II Trimestre,6f89d3dfb049
TALLER,VIRTUAL,"Articulación entre el Sistema Nacional de 
Planeamiento Estratégico con el Sistema Nacional de 
Abastecimiento",2026-05-04,2026-05,Femenino,Entre 20 y 30 años,Local,MUNICIPALIDAD DISTRITAL DE CALETA DE CARQUIN,Lima,Gobiernos Locales,II Trimestre,611eddd45892
TALLER,VIRTUAL,"Articulación entre el Sistema Nacional de 
Planeamiento Estratégico con el Sistema Nacional de 
Abastecimiento",2026-05-04,2026-05,Femenino,Entre 41 y 50 años,Local,MUNICIPALIDAD DISTRITAL DE AMOTAPE,Piura,Gobiernos Locales,II Trimestre,fd9709ce637a
TALLER,VIRTUAL,"Articulación entre el Sistema Nacional de 
Planeamiento Estratégico con el Sistema Nacional de 
Abastecimiento",2026-05-04,2026-05,Femenino,Entre 41 y 50 años,Local,MUNICIPALIDAD DISTRITAL DE EL TALLAN,Piura,Gobiernos Locales,II Trimestre,086497ceefc5
TALLER,VIRTUAL,"Articulación entre el Sistema Nacional de 
Planeamiento Estratégico con el Sistema Nacional de 
Abastecimiento",2026-05-04,2026-05,Masculino,Entre 51 y 60 años,Nacional,REGION POLICIAL PIURA,Piura,Interior,II Trimestre,e6a8d2dfc0c2
TALLER,VIRTUAL,"Articulación entre el Sistema Nacional de 
Planeamiento Estratégico con el Sistema Nacional de 
Abastecimiento",2026-05-04,2026-05,Femenino,Entre 31 y 40 años,Local,MUNICIPALIDAD DISTRITAL DE SAN JUAN DE LURIGANCHO,Lima,Gobiernos Locales,II Trimestre,3dfab5fc1129
TALLER,VIRTUAL,"Articulación entre el Sistema Nacional de 
Planeamiento Estratégico con el Sistema Nacional de 
Abastecimiento",2026-05-04,2026-05,Femenino,Entre 51 y 60 años,Regional,DIRECCION REGIONAL DE TRANSPORTES Y COMU NICACIONES - PIURA,Piura,Gobiernos Regionales,II Trimestre,74c508d58839
TALLER,VIRTUAL,"Articulación entre el Sistema Nacional de 
Planeamiento Estratégico con el Sistema Nacional de 
Abastecimiento",2026-05-04,2026-05,Femenino,Entre 20 y 30 años,Regional,PROYECTO ESPECIAL TAMBO CCARACOCHA,Ica,Otros,II Trimestre,90f7a44fd64e
TALLER,VIRTUAL,"Articulación entre el Sistema Nacional de 
Planeamiento Estratégico con el Sistema Nacional de 
Abastecimiento",2026-05-04,2026-05,Masculino,Entre 31 y 40 años,Regional,PROYECTO ESPECIAL TAMBO CCARACOCHA,Ica,Agricultura y Riego,II Trimestre,812996a183ba
TALLER,VIRTUAL,"Articulación entre el Sistema Nacional de 
Planeamiento Estratégico con el Sistema Nacional de 
Abastecimiento",2026-05-04,2026-05,Femenino,Entre 20 y 30 años,Local,MUNICIPALIDAD PROVINCIAL DE ATALAYA,Ucayali,Gobiernos Locales,II Trimestre,1a4c1354b08a
TALLER,VIRTUAL,"Articulación entre el Sistema Nacional de 
Planeamiento Estratégico con el Sistema Nacional de 
Abastecimiento",2026-05-04,2026-05,Femenino,Entre 31 y 40 años,Regional,UNIDAD DE GESTION EDUCATIVA LOCAL N° 13 YAUYOS,Lima,Educación,II Trimestre,30f14a8e13c1
TALLER,VIRTUAL,"Articulación entre el Sistema Nacional de 
Planeamiento Estratégico con el Sistema Nacional de 
Abastecimiento",2026-05-04,2026-05,Femenino,Entre 31 y 40 años,Opd,MUNICIPALIDAD PROVINCIAL DE HUARAL,Lima,Gobiernos Locales,II Trimestre,661aab9d23af
TALLER,VIRTUAL,"Articulación entre el Sistema Nacional de 
Planeamiento Estratégico con el Sistema Nacional de 
Abastecimiento",2026-05-04,2026-05,Masculino,Entre 20 y 30 años,Local,MUNICIPALIDAD DISTRITAL DE CALETA DE CARQUIN,Lima,Gobiernos Locales,II Trimestre,536305f1658f
TALLER,VIRTUAL,"Articulación entre el Sistema Nacional de 
Planeamiento Estratégico con el Sistema Nacional de 
Abastecimiento",2026-05-04,2026-05,Femenino,Entre 20 y 30 años,Local,MUNICIPALIDAD DISTRITAL DE SAN MIGUEL DE ACOS,Lima,Gobiernos Locales,II Trimestre,9cf5f2a20481
TALLER,VIRTUAL,"Articulación entre el Sistema Nacional de 
Planeamiento Estratégico con el Sistema Nacional de 
Abastecimiento",2026-05-04,2026-05,Masculino,Entre 31 y 40 años,Local,MUNICIPALIDAD DISTRITAL DE YANACANCHA,Pasco,Gobiernos Locales,II Trimestre,e28f20da20a4
TALLER,VIRTUAL,"Articulación entre el Sistema Nacional de 
Planeamiento Estratégico con el Sistema Nacional de 
Abastecimiento",2026-05-04,2026-05,Femenino,Entre 31 y 40 años,Local,MUNICIPALIDAD DISTRITAL DE ANTIOQUIA,Lima,Gobiernos Locales,II Trimestre,200a001133b4
TALLER,VIRTUAL,"Articulación entre el Sistema Nacional de 
Planeamiento Estratégico con el Sistema Nacional de 
Abastecimiento",2026-05-04,2026-05,Masculino,Entre 20 y 30 años,Local,MUNICIPALIDAD DISTRITAL DE CAMPOVERDE,Ucayali,Gobiernos Locales,II Trimestre,1c5c325e761c
TALLER,VIRTUAL,"Articulación entre el Sistema Nacional de 
Planeamiento Estratégico con el Sistema Nacional de 
Abastecimiento",2026-05-04,2026-05,Femenino,Entre 51 y 60 años,Nacional,ZONA REGISTRAL N° XI,Ica,Justicia y Derechos Humanos,II Trimestre,22a4da3929a2
TALLER,VIRTUAL,"Articulación entre el Sistema Nacional de 
Planeamiento Estratégico con el Sistema Nacional de 
Abastecimiento",2026-05-04,2026-05,Masculino,Mayor a 61 años,Local,MUNICIPALIDAD DISTRITAL DE SANTIAGO DE ANCHUCAYA,Lima,Gobiernos Locales,II Trimestre,1756c4adf463
TALLER,VIRTUAL,"Articulación entre el Sistema Nacional de 
Planeamiento Estratégico con el Sistema Nacional de 
Abastecimiento",2026-05-04,2026-05,Masculino,Entre 41 y 50 años,Local,MUNICIPALIDAD DISTRITAL DE MANANTAY,Ucayali,Gobiernos Locales,II Trimestre,cbabd5752df1
TALLER,VIRTUAL,"Articulación entre el Sistema Nacional de 
Planeamiento Estratégico con el Sistema Nacional de 
Abastecimiento",2026-05-04,2026-05,Masculino,Entre 51 y 60 años,Local,MUNICIPALIDAD PROVINCIAL DE PIURA,Piura,Gobiernos Locales,II Trimestre,ab84852328e4
TALLER,VIRTUAL,"Articulación entre el Sistema Nacional de 
Planeamiento Estratégico con el Sistema Nacional de 
Abastecimiento",2026-05-04,2026-05,Masculino,Entre 20 y 30 años,Local,MUNICIPALIDAD DISTRITAL DE VISTA ALEGRE,Ica,Gobiernos Locales,II Trimestre,d8c0895449f5
TALLER,VIRTUAL,"Articulación entre el Sistema Nacional de 
Planeamiento Estratégico con el Sistema Nacional de 
Abastecimiento",2026-05-04,2026-05,Femenino,Entre 41 y 50 años,Nacional,CORTE SUPERIOR DE JUSTICIA DE PIURA,Piura,Poder Judicial,II Trimestre,8371c6b5c29f
TALLER,VIRTUAL,"Articulación entre el Sistema Nacional de 
Planeamiento Estratégico con el Sistema Nacional de 
Abastecimiento",2026-05-04,2026-05,Femenino,Mayor a 61 años,Local,MUNICIPALIDAD PROVINCIAL DE PIURA,Piura,Gobiernos Locales,II Trimestre,aa63ef6fb6cc
TALLER,VIRTUAL,"Articulación entre el Sistema Nacional de 
Planeamiento Estratégico con el Sistema Nacional de 
Abastecimiento",2026-05-04,2026-05,Femenino,Entre 41 y 50 años,Local,MUNICIPALIDAD DISTRITAL DE LUNAHUANA,Lima,Gobiernos Locales,II Trimestre,aded4ed928c3
TALLER,VIRTUAL,"Articulación entre el Sistema Nacional de 
Planeamiento Estratégico con el Sistema Nacional de 
Abastecimiento",2026-05-04,2026-05,Femenino,Entre 20 y 30 años,Local,MUNICIPALIDAD DISTRITAL DE SAN BUENAVENTURA,Lima,Gobiernos Locales,II Trimestre,2433bacde06c
TALLER,VIRTUAL,"Articulación entre el Sistema Nacional de 
Planeamiento Estratégico con el Sistema Nacional de 
Abastecimiento",2026-05-04,2026-05,Masculino,Mayor a 61 años,Regional,UNIDAD DE GESTION EDUCATIVA LOCAL NRO.15 HUAROCHIRI,Lima,Gobiernos Regionales,II Trimestre,6b1e28ea85e5
TALLER,VIRTUAL,"Articulación entre el Sistema Nacional de 
Planeamiento Estratégico con el Sistema Nacional de 
Abastecimiento",2026-05-04,2026-05,Femenino,Entre 31 y 40 años,Regional,UNIDAD DE GESTION EDUCATIVA LOCAL Nº 11 - CAJATAMBO,Lima,Educación,II Trimestre,0efff20b9935
TALLER,VIRTUAL,"Articulación entre el Sistema Nacional de 
Planeamiento Estratégico con el Sistema Nacional de 
Abastecimiento",2026-05-04,2026-05,Femenino,Entre 31 y 40 años,Nacional,CEPLAN,Lima,Presidencia del Consejo de Ministros,II Trimestre,793eeac3bb67
TALLER,VIRTUAL,"Articulación entre el Sistema Nacional de 
Planeamiento Estratégico con el Sistema Nacional de 
Abastecimiento",2026-05-04,2026-05,Femenino,Entre 20 y 30 años,Local,MUNICIPALIDAD PROVINCIAL DE BARRANCA,Lima,Gobiernos Locales,II Trimestre,313eeb9fbbd5
TALLER,VIRTUAL,"Articulación entre el Sistema Nacional de 
Planeamiento Estratégico con el Sistema Nacional de 
Abastecimiento",2026-05-04,2026-05,Masculino,Entre 31 y 40 años,Local,MUNICIPALIDAD DISTRITAL DE PAMPA HERMOSA,Loreto,Gobiernos Locales,II Trimestre,d499a8863289
TALLER,VIRTUAL,"Articulación entre el Sistema Nacional de 
Planeamiento Estratégico con el Sistema Nacional de 
Abastecimiento",2026-05-04,2026-05,Femenino,Entre 31 y 40 años,Regional,"HOSPITAL DE CHANCAY Y SBS ""DR. HIDALGO ATOCHE LOPEZ""",Lima,Salud,II Trimestre,fa350c2464cc
TALLER,VIRTUAL,"Articulación entre el Sistema Nacional de 
Planeamiento Estratégico con el Sistema Nacional de 
Abastecimiento",2026-05-04,2026-05,Femenino,Entre 20 y 30 años,Local,MUNICIPALIDAD DISTRITAL DE SANTIAGO DE TUNA,Lima,Gobiernos Locales,II Trimestre,941f92abb986
TALLER,VIRTUAL,"Articulación entre el Sistema Nacional de 
Planeamiento Estratégico con el Sistema Nacional de 
Abastecimiento",2026-05-04,2026-05,Masculino,Entre 41 y 50 años,Nacional,UNIVERSIDAD NACIONAL TECNOLÓGICA DE CHINCHA,Ica,Educación,II Trimestre,eab9923752db
TALLER,VIRTUAL,"Articulación entre el Sistema Nacional de 
Planeamiento Estratégico con el Sistema Nacional de 
Abastecimiento",2026-05-04,2026-05,Masculino,Entre 51 y 60 años,Nacional,CORTE SUPERIOR DE JUSTICIA DE UCAYALI,Ucayali,Poder Judicial,II Trimestre,3255303466b7
TALLER,VIRTUAL,"Articulación entre el Sistema Nacional de 
Planeamiento Estratégico con el Sistema Nacional de 
Abastecimiento",2026-05-04,2026-05,Femenino,Mayor a 61 años,Regional,DIRECCION REGIONAL DE SALUD ICA,Ica,Salud,II Trimestre,93e6076285d1
TALLER,VIRTUAL,"Articulación entre el Sistema Nacional de 
Planeamiento Estratégico con el Sistema Nacional de 
Abastecimiento",2026-05-04,2026-05,Femenino,Entre 41 y 50 años,Local,MUNICIPALIDAD DISTRITAL DE LA ARENA,Piura,Gobiernos Locales,II Trimestre,ccab80610fc8
TALLER,VIRTUAL,"Articulación entre el Sistema Nacional de 
Planeamiento Estratégico con el Sistema Nacional de 
Abastecimiento",2026-05-04,2026-05,Femenino,Entre 41 y 50 años,Nacional,PROGRAMA JUNTOS,Lima,Desarrollo e Inclusión Social,II Trimestre,dabc23c99452
TALLER,VIRTUAL,"Articulación entre el Sistema Nacional de 
Planeamiento Estratégico con el Sistema Nacional de 
Abastecimiento",2026-05-04,2026-05,Masculino,Entre 51 y 60 años,Local,Municipalidad distrital de El Agustino,Lima,Gobiernos Locales,II Trimestre,b1663970b616
TALLER,VIRTUAL,"Articulación entre el Sistema Nacional de 
Planeamiento Estratégico con el Sistema Nacional de 
Abastecimiento",2026-05-04,2026-05,Masculino,Entre 51 y 60 años,Regional,PROYECTO ESPECIAL DE IRRIGACION E HIDROENERGETICO DEL ALTO PIURA,Piura,Agricultura y Riego,II Trimestre,8557e104b9e2
TALLER,VIRTUAL,"Articulación entre el Sistema Nacional de 
Planeamiento Estratégico con el Sistema Nacional de 
Abastecimiento",2026-05-04,2026-05,Masculino,Entre 31 y 40 años,Local,MUNICIPALIDAD DISTRITAL DE LA ARENA,Piura,Gobiernos Locales,II Trimestre,09ace91343eb
TALLER,VIRTUAL,"Articulación entre el Sistema Nacional de 
Planeamiento Estratégico con el Sistema Nacional de 
Abastecimiento",2026-05-04,2026-05,Masculino,Entre 31 y 40 años,Local,MUNICIPALIDAD DISTRITAL DE SAN LORENZO DE QUINTI,Lima,Gobiernos Locales,II Trimestre,e3b266f68605
TALLER,VIRTUAL,"Articulación entre el Sistema Nacional de 
Planeamiento Estratégico con el Sistema Nacional de 
Abastecimiento",2026-05-04,2026-05,Femenino,Entre 51 y 60 años,Nacional,CORTE SUPERIOR DE JUSTICIA DE UCAYALI,Ucayali,Poder Judicial,II Trimestre,06c1bf2e7531
TALLER,VIRTUAL,"Articulación entre el Sistema Nacional de 
Planeamiento Estratégico con el Sistema Nacional de 
Abastecimiento",2026-05-04,2026-05,Femenino,Entre 41 y 50 años,Regional,SERVICIOS BASICOS DE SALUD CANETE-YAUYOS,Lima,Gobiernos Regionales,II Trimestre,7eff6ffd133a
TALLER,VIRTUAL,"Articulación entre el Sistema Nacional de 
Planeamiento Estratégico con el Sistema Nacional de 
Abastecimiento",2026-05-04,2026-05,Masculino,Entre 41 y 50 años,Regional,RED INTEGRADA DE SALUD 4 AGUAYTIA,Ucayali,Gobiernos Regionales,II Trimestre,66969d470a7b
TALLER,VIRTUAL,"Articulación entre el Sistema Nacional de 
Planeamiento Estratégico con el Sistema Nacional de 
Abastecimiento",2026-05-04,2026-05,Masculino,Entre 41 y 50 años,Regional,DIRECCION REGIONAL DE AGRICULTURA DE LIMA,Lima,Agricultura y Riego,II Trimestre,bbb27383a9df
TALLER,VIRTUAL,"Articulación entre el Sistema Nacional de 
Planeamiento Estratégico con el Sistema Nacional de 
Abastecimiento",2026-05-04,2026-05,Masculino,Entre 31 y 40 años,Regional,HOSPITAL DE BARRANCA - CAJATAMBO Y SERVICIOS BASICOS DE SALUD,Lima,Salud,II Trimestre,ce4eebc4de77
TALLER,VIRTUAL,"Articulación entre el Sistema Nacional de 
Planeamiento Estratégico con el Sistema Nacional de 
Abastecimiento",2026-05-04,2026-05,Masculino,Entre 31 y 40 años,Local,MUNICIPALIDAD DISTRITAL VEINTISIETE DE NOVIEMBRE,Lima,Gobiernos Locales,II Trimestre,68c7e383e639
TALLER,VIRTUAL,"Articulación entre el Sistema Nacional de 
Planeamiento Estratégico con el Sistema Nacional de 
Abastecimiento",2026-05-04,2026-05,Femenino,Entre 41 y 50 años,Regional,UNIDAD DE GESTION EDUCATIVA LOCAL N° 13 YAUYOS,Lima,Educación,II Trimestre,1773f5dafc23
TALLER,VIRTUAL,"Articulación entre el Sistema Nacional de 
Planeamiento Estratégico con el Sistema Nacional de 
Abastecimiento",2026-05-04,2026-05,Masculino,Entre 51 y 60 años,Regional,HOSP. HUACHO-HUAURA-OYON Y SERV BAS D SA,Lima,Salud,II Trimestre,cd8bb37115f4
TALLER,VIRTUAL,"Articulación entre el Sistema Nacional de 
Planeamiento Estratégico con el Sistema Nacional de 
Abastecimiento",2026-05-04,2026-05,Femenino,Entre 20 y 30 años,Local,MUNICIPALIDAD DISTRITAL DE RINCONADA LLICUAR,Piura,Gobiernos Locales,II Trimestre,e913e346753f
TALLER,VIRTUAL,"Articulación entre el Sistema Nacional de 
Planeamiento Estratégico con el Sistema Nacional de 
Abastecimiento",2026-05-04,2026-05,Femenino,Entre 20 y 30 años,Regional,PROYECTO ESPECIAL DE IRRIGACION E HIDROENERGETICO DEL ALTO PIURA,Piura,Gobiernos Regionales,II Trimestre,fe85a9d0343f
TALLER,VIRTUAL,"Articulación entre el Sistema Nacional de 
Planeamiento Estratégico con el Sistema Nacional de 
Abastecimiento",2026-05-04,2026-05,Femenino,Entre 31 y 40 años,Nacional,SERVIR,Lima,Presidencia del Consejo de Ministros,II Trimestre,1251c49daaf5
TALLER,VIRTUAL,"Articulación entre el Sistema Nacional de 
Planeamiento Estratégico con el Sistema Nacional de 
Abastecimiento",2026-05-04,2026-05,Masculino,Entre 31 y 40 años,Local,MUNICIPALIDAD DISTRITAL DE VENTANILLA,Callao,Otros,II Trimestre,fd861bcbc652
TALLER,VIRTUAL,"Articulación entre el Sistema Nacional de 
Planeamiento Estratégico con el Sistema Nacional de 
Abastecimiento",2026-05-04,2026-05,Masculino,Entre 31 y 40 años,Regional,UNIDAD EJECUTORA RED DE SALUD ICA,Ica,Salud,II Trimestre,66de42ca4652
TALLER,VIRTUAL,"Articulación entre el Sistema Nacional de 
Planeamiento Estratégico con el Sistema Nacional de 
Abastecimiento",2026-05-04,2026-05,Masculino,Entre 51 y 60 años,Local,MUNICIPALIDAD DISTRITAL DE SAN MIGUEL DE EL FAIQUE,Piura,Gobiernos Locales,II Trimestre,1aa71eb2cc07
TALLER,VIRTUAL,"Articulación entre el Sistema Nacional de 
Planeamiento Estratégico con el Sistema Nacional de 
Abastecimiento",2026-05-04,2026-05,Femenino,Entre 20 y 30 años,Local,MUNICIPALIDAD DISTRITAL DE CHORRILLOS,Huánuco,Otros,II Trimestre,62cf6afde7ad
TALLER,VIRTUAL,"Articulación entre el Sistema Nacional de 
Planeamiento Estratégico con el Sistema Nacional de 
Abastecimiento",2026-05-04,2026-05,Femenino,Entre 31 y 40 años,Regional,UNIDAD EJECUTORA INSTITUTOS SUPERIORES DE EDUCACION PUBLICA REGIONAL DE PIURA,Piura,Gobiernos Regionales,II Trimestre,fbc1c9ded4aa
TALLER,VIRTUAL,"Articulación entre el Sistema Nacional de 
Planeamiento Estratégico con el Sistema Nacional de 
Abastecimiento",2026-05-04,2026-05,Masculino,Entre 51 y 60 años,Regional,PROYECTO ESPECIAL TAMBO CCARACOCHA,Ica,Agricultura y Riego,II Trimestre,818f357a337b
TALLER,VIRTUAL,"Articulación entre el Sistema Nacional de 
Planeamiento Estratégico con el Sistema Nacional de 
Abastecimiento",2026-05-04,2026-05,Femenino,Entre 20 y 30 años,Local,MUNICIPALIDAD DISTRITAL DE LA MATANZA,Piura,Gobiernos Locales,II Trimestre,1ad24218cf4d
TALLER,VIRTUAL,"Articulación entre el Sistema Nacional de 
Planeamiento Estratégico con el Sistema Nacional de 
Abastecimiento",2026-05-04,2026-05,Femenino,Entre 41 y 50 años,Local,MUNICIPALIDAD DISTRITAL DE GORGOR,Lima,Gobiernos Locales,II Trimestre,17e73d356b6e
TALLER,VIRTUAL,"Articulación entre el Sistema Nacional de 
Planeamiento Estratégico con el Sistema Nacional de 
Abastecimiento",2026-05-04,2026-05,Femenino,Entre 51 y 60 años,Nacional,CORTE SUPERIOR DE JUSTICIA DE UCAYALI,Ucayali,Poder Judicial,II Trimestre,37b112ccd843
TALLER,VIRTUAL,"Articulación entre el Sistema Nacional de 
Planeamiento Estratégico con el Sistema Nacional de 
Abastecimiento",2026-05-04,2026-05,Masculino,Entre 31 y 40 años,Regional,GERENCIA SUB REGIONAL CONDORCANQUI,Amazonas,Gobiernos Regionales,II Trimestre,c0ced4cffa49
TALLER,VIRTUAL,"Articulación entre el Sistema Nacional de 
Planeamiento Estratégico con el Sistema Nacional de 
Abastecimiento",2026-05-04,2026-05,Femenino,Entre 31 y 40 años,Nacional,CORTE SUPERIOR DE JUSTICIA DE UCAYALI,Ucayali,Poder Judicial,II Trimestre,32a8b07ad0a7
TALLER,VIRTUAL,"Articulación entre el Sistema Nacional de 
Planeamiento Estratégico con el Sistema Nacional de 
Abastecimiento",2026-05-04,2026-05,Femenino,Entre 31 y 40 años,Local,MUNICIPALIDAD DISTRITAL DE HUAMPARA,Lima,Gobiernos Locales,II Trimestre,061c9eaac362
TALLER,VIRTUAL,"Articulación entre el Sistema Nacional de 
Planeamiento Estratégico con el Sistema Nacional de 
Abastecimiento",2026-05-04,2026-05,Masculino,Entre 31 y 40 años,Regional,UGEL BAGUA,Amazonas,Educación,II Trimestre,6ec554d5eeca
TALLER,VIRTUAL,"Articulación entre el Sistema Nacional de 
Planeamiento Estratégico con el Sistema Nacional de 
Abastecimiento",2026-05-04,2026-05,Masculino,Entre 31 y 40 años,Local,MUNICIPALIDAD DISTRITAL DE AUCALLAMA,Lima,Gobiernos Locales,II Trimestre,b85d1bb2eee9
TALLER,VIRTUAL,"Articulación entre el Sistema Nacional de 
Planeamiento Estratégico con el Sistema Nacional de 
Abastecimiento",2026-05-04,2026-05,Masculino,Entre 51 y 60 años,Regional,UNIDAD DE GESTION EDUCATIVA LOCAL Nº 16 BARRANCA,Lima,Educación,II Trimestre,a0d1b45eabfe
TALLER,VIRTUAL,"Articulación entre el Sistema Nacional de 
Planeamiento Estratégico con el Sistema Nacional de 
Abastecimiento",2026-05-04,2026-05,Masculino,Entre 31 y 40 años,Local,MUNICIPALIDAD DISTRITAL DE SAN MIGUEL DE EL FAIQUE,Piura,Gobiernos Locales,II Trimestre,2343417110e2
TALLER,VIRTUAL,"Articulación entre el Sistema Nacional de 
Planeamiento Estratégico con el Sistema Nacional de 
Abastecimiento",2026-05-04,2026-05,Masculino,Entre 31 y 40 años,Local,MUNICIPALIDAD DISTRITAL DE EL TALLAN,Piura,Gobiernos Locales,II Trimestre,324d34f5f135
TALLER,VIRTUAL,"Articulación entre el Sistema Nacional de 
Planeamiento Estratégico con el Sistema Nacional de 
Abastecimiento",2026-05-04,2026-05,Masculino,Entre 51 y 60 años,Local,MUNICIPALIDAD DISTRITAL DE ANTIOQUIA,Lima,Gobiernos Locales,II Trimestre,065b207ad5d3
TALLER,VIRTUAL,"Articulación entre el Sistema Nacional de 
Planeamiento Estratégico con el Sistema Nacional de 
Abastecimiento",2026-05-04,2026-05,Femenino,Entre 31 y 40 años,Nacional,UNIVERSIDAD NACIONAL INTERCULTURAL DE LA AMAZONIA,Ucayali,Educación,II Trimestre,d7c287554d3d
TALLER,VIRTUAL,"Articulación entre el Sistema Nacional de 
Planeamiento Estratégico con el Sistema Nacional de 
Abastecimiento",2026-05-04,2026-05,Masculino,Entre 41 y 50 años,Local,MUNICIPALIDAD PROVINCIAL DE ATALAYA,Ucayali,Gobiernos Locales,II Trimestre,870f6aa4376a
TALLER,VIRTUAL,"Articulación entre el Sistema Nacional de 
Planeamiento Estratégico con el Sistema Nacional de 
Abastecimiento",2026-05-04,2026-05,Femenino,Mayor a 61 años,Regional,HOSPITAL DE BARRANCA - CAJATAMBO Y SERVICIOS BASICOS DE SALUD,Lima,Salud,II Trimestre,9db4036d4ad1
TALLER,VIRTUAL,"Articulación entre el Sistema Nacional de 
Planeamiento Estratégico con el Sistema Nacional de 
Abastecimiento",2026-05-04,2026-05,Femenino,Entre 31 y 40 años,Regional,UGEL HUANCAYO,Junín,Abastecimiento,II Trimestre,16d4c8d5e0bd
TALLER,VIRTUAL,"Articulación entre el Sistema Nacional de 
Planeamiento Estratégico con el Sistema Nacional de 
Abastecimiento",2026-05-05,2026-05,Femenino,Entre 41 y 50 años,Regional,UNIDAD DE GESTION EDUCATIVA SAN IGNACIO,Cajamarca,Educación,II Trimestre,cbf3fe9da301
TALLER,VIRTUAL,"Articulación entre el Sistema Nacional de 
Planeamiento Estratégico con el Sistema Nacional de 
Abastecimiento",2026-05-05,2026-05,Masculino,Entre 20 y 30 años,Regional,RED DE SALUD DE YUNGUYO,Puno,Salud,II Trimestre,1e3b35b83143
TALLER,VIRTUAL,"Articulación entre el Sistema Nacional de 
Planeamiento Estratégico con el Sistema Nacional de 
Abastecimiento",2026-05-05,2026-05,Femenino,Entre 31 y 40 años,Nacional,CORTE SUPERIOR DE JUSTICIA DE PUNO,Puno,Poder Judicial,II Trimestre,e4dd29681482
TALLER,VIRTUAL,"Articulación entre el Sistema Nacional de 
Planeamiento Estratégico con el Sistema Nacional de 
Abastecimiento",2026-05-05,2026-05,Femenino,Entre 31 y 40 años,Regional,UNIDAD DE GESTION EDUCATIVA LOCAL DE TUMBES,Tumbes,Educación,II Trimestre,e73b165c32f2
TALLER,VIRTUAL,"Articulación entre el Sistema Nacional de 
Planeamiento Estratégico con el Sistema Nacional de 
Abastecimiento",2026-05-05,2026-05,Masculino,Entre 31 y 40 años,Local,MUNICIPALIDAD DISTRITAL DE TONGOD,Cajamarca,Otros,II Trimestre,85bedeb7a18f
TALLER,VIRTUAL,"Articulación entre el Sistema Nacional de 
Planeamiento Estratégico con el Sistema Nacional de 
Abastecimiento",2026-05-05,2026-05,Masculino,Entre 20 y 30 años,Regional,SUB REGION III CHOTA,Cajamarca,Economía y Finanzas,II Trimestre,f7f164813421
TALLER,VIRTUAL,"Articulación entre el Sistema Nacional de 
Planeamiento Estratégico con el Sistema Nacional de 
Abastecimiento",2026-05-05,2026-05,Masculino,Entre 31 y 40 años,Local,MUNICIPALIDAD DISTRITAL DE QUEROCOTO,Cajamarca,Gobiernos Locales,II Trimestre,3d63b820fcab
TALLER,VIRTUAL,"Articulación entre el Sistema Nacional de 
Planeamiento Estratégico con el Sistema Nacional de 
Abastecimiento",2026-05-05,2026-05,Masculino,Entre 51 y 60 años,Nacional,MEF -CONECTAMEF CAJAMARCA,Cajamarca,Economía y Finanzas,II Trimestre,44a0617d5b7c
TALLER,VIRTUAL,"Articulación entre el Sistema Nacional de 
Planeamiento Estratégico con el Sistema Nacional de 
Abastecimiento",2026-05-05,2026-05,Femenino,Entre 20 y 30 años,Regional,UNIDAD DE GESTION EDUCATIVA SAN IGNACIO,Cajamarca,Educación,II Trimestre,0d0fe1c9f432
TALLER,VIRTUAL,"Articulación entre el Sistema Nacional de 
Planeamiento Estratégico con el Sistema Nacional de 
Abastecimiento",2026-05-05,2026-05,Femenino,Entre 31 y 40 años,Local,MUNICIPALIDAD DISTRITAL DE LIVITACA,Cusco,Gobiernos Locales,II Trimestre,b9d3124fc9b1
TALLER,VIRTUAL,"Articulación entre el Sistema Nacional de 
Planeamiento Estratégico con el Sistema Nacional de 
Abastecimiento",2026-05-05,2026-05,Femenino,Entre 31 y 40 años,Local,MUNICIPALIDAD DISTRITAL DE CRUCERO,Puno,Gobiernos Locales,II Trimestre,2a8b36c82928
TALLER,VIRTUAL,"Articulación entre el Sistema Nacional de 
Planeamiento Estratégico con el Sistema Nacional de 
Abastecimiento",2026-05-05,2026-05,Femenino,Mayor a 61 años,Regional,DIRECCION REGIONAL DE AGRICULTURA TUMBES,Tumbes,Agricultura y Riego,II Trimestre,7788da9da9dc
TALLER,VIRTUAL,"Articulación entre el Sistema Nacional de 
Planeamiento Estratégico con el Sistema Nacional de 
Abastecimiento",2026-05-05,2026-05,Femenino,Entre 31 y 40 años,Nacional,PROYECTO ESP. BINACIONAL PUYANGO TUMBES,Tumbes,Agricultura y Riego,II Trimestre,6311790cdea5
TALLER,VIRTUAL,"Articulación entre el Sistema Nacional de 
Planeamiento Estratégico con el Sistema Nacional de 
Abastecimiento",2026-05-05,2026-05,Femenino,Entre 31 y 40 años,Regional,UNIDAD DE GESTIÓN EDUCATIVA LOCAL UGEL CAJABAMBA,Cajamarca,Educación,II Trimestre,82729c88f8dc
TALLER,VIRTUAL,"Articulación entre el Sistema Nacional de 
Planeamiento Estratégico con el Sistema Nacional de 
Abastecimiento",2026-05-05,2026-05,Masculino,Entre 41 y 50 años,Regional,DIRECCION REGIONAL DE SALUD - CAJAMARCA,Cajamarca,Gobiernos Regionales,II Trimestre,65a3351fc6df
TALLER,VIRTUAL,"Articulación entre el Sistema Nacional de 
Planeamiento Estratégico con el Sistema Nacional de 
Abastecimiento",2026-05-05,2026-05,Femenino,Entre 31 y 40 años,Regional,UNIDAD DE GESTION EDUCATIVA LOCAL CHOTA,Cajamarca,Gobiernos Regionales,II Trimestre,9676dd2df8df
TALLER,VIRTUAL,"Articulación entre el Sistema Nacional de 
Planeamiento Estratégico con el Sistema Nacional de 
Abastecimiento",2026-05-05,2026-05,Femenino,Entre 41 y 50 años,Regional,UNIDAD EJECUTORA RED DE SALUD CAJABAMBA,Cajamarca,Salud,II Trimestre,d819bdea5426
TALLER,VIRTUAL,"Articulación entre el Sistema Nacional de 
Planeamiento Estratégico con el Sistema Nacional de 
Abastecimiento",2026-05-05,2026-05,Femenino,Entre 31 y 40 años,Nacional,ESTACION EXPERIMENTAL AGRARIA ILLPA - PUNO,Puno,Agricultura y Riego,II Trimestre,9deb98c5e35f
TALLER,VIRTUAL,"Articulación entre el Sistema Nacional de 
Planeamiento Estratégico con el Sistema Nacional de 
Abastecimiento",2026-05-05,2026-05,Masculino,Entre 31 y 40 años,Local,MUNICIPALIDAD PROVINCIAL DE SAN MARCOS - PEDRO GALVEZ,Cajamarca,Gobiernos Locales,II Trimestre,d8498dedfaa5
TALLER,VIRTUAL,"Articulación entre el Sistema Nacional de 
Planeamiento Estratégico con el Sistema Nacional de 
Abastecimiento",2026-05-05,2026-05,Femenino,Entre 20 y 30 años,Nacional,UNIVERSIDAD NACIONAL DE CAJAMARCA,Cajamarca,Educación,II Trimestre,dc08fc99a064
TALLER,VIRTUAL,"Articulación entre el Sistema Nacional de 
Planeamiento Estratégico con el Sistema Nacional de 
Abastecimiento",2026-05-05,2026-05,Masculino,Entre 20 y 30 años,Local,MUNICIPALIDAD PROVINCIAL DE CUTERVO,Cajamarca,Gobiernos Locales,II Trimestre,b7335df690a2
TALLER,VIRTUAL,"Articulación entre el Sistema Nacional de 
Planeamiento Estratégico con el Sistema Nacional de 
Abastecimiento",2026-05-05,2026-05,Femenino,Entre 31 y 40 años,Local,MUNICIPALIDAD DISTRITAL DE CHETILLA,Cajamarca,Gobiernos Locales,II Trimestre,300c31e1c655
TALLER,VIRTUAL,"Articulación entre el Sistema Nacional de 
Planeamiento Estratégico con el Sistema Nacional de 
Abastecimiento",2026-05-05,2026-05,Femenino,Entre 41 y 50 años,Local,MUNICIPALIDAD PROVINCIAL DE SAN MARCOS - PEDRO GALVEZ,Cajamarca,Gobiernos Locales,II Trimestre,219c393d0366
TALLER,VIRTUAL,"Articulación entre el Sistema Nacional de 
Planeamiento Estratégico con el Sistema Nacional de 
Abastecimiento",2026-05-05,2026-05,Masculino,Entre 31 y 40 años,Nacional,UNIVERSIDAD NACIONAL DE JULIACA,Puno,Contraloría General,II Trimestre,de28b0791e45
TALLER,VIRTUAL,"Articulación entre el Sistema Nacional de 
Planeamiento Estratégico con el Sistema Nacional de 
Abastecimiento",2026-05-05,2026-05,Masculino,Entre 41 y 50 años,Nacional,MEF -CONECTAMEF CAJAMARCA,Cajamarca,Economía y Finanzas,II Trimestre,173ecb167d4e
TALLER,VIRTUAL,"Articulación entre el Sistema Nacional de 
Planeamiento Estratégico con el Sistema Nacional de 
Abastecimiento",2026-05-05,2026-05,Masculino,Entre 31 y 40 años,Regional,UNIDAD DE GESTION EDUCATIVA LOCAL HUALGAYOC,Cajamarca,Educación,II Trimestre,679e97dc679a
TALLER,VIRTUAL,"Articulación entre el Sistema Nacional de 
Planeamiento Estratégico con el Sistema Nacional de 
Abastecimiento",2026-05-05,2026-05,Masculino,Entre 41 y 50 años,Regional,UNIDAD DE GESTION EDUCATIVA LOCAL DE TUMBES,Tumbes,Educación,II Trimestre,ddf14ab58b9c
TALLER,VIRTUAL,"Articulación entre el Sistema Nacional de 
Planeamiento Estratégico con el Sistema Nacional de 
Abastecimiento",2026-05-05,2026-05,Masculino,Entre 41 y 50 años,Regional,DIRECCIÓN REGIONAL DE TRANSPORTES Y COMUNICACIONES PUNO,Puno,Gobiernos Regionales,II Trimestre,d8e510b86cc6
TALLER,VIRTUAL,"Articulación entre el Sistema Nacional de 
Planeamiento Estratégico con el Sistema Nacional de 
Abastecimiento",2026-05-05,2026-05,Masculino,Entre 31 y 40 años,Nacional,UNIVERSIDAD NACIONAL AUTÓNOMA DE CUTERVO,Cajamarca,Educación,II Trimestre,6cf0aaa727ff
TALLER,VIRTUAL,"Articulación entre el Sistema Nacional de 
Planeamiento Estratégico con el Sistema Nacional de 
Abastecimiento",2026-05-05,2026-05,Masculino,Entre 51 y 60 años,Regional,DIRECCION REGIONAL DE SALUD PUNO,Puno,Salud,II Trimestre,ac0e4aefc267
TALLER,VIRTUAL,"Articulación entre el Sistema Nacional de 
Planeamiento Estratégico con el Sistema Nacional de 
Abastecimiento",2026-05-05,2026-05,Masculino,Entre 31 y 40 años,Local,MUNICIPALIDAD DISTRITAL DE LAJAS,Cajamarca,Gobiernos Locales,II Trimestre,76a80b76770d
TALLER,VIRTUAL,"Articulación entre el Sistema Nacional de 
Planeamiento Estratégico con el Sistema Nacional de 
Abastecimiento",2026-05-05,2026-05,Femenino,Entre 20 y 30 años,Regional,DIRECCIÓN REGIONAL DE TRANSPORTES Y COMUNICACIONES PUNO,Puno,Gobiernos Regionales,II Trimestre,610e107be3f6
TALLER,VIRTUAL,"Articulación entre el Sistema Nacional de 
Planeamiento Estratégico con el Sistema Nacional de 
Abastecimiento",2026-05-05,2026-05,Masculino,Entre 31 y 40 años,Regional,UGEL HUANCANE,Puno,Educación,II Trimestre,56b8a07298dd
TALLER,VIRTUAL,"Articulación entre el Sistema Nacional de 
Planeamiento Estratégico con el Sistema Nacional de 
Abastecimiento",2026-05-05,2026-05,Femenino,Entre 31 y 40 años,Regional,UGEL HUANCANE,Puno,Educación,II Trimestre,bb14c2e44599
TALLER,VIRTUAL,"Articulación entre el Sistema Nacional de 
Planeamiento Estratégico con el Sistema Nacional de 
Abastecimiento",2026-05-05,2026-05,Masculino,Entre 31 y 40 años,Nacional,UNIVERSIDAD NACIONAL AUTÓNOMA DE CUTERVO,Cajamarca,Educación,II Trimestre,2a0581771aee
TALLER,VIRTUAL,"Articulación entre el Sistema Nacional de 
Planeamiento Estratégico con el Sistema Nacional de 
Abastecimiento",2026-05-05,2026-05,Femenino,Entre 31 y 40 años,Nacional,Ceplan,Lima,Presidencia del Consejo de Ministros,II Trimestre,793eeac3bb67
TALLER,VIRTUAL,"Articulación entre el Sistema Nacional de 
Planeamiento Estratégico con el Sistema Nacional de 
Abastecimiento",2026-05-05,2026-05,Femenino,Entre 20 y 30 años,Local,MUNICIPALIDAD DISTRITAL DE CHONTALI,Cajamarca,Gobiernos Locales,II Trimestre,15ec5bd20335
TALLER,VIRTUAL,"Articulación entre el Sistema Nacional de 
Planeamiento Estratégico con el Sistema Nacional de 
Abastecimiento",2026-05-05,2026-05,Masculino,Entre 51 y 60 años,Local,MUNICIPALIDAD DISTRITAL DE CORTEGANA,Cajamarca,Gobiernos Locales,II Trimestre,269e99c71c2d
TALLER,VIRTUAL,"Articulación entre el Sistema Nacional de 
Planeamiento Estratégico con el Sistema Nacional de 
Abastecimiento",2026-05-05,2026-05,Femenino,Entre 31 y 40 años,Regional,GERENCIA SUB-REGIONAL CUTERVO,Cajamarca,Gobiernos Regionales,II Trimestre,aa0c592861e1
TALLER,VIRTUAL,"Articulación entre el Sistema Nacional de 
Planeamiento Estratégico con el Sistema Nacional de 
Abastecimiento",2026-05-05,2026-05,Femenino,Entre 20 y 30 años,Local,MUNICIPALIDAD DISTRITAL DE LAJAS,Cajamarca,Gobiernos Locales,II Trimestre,0252952cb664
TALLER,VIRTUAL,"Articulación entre el Sistema Nacional de 
Planeamiento Estratégico con el Sistema Nacional de 
Abastecimiento",2026-05-05,2026-05,Femenino,Entre 31 y 40 años,Nacional,UNIVERSIDAD NACIONAL DE JULIACA,Puno,Educación,II Trimestre,6596a2acc0a1
TALLER,VIRTUAL,"Articulación entre el Sistema Nacional de 
Planeamiento Estratégico con el Sistema Nacional de 
Abastecimiento",2026-05-05,2026-05,Masculino,Entre 31 y 40 años,Local,MUNICIPALIDAD PROVINCIAL DE CONTUMAZA,Cajamarca,Gobiernos Locales,II Trimestre,9069d77a7f0d
TALLER,VIRTUAL,"Articulación entre el Sistema Nacional de 
Planeamiento Estratégico con el Sistema Nacional de 
Abastecimiento",2026-05-05,2026-05,Femenino,Entre 31 y 40 años,Local,MUNICIPALIDAD DISTRITAL DE OXAMARCA,Cajamarca,Gobiernos Locales,II Trimestre,ce81668aafa8
TALLER,VIRTUAL,"Articulación entre el Sistema Nacional de 
Planeamiento Estratégico con el Sistema Nacional de 
Abastecimiento",2026-05-05,2026-05,Masculino,Entre 41 y 50 años,Local,MUNICIPALIDAD DISTRITAL DE SANTO TOMAS,Cajamarca,Gobiernos Locales,II Trimestre,97ddbe8319cc
TALLER,VIRTUAL,"Articulación entre el Sistema Nacional de 
Planeamiento Estratégico con el Sistema Nacional de 
Abastecimiento",2026-05-05,2026-05,Masculino,Entre 31 y 40 años,Regional,DIRECCION REGIONAL DE SALUD - CAJAMARCA,Cajamarca,Gobiernos Regionales,II Trimestre,d89ed250521b
TALLER,VIRTUAL,"Articulación entre el Sistema Nacional de 
Planeamiento Estratégico con el Sistema Nacional de 
Abastecimiento",2026-05-05,2026-05,Femenino,Entre 31 y 40 años,Nacional,UNIVERSIDAD NACIONAL DE CAJAMARCA,Cajamarca,Educación,II Trimestre,b2742a33cd5f
TALLER,VIRTUAL,"Articulación entre el Sistema Nacional de 
Planeamiento Estratégico con el Sistema Nacional de 
Abastecimiento",2026-05-05,2026-05,Masculino,Entre 51 y 60 años,Local,MUNICIPALIDAD DISTRITAL DE JORGE CHAVEZ,Cajamarca,Gobiernos Locales,II Trimestre,7bf6684d0018
TALLER,VIRTUAL,"Articulación entre el Sistema Nacional de 
Planeamiento Estratégico con el Sistema Nacional de 
Abastecimiento",2026-05-05,2026-05,Femenino,Entre 41 y 50 años,Local,MUNICIPALIDAD PROVINCIAL DE SAN MARCOS - PEDRO GALVEZ,Cajamarca,Gobiernos Locales,II Trimestre,49fd6c3bd72c
TALLER,VIRTUAL,"Articulación entre el Sistema Nacional de 
Planeamiento Estratégico con el Sistema Nacional de 
Abastecimiento",2026-05-05,2026-05,Femenino,Entre 31 y 40 años,Nacional,PROYECTO ESPECIAL BINACIONAL LAGO TITICACA,Puno,Otros,II Trimestre,07bb7b2682cb
TALLER,VIRTUAL,"Articulación entre el Sistema Nacional de 
Planeamiento Estratégico con el Sistema Nacional de 
Abastecimiento",2026-05-05,2026-05,Masculino,Entre 31 y 40 años,Local,MUNICIPALIDAD DISTRITAL DE CORANI,Puno,Gobiernos Locales,II Trimestre,0d298d4725a8
TALLER,VIRTUAL,"Articulación entre el Sistema Nacional de 
Planeamiento Estratégico con el Sistema Nacional de 
Abastecimiento",2026-05-05,2026-05,Masculino,Entre 51 y 60 años,Nacional,ESTACION EXPERIMENTAL AGRARIA ILLPA - PUNO,Puno,Agricultura y Riego,II Trimestre,34bf80617834
TALLER,VIRTUAL,"Articulación entre el Sistema Nacional de 
Planeamiento Estratégico con el Sistema Nacional de 
Abastecimiento",2026-05-05,2026-05,Masculino,Entre 31 y 40 años,Regional,UNIDAD DE GESTION EDUCATIVA LOCAL DE LA PROVINCIA DE SAN MIGUEL - UGEL SAN MIGUEL,Cajamarca,Educación,II Trimestre,85c3aff9ea26
TALLER,VIRTUAL,"Articulación entre el Sistema Nacional de 
Planeamiento Estratégico con el Sistema Nacional de 
Abastecimiento",2026-05-05,2026-05,Femenino,Entre 20 y 30 años,Nacional,UNIVERSIDAD NACIONAL DE DESAGUADERO,Puno,Educación,II Trimestre,5517c71d6a53
TALLER,VIRTUAL,"Articulación entre el Sistema Nacional de 
Planeamiento Estratégico con el Sistema Nacional de 
Abastecimiento",2026-05-05,2026-05,Masculino,Entre 20 y 30 años,Local,MUNICIPALIDAD DISTRITAL DE SAN LUIS,Cajamarca,Gobiernos Locales,II Trimestre,bdb9b506b6b0
TALLER,VIRTUAL,"Articulación entre el Sistema Nacional de 
Planeamiento Estratégico con el Sistema Nacional de 
Abastecimiento",2026-05-05,2026-05,Femenino,Entre 51 y 60 años,Nacional,CORTE SUPERIOR DE JUSTICIA DE PUNO,Puno,Poder Judicial,II Trimestre,4d87469957b4
TALLER,VIRTUAL,"Articulación entre el Sistema Nacional de 
Planeamiento Estratégico con el Sistema Nacional de 
Abastecimiento",2026-05-05,2026-05,Femenino,Entre 41 y 50 años,Nacional,CORTE SUPERIOR DE JUSTICIA DE CAJAMARCA,Cajamarca,Poder Judicial,II Trimestre,4b9645a6008a
TALLER,VIRTUAL,"Articulación entre el Sistema Nacional de 
Planeamiento Estratégico con el Sistema Nacional de 
Abastecimiento",2026-05-05,2026-05,Masculino,Entre 31 y 40 años,Regional,UNIDAD DE GESTION EDUCATIVA LOCAL CHOTA,Cajamarca,Educación,II Trimestre,b3080936bc89
TALLER,VIRTUAL,"Articulación entre el Sistema Nacional de 
Planeamiento Estratégico con el Sistema Nacional de 
Abastecimiento",2026-05-05,2026-05,Femenino,Entre 31 y 40 años,Regional,UNIDAD EJECUTORA RED DE SALUD CAJABAMBA,Cajamarca,Salud,II Trimestre,426679ad18ed
TALLER,VIRTUAL,"Articulación entre el Sistema Nacional de 
Planeamiento Estratégico con el Sistema Nacional de 
Abastecimiento",2026-05-05,2026-05,Femenino,Entre 41 y 50 años,Local,UNIDAD DE GESTIÓN EDUCATIVA LOCAL UGEL CAJABAMBA,Cajamarca,Educación,II Trimestre,189bd4d03014
TALLER,VIRTUAL,"Articulación entre el Sistema Nacional de 
Planeamiento Estratégico con el Sistema Nacional de 
Abastecimiento",2026-05-05,2026-05,Femenino,Entre 31 y 40 años,Nacional,MINISTERIO DE LA MUJER Y POBLACIONES VULNERABLES,Lima,Mujer y Poblaciones Vulnerables,II Trimestre,e4d969a73624
TALLER,VIRTUAL,"Articulación entre el Sistema Nacional de 
Planeamiento Estratégico con el Sistema Nacional de 
Abastecimiento",2026-05-05,2026-05,Masculino,Entre 31 y 40 años,Local,MUNICIPALIDAD DISTRITAL DE SAN JUAN DE CUTERVO,Cajamarca,Gobiernos Locales,II Trimestre,8a2770307393
TALLER,VIRTUAL,"Articulación entre el Sistema Nacional de 
Planeamiento Estratégico con el Sistema Nacional de 
Abastecimiento",2026-05-05,2026-05,Masculino,Entre 51 y 60 años,Regional,DIRECCION REGIONAL DE SALUD TUMBES,Tumbes,Salud,II Trimestre,7bdab96281c1
TALLER,VIRTUAL,"Articulación entre el Sistema Nacional de 
Planeamiento Estratégico con el Sistema Nacional de 
Abastecimiento",2026-05-05,2026-05,Femenino,Entre 41 y 50 años,Regional,GOBIERNO REGIONAL PUNO,Puno,Salud,II Trimestre,8152738dcd95
TALLER,VIRTUAL,"Articulación entre el Sistema Nacional de 
Planeamiento Estratégico con el Sistema Nacional de 
Abastecimiento",2026-05-05,2026-05,Masculino,Entre 31 y 40 años,Local,MUNICIPALIDAD PROVINCIAL DE TUMBES,Tumbes,Gobiernos Locales,II Trimestre,cca4437bb3d7
TALLER,VIRTUAL,"Articulación entre el Sistema Nacional de 
Planeamiento Estratégico con el Sistema Nacional de 
Abastecimiento",2026-05-05,2026-05,Masculino,Entre 31 y 40 años,Local,MUNICIPALIDAD DISTRITAL DE SITACOCHA,Cajamarca,Gobiernos Locales,II Trimestre,aeec430f5bc3
TALLER,VIRTUAL,"Articulación entre el Sistema Nacional de 
Planeamiento Estratégico con el Sistema Nacional de 
Abastecimiento",2026-05-05,2026-05,Masculino,Entre 31 y 40 años,Regional,DIRECCION SUB REGIONAL DE SALUD CHOTA,Cajamarca,Salud,II Trimestre,b04792cf2887
TALLER,VIRTUAL,"Articulación entre el Sistema Nacional de 
Planeamiento Estratégico con el Sistema Nacional de 
Abastecimiento",2026-05-05,2026-05,Masculino,Entre 20 y 30 años,Local,MUNICIPALIDAD PROVINCIAL DE PUNO,Puno,Gobiernos Locales,II Trimestre,675a702d3a09
TALLER,VIRTUAL,"Articulación entre el Sistema Nacional de 
Planeamiento Estratégico con el Sistema Nacional de 
Abastecimiento",2026-05-05,2026-05,Femenino,Entre 31 y 40 años,Local,MUNICIPALIDAD DISTRITAL DE SAN JUAN DE CUTERVO,Cajamarca,Gobiernos Locales,II Trimestre,2d9fc9c1462e
TALLER,VIRTUAL,"Articulación entre el Sistema Nacional de 
Planeamiento Estratégico con el Sistema Nacional de 
Abastecimiento",2026-05-05,2026-05,Masculino,Entre 51 y 60 años,Nacional,UNIVERSIDAD NACIONAL DE JULIACA,Puno,Educación,II Trimestre,23c0577f7b67
TALLER,VIRTUAL,"Articulación entre el Sistema Nacional de 
Planeamiento Estratégico con el Sistema Nacional de 
Abastecimiento",2026-05-06,2026-05,Femenino,Entre 41 y 50 años,Nacional,XI-DIRECCION TERRITORIAL DE POLICIA-AREQUIPA,Arequipa,Interior,II Trimestre,00a2e06728ad
TALLER,VIRTUAL,"Articulación entre el Sistema Nacional de 
Planeamiento Estratégico con el Sistema Nacional de 
Abastecimiento",2026-05-06,2026-05,Femenino,Entre 31 y 40 años,Local,MUNICIPALIDAD DISTRITAL DE CARAPO,Ayacucho,Gobiernos Locales,II Trimestre,85901c56fc09
TALLER,VIRTUAL,"Articulación entre el Sistema Nacional de 
Planeamiento Estratégico con el Sistema Nacional de 
Abastecimiento",2026-05-06,2026-05,Femenino,Entre 20 y 30 años,Nacional,UNIVERSIDAD NACIONAL AUTONOMA DE TAYACAJA DANIEL HERNANDEZ MORILLO,Huancavelica,Educación,II Trimestre,dd056f32e72d
TALLER,VIRTUAL,"Articulación entre el Sistema Nacional de 
Planeamiento Estratégico con el Sistema Nacional de 
Abastecimiento",2026-05-06,2026-05,Masculino,Mayor a 61 años,Local,MUNICIPALIDAD DISTRITAL DE TAPAY,Arequipa,Gobiernos Locales,II Trimestre,140626dc6f90
TALLER,VIRTUAL,"Articulación entre el Sistema Nacional de 
Planeamiento Estratégico con el Sistema Nacional de 
Abastecimiento",2026-05-06,2026-05,Masculino,Entre 31 y 40 años,Regional,UNIDAD EJECUTORA RED DE SALUD AYACUCHO NORTE,Ayacucho,Salud,II Trimestre,761c60d3464f
TALLER,VIRTUAL,"Articulación entre el Sistema Nacional de 
Planeamiento Estratégico con el Sistema Nacional de 
Abastecimiento",2026-05-06,2026-05,Masculino,Entre 41 y 50 años,Local,MUNICIPALIDAD DISTRITAL DE CHARCANA,Arequipa,Gobiernos Locales,II Trimestre,b2f8aa9e8527
TALLER,VIRTUAL,"Articulación entre el Sistema Nacional de 
Planeamiento Estratégico con el Sistema Nacional de 
Abastecimiento",2026-05-06,2026-05,Femenino,Entre 20 y 30 años,Regional,DIRECCIÓN REGIONAL DE SALUD AYACUCHO,Ayacucho,Salud,II Trimestre,f1c1046d164c
TALLER,VIRTUAL,"Articulación entre el Sistema Nacional de 
Planeamiento Estratégico con el Sistema Nacional de 
Abastecimiento",2026-05-06,2026-05,Femenino,Entre 41 y 50 años,Local,MUNICIPALIDAD PROVINCIAL DE HUANTA,Ayacucho,Otros,II Trimestre,c5e0deb858bd
TALLER,VIRTUAL,"Articulación entre el Sistema Nacional de 
Planeamiento Estratégico con el Sistema Nacional de 
Abastecimiento",2026-05-06,2026-05,Masculino,Entre 41 y 50 años,Regional,DIRECCION REGIONAL DE SALUD HUANCAVELICA,Huancavelica,Salud,II Trimestre,14f22c865ff0
TALLER,VIRTUAL,"Articulación entre el Sistema Nacional de 
Planeamiento Estratégico con el Sistema Nacional de 
Abastecimiento",2026-05-06,2026-05,Femenino,Entre 31 y 40 años,Local,MUNICIPALIDAD DISTRITAL DE CHACA,Ayacucho,Gobiernos Locales,II Trimestre,38f1336bbf80
TALLER,VIRTUAL,"Articulación entre el Sistema Nacional de 
Planeamiento Estratégico con el Sistema Nacional de 
Abastecimiento",2026-05-06,2026-05,Masculino,Entre 20 y 30 años,Local,Municipalidad Provincial de Cotabambas - Tambobamba,Apurímac,Gobiernos Locales,II Trimestre,76dcbe40da1d
TALLER,VIRTUAL,"Articulación entre el Sistema Nacional de 
Planeamiento Estratégico con el Sistema Nacional de 
Abastecimiento",2026-05-06,2026-05,Masculino,Entre 20 y 30 años,Local,MUNICIPALIDAD DISTRITAL DE HUAMBO,Arequipa,Gobiernos Locales,II Trimestre,4a9a4ec55be1
TALLER,VIRTUAL,"Articulación entre el Sistema Nacional de 
Planeamiento Estratégico con el Sistema Nacional de 
Abastecimiento",2026-05-06,2026-05,Femenino,Entre 20 y 30 años,Regional,PROGRAMA REGIONAL DE IRRIGACION Y DESARROLLO RURAL INTEGRADO,Ayacucho,Agricultura y Riego,II Trimestre,49b78f02f3d2
TALLER,VIRTUAL,"Articulación entre el Sistema Nacional de 
Planeamiento Estratégico con el Sistema Nacional de 
Abastecimiento",2026-05-06,2026-05,Femenino,Entre 31 y 40 años,Local,MUNICIPALIDAD PROVINCIAL DE ACOBAMBA,Huancavelica,Gobiernos Locales,II Trimestre,3f621472cae5
TALLER,VIRTUAL,"Articulación entre el Sistema Nacional de 
Planeamiento Estratégico con el Sistema Nacional de 
Abastecimiento",2026-05-06,2026-05,Masculino,Entre 31 y 40 años,Regional,HOSPITAL DEPARTAMENTAL DE HUANCAVELICA,Huancavelica,Salud,II Trimestre,f28bc600cd17
TALLER,VIRTUAL,"Articulación entre el Sistema Nacional de 
Planeamiento Estratégico con el Sistema Nacional de 
Abastecimiento",2026-05-06,2026-05,Masculino,Entre 31 y 40 años,Nacional,SUNARP - SEDE AYACUCHO,Ayacucho,Justicia y Derechos Humanos,II Trimestre,6713d71fcd5a
TALLER,VIRTUAL,"Articulación entre el Sistema Nacional de 
Planeamiento Estratégico con el Sistema Nacional de 
Abastecimiento",2026-05-06,2026-05,Femenino,Entre 31 y 40 años,Regional,GERENCIA REGIONAL DE EDUCACIÓN DEL GOBIERNO REGIONAL DE AREQUIPA,Arequipa,Educación,II Trimestre,1acae20df0b5
TALLER,VIRTUAL,"Articulación entre el Sistema Nacional de 
Planeamiento Estratégico con el Sistema Nacional de 
Abastecimiento",2026-05-06,2026-05,Masculino,Entre 20 y 30 años,Local,MUNICIPALIDAD DISTRITAL DE AHUAYCHA,Huancavelica,Gobiernos Locales,II Trimestre,f35338c8e40e
TALLER,VIRTUAL,"Articulación entre el Sistema Nacional de 
Planeamiento Estratégico con el Sistema Nacional de 
Abastecimiento",2026-05-06,2026-05,Femenino,Entre 20 y 30 años,Local,MUNICIPALIDAD DISTRITAL DE PALCA,Huancavelica,Gobiernos Locales,II Trimestre,74dfbff1289c
TALLER,VIRTUAL,"Articulación entre el Sistema Nacional de 
Planeamiento Estratégico con el Sistema Nacional de 
Abastecimiento",2026-05-06,2026-05,Masculino,Entre 31 y 40 años,Regional,GOBIERNO REGIONAL DE AREQUIPA - UGE SUR,Arequipa,Educación,II Trimestre,1bcea0f2b29e
TALLER,VIRTUAL,"Articulación entre el Sistema Nacional de 
Planeamiento Estratégico con el Sistema Nacional de 
Abastecimiento",2026-05-06,2026-05,Femenino,Entre 20 y 30 años,Local,MUNICIPALIDAD DISTRITAL DE UCHUMAYO,Arequipa,Gobiernos Locales,II Trimestre,045141ad602b
TALLER,VIRTUAL,"Articulación entre el Sistema Nacional de 
Planeamiento Estratégico con el Sistema Nacional de 
Abastecimiento",2026-05-06,2026-05,Masculino,Entre 20 y 30 años,Nacional,UNIVERSIDAD NACIONAL DE SAN AGUSTIN,Arequipa,Educación,II Trimestre,61b4b1205f28
TALLER,VIRTUAL,"Articulación entre el Sistema Nacional de 
Planeamiento Estratégico con el Sistema Nacional de 
Abastecimiento",2026-05-06,2026-05,Masculino,Entre 41 y 50 años,Local,MUNICIPALIDAD DISTRITAL DE UCHUMAYO,Arequipa,Gobiernos Locales,II Trimestre,9346e5cf1518
TALLER,VIRTUAL,"Articulación entre el Sistema Nacional de 
Planeamiento Estratégico con el Sistema Nacional de 
Abastecimiento",2026-05-06,2026-05,Masculino,Entre 31 y 40 años,Nacional,ZONA REGISTRAL N° XII,Arequipa,Justicia y Derechos Humanos,II Trimestre,1f1e5b64a7cb
TALLER,VIRTUAL,"Articulación entre el Sistema Nacional de 
Planeamiento Estratégico con el Sistema Nacional de 
Abastecimiento",2026-05-06,2026-05,Femenino,Entre 20 y 30 años,Local,MUNICIPALIDAD DISTRITAL DE INDEPENDENCIA,Ayacucho,Gobiernos Locales,II Trimestre,dd5599f2049b
TALLER,VIRTUAL,"Articulación entre el Sistema Nacional de 
Planeamiento Estratégico con el Sistema Nacional de 
Abastecimiento",2026-05-06,2026-05,Masculino,Entre 31 y 40 años,Local,MUNICIPALIDAD DISTRITAL DE ANCO,Huancavelica,Gobiernos Locales,II Trimestre,b3a88b95e849
TALLER,VIRTUAL,"Articulación entre el Sistema Nacional de 
Planeamiento Estratégico con el Sistema Nacional de 
Abastecimiento",2026-05-06,2026-05,Masculino,Entre 31 y 40 años,Regional,UNIDAD DE GESTION EDUCATIVA LOCAL SURCUBAMBA,Huancavelica,Gobiernos Locales,II Trimestre,d8df85f1801d
TALLER,VIRTUAL,"Articulación entre el Sistema Nacional de 
Planeamiento Estratégico con el Sistema Nacional de 
Abastecimiento",2026-05-06,2026-05,Masculino,Entre 31 y 40 años,Local,MUNICIPALIDAD DISTRITAL DE AYNA,Ayacucho,Gobiernos Locales,II Trimestre,8e43f8354bec
TALLER,VIRTUAL,"Articulación entre el Sistema Nacional de 
Planeamiento Estratégico con el Sistema Nacional de 
Abastecimiento",2026-05-06,2026-05,Masculino,Entre 20 y 30 años,Local,MUNICIPALIDAD PROVINCIAL DE CUTERVO,Cajamarca,Gobiernos Locales,II Trimestre,b7335df690a2
TALLER,VIRTUAL,"Articulación entre el Sistema Nacional de 
Planeamiento Estratégico con el Sistema Nacional de 
Abastecimiento",2026-05-06,2026-05,Masculino,Entre 31 y 40 años,Nacional,SUNARP - SEDE AYACUCHO,Ayacucho,Justicia y Derechos Humanos,II Trimestre,c7abcb08bd3e
TALLER,VIRTUAL,"Articulación entre el Sistema Nacional de 
Planeamiento Estratégico con el Sistema Nacional de 
Abastecimiento",2026-05-06,2026-05,Femenino,Entre 31 y 40 años,Regional,UNIDAD DE GESTION EDUCATIVA DE LUCANAS,Ayacucho,Educación,II Trimestre,eecbc504bda1
TALLER,VIRTUAL,"Articulación entre el Sistema Nacional de 
Planeamiento Estratégico con el Sistema Nacional de 
Abastecimiento",2026-05-06,2026-05,Masculino,Entre 41 y 50 años,Nacional,MINISTERIO PUBLICO GERENCIA ADMINISTRATIVA DE AREQUIPA,Arequipa,Ministerio Público,II Trimestre,cb9eb0ddb68f
TALLER,VIRTUAL,"Articulación entre el Sistema Nacional de 
Planeamiento Estratégico con el Sistema Nacional de 
Abastecimiento",2026-05-06,2026-05,Masculino,Entre 31 y 40 años,Local,MUNICIPALIDAD PROVINCIAL DE HUANCAVELICA,Huancavelica,Gobiernos Locales,II Trimestre,41f13eeeaa89
TALLER,VIRTUAL,"Articulación entre el Sistema Nacional de 
Planeamiento Estratégico con el Sistema Nacional de 
Abastecimiento",2026-05-06,2026-05,Femenino,Entre 31 y 40 años,Regional,DIRECCION REGIONAL DE SALUD HUANCAVELICA,Huancavelica,Salud,II Trimestre,dd09fbbb18e4
TALLER,VIRTUAL,"Articulación entre el Sistema Nacional de 
Planeamiento Estratégico con el Sistema Nacional de 
Abastecimiento",2026-05-06,2026-05,Femenino,Entre 31 y 40 años,Local,MUNICIPALIDAD DISTRITAL DE SOCOS,Ayacucho,Gobiernos Locales,II Trimestre,ae91ad05fa45
TALLER,VIRTUAL,"Articulación entre el Sistema Nacional de 
Planeamiento Estratégico con el Sistema Nacional de 
Abastecimiento",2026-05-06,2026-05,Masculino,Entre 31 y 40 años,Nacional,SUNARP - SEDE AYACUCHO,Ayacucho,Justicia y Derechos Humanos,II Trimestre,88e52207f8f3
TALLER,VIRTUAL,"Articulación entre el Sistema Nacional de 
Planeamiento Estratégico con el Sistema Nacional de 
Abastecimiento",2026-05-06,2026-05,Femenino,Entre 20 y 30 años,Local,MUNICIPALIDAD DISTRITAL DE MORCOLLA,Ayacucho,Gobiernos Locales,II Trimestre,d45448459788
TALLER,VIRTUAL,"Articulación entre el Sistema Nacional de 
Planeamiento Estratégico con el Sistema Nacional de 
Abastecimiento",2026-05-06,2026-05,Femenino,Entre 20 y 30 años,Local,MUNICIPALIDAD DISTRITAL DE TISCO,Arequipa,Gobiernos Locales,II Trimestre,186707c05b30
TALLER,VIRTUAL,"Articulación entre el Sistema Nacional de 
Planeamiento Estratégico con el Sistema Nacional de 
Abastecimiento",2026-05-06,2026-05,Femenino,Entre 20 y 30 años,Local,MUNICIPALIDAD DISTRITAL DE COCACHACRA,Arequipa,Otros,II Trimestre,321b8683c6a4
TALLER,VIRTUAL,"Articulación entre el Sistema Nacional de 
Planeamiento Estratégico con el Sistema Nacional de 
Abastecimiento",2026-05-06,2026-05,Femenino,Entre 31 y 40 años,Local,MUNICIPALIDAD DISTRITAL DE CARHUANCA,Ayacucho,Gobiernos Locales,II Trimestre,9b1c1e6984dc
TALLER,VIRTUAL,"Articulación entre el Sistema Nacional de 
Planeamiento Estratégico con el Sistema Nacional de 
Abastecimiento",2026-05-06,2026-05,Femenino,Entre 20 y 30 años,Local,MUNICIPALIDAD DISTRITAL DE TIABAYA,Arequipa,Gobiernos Locales,II Trimestre,a4fa6bc7b99a
TALLER,VIRTUAL,"Articulación entre el Sistema Nacional de 
Planeamiento Estratégico con el Sistema Nacional de 
Abastecimiento",2026-05-06,2026-05,Masculino,Entre 31 y 40 años,Nacional,UNIVERSIDAD NACIONAL DE HUANCAVELICA,Huancavelica,Educación,II Trimestre,3daea3972cdf
TALLER,VIRTUAL,"Articulación entre el Sistema Nacional de 
Planeamiento Estratégico con el Sistema Nacional de 
Abastecimiento",2026-05-06,2026-05,Masculino,Mayor a 61 años,Regional,GOBIERNO REGIONAL DE AREQUIPA -UGE NORTE,Arequipa,Educación,II Trimestre,42fa90ba9fad
TALLER,VIRTUAL,"Articulación entre el Sistema Nacional de 
Planeamiento Estratégico con el Sistema Nacional de 
Abastecimiento",2026-05-06,2026-05,Femenino,Entre 51 y 60 años,Regional,GOBIERNO REGIONAL DE HUANCAVELICA,Huancavelica,Gobiernos Regionales,II Trimestre,7f4be088fced
TALLER,VIRTUAL,"Articulación entre el Sistema Nacional de 
Planeamiento Estratégico con el Sistema Nacional de 
Abastecimiento",2026-05-06,2026-05,Masculino,Entre 31 y 40 años,Local,MUNICIPALIDAD PROVINCIAL DE LA MAR,Ayacucho,Gobiernos Locales,II Trimestre,8f2888bad039
TALLER,VIRTUAL,"Articulación entre el Sistema Nacional de 
Planeamiento Estratégico con el Sistema Nacional de 
Abastecimiento",2026-05-06,2026-05,Femenino,Entre 41 y 50 años,Regional,HOSPITAL III REGIONAL HONORIO DELGADO ESPINOZA DEL GOBIERNO REGIONAL DE AREQUIPA,Arequipa,Salud,II Trimestre,276ff0264d64
TALLER,VIRTUAL,"Articulación entre el Sistema Nacional de 
Planeamiento Estratégico con el Sistema Nacional de 
Abastecimiento",2026-05-06,2026-05,Femenino,Entre 41 y 50 años,Nacional,CORTE SUPERIOR DE JUSTICIA DE AREQUIPA,Arequipa,Poder Judicial,II Trimestre,aca027db20df
TALLER,VIRTUAL,"Articulación entre el Sistema Nacional de 
Planeamiento Estratégico con el Sistema Nacional de 
Abastecimiento",2026-05-06,2026-05,Masculino,Entre 31 y 40 años,Nacional,REGIÓN POLICIAL AYACUCHO - ICA,Ayacucho,Interior,II Trimestre,bd63b0b81e42
TALLER,VIRTUAL,"Articulación entre el Sistema Nacional de 
Planeamiento Estratégico con el Sistema Nacional de 
Abastecimiento",2026-05-06,2026-05,Masculino,Entre 51 y 60 años,Nacional,INSTITUTO NACIONAL PENITENCIARIO OFICINA REGIONAL SUR,Arequipa,Justicia y Derechos Humanos,II Trimestre,5c381e9d5949
TALLER,VIRTUAL,"Articulación entre el Sistema Nacional de 
Planeamiento Estratégico con el Sistema Nacional de 
Abastecimiento",2026-05-06,2026-05,Femenino,Entre 41 y 50 años,Regional,UGEL CASTILLA,Arequipa,Educación,II Trimestre,9d7664fe08c9
TALLER,VIRTUAL,"Articulación entre el Sistema Nacional de 
Planeamiento Estratégico con el Sistema Nacional de 
Abastecimiento",2026-05-06,2026-05,Femenino,Entre 41 y 50 años,Nacional,INSTITUTO NACIONAL PENITENCIARIO OFICINA REGIONAL SUR,Arequipa,Justicia y Derechos Humanos,II Trimestre,2b12430c65bb
TALLER,VIRTUAL,"Articulación entre el Sistema Nacional de 
Planeamiento Estratégico con el Sistema Nacional de 
Abastecimiento",2026-05-06,2026-05,Femenino,Entre 31 y 40 años,Nacional,OFICINA DE INTEGRIDAD INSTITUCIONAL PNP,Lima,Interior,II Trimestre,00cfcf943bce
TALLER,VIRTUAL,"Articulación entre el Sistema Nacional de 
Planeamiento Estratégico con el Sistema Nacional de 
Abastecimiento",2026-05-06,2026-05,Femenino,Entre 20 y 30 años,Local,MUNICIPALIDAD DISTRITAL DE TAPAY,Arequipa,Otros,II Trimestre,a5f78d7e6b7c
TALLER,VIRTUAL,"Articulación entre el Sistema Nacional de 
Planeamiento Estratégico con el Sistema Nacional de 
Abastecimiento",2026-05-06,2026-05,Masculino,Entre 51 y 60 años,Nacional,INSTITUTO NACIONAL PENITENCIARIO OFICINA REGIONAL SUR,Arequipa,Justicia y Derechos Humanos,II Trimestre,e0a609713bfd
TALLER,VIRTUAL,"Articulación entre el Sistema Nacional de 
Planeamiento Estratégico con el Sistema Nacional de 
Abastecimiento",2026-05-06,2026-05,Femenino,Entre 20 y 30 años,Local,MUNICIPALIDAD DISTRITAL DE UCHUMAYO,Arequipa,Otros,II Trimestre,2be5fd9ef3a7
TALLER,VIRTUAL,"Articulación entre el Sistema Nacional de 
Planeamiento Estratégico con el Sistema Nacional de 
Abastecimiento",2026-05-06,2026-05,Femenino,Entre 31 y 40 años,Regional,DIRECCION REGIONAL DE EDUCACION DE HUANCAVELICA,Huancavelica,Educación,II Trimestre,05f65772b218
TALLER,VIRTUAL,"Articulación entre el Sistema Nacional de 
Planeamiento Estratégico con el Sistema Nacional de 
Abastecimiento",2026-05-06,2026-05,Masculino,Entre 51 y 60 años,Regional,UNIDAD DE GESTION EDUCATIVA LOCAL CHURCAMPA,Huancavelica,Educación,II Trimestre,9c4af825ced9
TALLER,VIRTUAL,"Articulación entre el Sistema Nacional de 
Planeamiento Estratégico con el Sistema Nacional de 
Abastecimiento",2026-05-06,2026-05,Masculino,Entre 31 y 40 años,Regional,UNIDAD DE GESTIÓN EDUCATIVA LOCAL DE TAYACAJA,Huancavelica,Educación,II Trimestre,8a5ac8d100cc
TALLER,VIRTUAL,"Articulación entre el Sistema Nacional de 
Planeamiento Estratégico con el Sistema Nacional de 
Abastecimiento",2026-05-06,2026-05,Masculino,Entre 31 y 40 años,Local,MUNICIPALIDAD DISTRITAL DE INDEPENDENCIA,Ayacucho,Gobiernos Locales,II Trimestre,a8eef5397936
TALLER,VIRTUAL,"Articulación entre el Sistema Nacional de 
Planeamiento Estratégico con el Sistema Nacional de 
Abastecimiento",2026-05-06,2026-05,Masculino,Entre 41 y 50 años,Regional,HOSPITAL DE PAMPAS DE TAYACAJA,Huancavelica,Salud,II Trimestre,70319ad92c91
TALLER,VIRTUAL,"Articulación entre el Sistema Nacional de 
Planeamiento Estratégico con el Sistema Nacional de 
Abastecimiento",2026-05-06,2026-05,Masculino,Entre 20 y 30 años,Local,MUNICIPALIDAD DISTRITAL DE LURICOCHA,Ayacucho,Gobiernos Locales,II Trimestre,5645f8fb96cd
TALLER,VIRTUAL,"Articulación entre el Sistema Nacional de 
Planeamiento Estratégico con el Sistema Nacional de 
Abastecimiento",2026-05-06,2026-05,Masculino,Entre 31 y 40 años,Regional,UNIDAD DE GESTION EDUCATIVA DE LUCANAS,Ayacucho,Educación,II Trimestre,1d620acc1c8d
TALLER,VIRTUAL,"Articulación entre el Sistema Nacional de 
Planeamiento Estratégico con el Sistema Nacional de 
Abastecimiento",2026-05-06,2026-05,Masculino,Entre 31 y 40 años,Nacional,ZONA REGISTRAL NRO XIV,Ayacucho,Justicia y Derechos Humanos,II Trimestre,8da3756ec5f8
TALLER,VIRTUAL,"Articulación entre el Sistema Nacional de 
Planeamiento Estratégico con el Sistema Nacional de 
Abastecimiento",2026-05-06,2026-05,Femenino,Entre 31 y 40 años,Local,MUNICIPALIDAD PROVINCIAL DE LA MAR,Ayacucho,Gobiernos Locales,II Trimestre,c7ba61adb925
TALLER,VIRTUAL,"Articulación entre el Sistema Nacional de 
Planeamiento Estratégico con el Sistema Nacional de 
Abastecimiento",2026-05-06,2026-05,Masculino,Entre 20 y 30 años,Local,MUNICIPALIDAD DISTRITAL DE MARIA PARADO DE BELLIDO,Ayacucho,Gobiernos Locales,II Trimestre,5559afcb35b5
TALLER,VIRTUAL,"Articulación entre el Sistema Nacional de 
Planeamiento Estratégico con el Sistema Nacional de 
Abastecimiento",2026-05-06,2026-05,Masculino,Entre 41 y 50 años,Regional,UNIDAD EJECUTORA 403 RED DE SALUD TAYACAJA,Huancavelica,Salud,II Trimestre,670d42ed1c6d
TALLER,VIRTUAL,"Articulación entre el Sistema Nacional de 
Planeamiento Estratégico con el Sistema Nacional de 
Abastecimiento",2026-05-06,2026-05,Femenino,Entre 31 y 40 años,Local,MUNICIPALIDAD DISTRITAL DE SALCABAMBA,Huancavelica,Gobiernos Locales,II Trimestre,678f9e5f5068
TALLER,VIRTUAL,"Articulación entre el Sistema Nacional de 
Planeamiento Estratégico con el Sistema Nacional de 
Abastecimiento",2026-05-06,2026-05,Masculino,Entre 31 y 40 años,Regional,UNIDAD DE GESTION EDUCATIVA LOCAL DE VICTOR FAJARDO,Ayacucho,Educación,II Trimestre,81857f7e8e33
TALLER,VIRTUAL,"Articulación entre el Sistema Nacional de 
Planeamiento Estratégico con el Sistema Nacional de 
Abastecimiento",2026-05-06,2026-05,Masculino,Entre 41 y 50 años,Nacional,CONECTAMEF HUANCAVELICA,Huancavelica,Economía y Finanzas,II Trimestre,aa4f5ec49525
TALLER,VIRTUAL,"Articulación entre el Sistema Nacional de 
Planeamiento Estratégico con el Sistema Nacional de 
Abastecimiento",2026-05-06,2026-05,Masculino,Entre 31 y 40 años,Local,MUNICIPALIDAD DISTRITAL DE UCHUMAYO,Arequipa,Gobiernos Locales,II Trimestre,a672fdfe4256
TALLER,VIRTUAL,"Articulación entre el Sistema Nacional de 
Planeamiento Estratégico con el Sistema Nacional de 
Abastecimiento",2026-05-06,2026-05,Masculino,Entre 41 y 50 años,Regional,UNIDAD EJECUTORA - UGEL LA JOYA,Arequipa,Educación,II Trimestre,3888340f4fce
TALLER,VIRTUAL,"Articulación entre el Sistema Nacional de 
Planeamiento Estratégico con el Sistema Nacional de 
Abastecimiento",2026-05-06,2026-05,Femenino,Entre 51 y 60 años,Nacional,CORTE SUPERIOR DE JUSTICIA DE AREQUIPA,Arequipa,Poder Judicial,II Trimestre,3a2699ae66e9
TALLER,VIRTUAL,"Articulación entre el Sistema Nacional de 
Planeamiento Estratégico con el Sistema Nacional de 
Abastecimiento",2026-05-06,2026-05,Masculino,Entre 31 y 40 años,Local,MUNICIPALIDAD DISTRITAL DE UCHUMAYO,Arequipa,Gobiernos Locales,II Trimestre,7bc24bb66778
TALLER,VIRTUAL,"Articulación entre el Sistema Nacional de 
Planeamiento Estratégico con el Sistema Nacional de 
Abastecimiento",2026-05-06,2026-05,Femenino,Entre 31 y 40 años,Local,MUNICIPALIDAD DISTRITAL DE QUEQUEÑA,Arequipa,Gobiernos Locales,II Trimestre,a9504cac700b
TALLER,VIRTUAL,"Articulación entre el Sistema Nacional de 
Planeamiento Estratégico con el Sistema Nacional de 
Abastecimiento",2026-05-06,2026-05,Femenino,Entre 20 y 30 años,Nacional,UNIVERSIDAD NACIONAL DE SAN AGUSTIN,Arequipa,Educación,II Trimestre,112ceaf5482c
TALLER,VIRTUAL,"Articulación entre el Sistema Nacional de 
Planeamiento Estratégico con el Sistema Nacional de 
Abastecimiento",2026-05-06,2026-05,Femenino,Entre 31 y 40 años,Nacional,REGIÓN POLICIAL AYACUCHO - ICA,Ayacucho,Fuero Militar Policial,II Trimestre,28bdb0a8ac99
TALLER,VIRTUAL,"Articulación entre el Sistema Nacional de 
Planeamiento Estratégico con el Sistema Nacional de 
Abastecimiento",2026-05-06,2026-05,Masculino,Entre 41 y 50 años,Local,MUNICIPALIDAD DISTRITAL DE ACOBAMBILLA,Huancavelica,Gobiernos Locales,II Trimestre,b9e92b9f1b92
TALLER,VIRTUAL,"Articulación entre el Sistema Nacional de 
Planeamiento Estratégico con el Sistema Nacional de 
Abastecimiento",2026-05-06,2026-05,Femenino,Entre 31 y 40 años,Nacional,REGIÓN POLICIAL AYACUCHO - ICA,Ayacucho,Interior,II Trimestre,34b2285f2b07
TALLER,PRESENCIAL,"Taller presencial sobre la Programación Multianual de Bienes, Servicios y Obras, en marco del Sistema Nacional de Abastecimiento - Junín",2026-04-22,2026-04,Masculino,Entre 31 y 40 años,Regional,HOSPITAL DE APOYO JUNÍN,Junín,Salud,II Trimestre,a29c832a0354
TALLER,PRESENCIAL,"Taller presencial sobre la Programación Multianual de Bienes, Servicios y Obras, en marco del Sistema Nacional de Abastecimiento - Junín",2026-04-22,2026-04,Masculino,Entre 31 y 40 años,Local,MUNICIPALIDAD PROVINCIAL DE OXAPAMPA,Pasco,Gobiernos Locales,II Trimestre,31e1f6adead4
TALLER,PRESENCIAL,"Taller presencial sobre la Programación Multianual de Bienes, Servicios y Obras, en marco del Sistema Nacional de Abastecimiento - Junín",2026-04-22,2026-04,Masculino,No especificado,Regional,VIII DIRECCIÓN TERRITORIAL DE POLICÍA HUANCAYO,Junín,Interior,II Trimestre,3c5ca55e9bea
TALLER,PRESENCIAL,"Taller presencial sobre la Programación Multianual de Bienes, Servicios y Obras, en marco del Sistema Nacional de Abastecimiento - Junín",2026-04-22,2026-04,Masculino,Entre 41 y 50 años,Regional,UNIDAD EJECUTORA RED DE SALUD SAN MARTIN DE PANGOA,Junín,Salud,II Trimestre,c7aaf219de3f
TALLER,PRESENCIAL,"Taller presencial sobre la Programación Multianual de Bienes, Servicios y Obras, en marco del Sistema Nacional de Abastecimiento - Junín",2026-04-22,2026-04,Masculino,Entre 20 y 30 años,Local,MUNICIPALIDAD DISTRITAL DE CONSTITUCIÓN,Pasco,Gobiernos Locales,II Trimestre,93435d037814
TALLER,PRESENCIAL,"Taller presencial sobre la Programación Multianual de Bienes, Servicios y Obras, en marco del Sistema Nacional de Abastecimiento - Junín",2026-04-22,2026-04,Masculino,Entre 31 y 40 años,Regional,GOB. REG. DE JUNIN - GERENCIA SUB REGIONAL CHANCHAMAYO,Junín,Gobiernos Regionales,II Trimestre,a222319837a6
TALLER,PRESENCIAL,"Taller presencial sobre la Programación Multianual de Bienes, Servicios y Obras, en marco del Sistema Nacional de Abastecimiento - Junín",2026-04-22,2026-04,Femenino,No especificado,Local,MUNICIPALIDAD DISTRITAL DE YAUYOS,Junín,Gobiernos Locales,II Trimestre,3132eb546f5d
TALLER,PRESENCIAL,"Taller presencial sobre la Programación Multianual de Bienes, Servicios y Obras, en marco del Sistema Nacional de Abastecimiento - Junín",2026-04-22,2026-04,Femenino,Entre 31 y 40 años,Local,MUNICIPALIDAD PROVINCIAL DE TARMA,Junín,Gobiernos Locales,II Trimestre,9f0151fd3a3f
TALLER,PRESENCIAL,"Taller presencial sobre la Programación Multianual de Bienes, Servicios y Obras, en marco del Sistema Nacional de Abastecimiento - Junín",2026-04-22,2026-04,Femenino,Entre 51 y 60 años,Regional,RED DE SALUD VALLE DEL MANTARO,Junín,Salud,II Trimestre,6d0330d1770a
TALLER,PRESENCIAL,"Taller presencial sobre la Programación Multianual de Bienes, Servicios y Obras, en marco del Sistema Nacional de Abastecimiento - Junín",2026-04-22,2026-04,Masculino,No especificado,Regional,UNIDAD EJECUTORA - EDUCACIÓN YAULI LA OROYA,Junín,Educación,II Trimestre,4de421fb341d
TALLER,PRESENCIAL,"Taller presencial sobre la Programación Multianual de Bienes, Servicios y Obras, en marco del Sistema Nacional de Abastecimiento - Junín",2026-04-22,2026-04,Femenino,Entre 41 y 50 años,Local,MUNICIPALIDAD DISTRITAL DE HUASAHUASI,Junín,Gobiernos Locales,II Trimestre,d5e8afb1287d
TALLER,PRESENCIAL,"Taller presencial sobre la Programación Multianual de Bienes, Servicios y Obras, en marco del Sistema Nacional de Abastecimiento - Junín",2026-04-22,2026-04,Masculino,No especificado,Regional,REGIÓN JUNÍN SALUD TARMA,Junín,Salud,II Trimestre,f6bb403ff086
TALLER,PRESENCIAL,"Taller presencial sobre la Programación Multianual de Bienes, Servicios y Obras, en marco del Sistema Nacional de Abastecimiento - Junín",2026-04-22,2026-04,Masculino,No especificado,Local,MUNICIPALIDAD DISTRITAL DE SAN JERÓNIMO DE TUNÁN,Junín,Gobiernos Locales,II Trimestre,9f9b8fc60dbf
TALLER,PRESENCIAL,"Taller presencial sobre la Programación Multianual de Bienes, Servicios y Obras, en marco del Sistema Nacional de Abastecimiento - Junín",2026-04-22,2026-04,Femenino,Entre 20 y 30 años,Local,MUNICIPALIDAD DISTRITAL DE ONDORES,Junín,Gobiernos Locales,II Trimestre,12ddd78c9f29
TALLER,PRESENCIAL,"Taller presencial sobre la Programación Multianual de Bienes, Servicios y Obras, en marco del Sistema Nacional de Abastecimiento - Junín",2026-04-22,2026-04,Femenino,No especificado,Local,MUNICIPALIDAD DISTRITAL DE MUQUIYAUYO,Junín,Gobiernos Locales,II Trimestre,98af8957aa2a
TALLER,PRESENCIAL,"Taller presencial sobre la Programación Multianual de Bienes, Servicios y Obras, en marco del Sistema Nacional de Abastecimiento - Junín",2026-04-22,2026-04,Femenino,Entre 31 y 40 años,Local,MUNICIPALIDAD DISTRITAL DE MATAHUASI,Junín,Gobiernos Locales,II Trimestre,dd4df6407073
TALLER,PRESENCIAL,"Taller presencial sobre la Programación Multianual de Bienes, Servicios y Obras, en marco del Sistema Nacional de Abastecimiento - Junín",2026-04-22,2026-04,Masculino,Entre 41 y 50 años,Regional,DIRECCIÓN REGIONAL DE TRANSPORTES Y COMUNICACIONES DE JUNÍN,Junín,Transportes y Comunicaciones,II Trimestre,d93a35347fb6
TALLER,PRESENCIAL,"Taller presencial sobre la Programación Multianual de Bienes, Servicios y Obras, en marco del Sistema Nacional de Abastecimiento - Junín",2026-04-22,2026-04,Femenino,Entre 20 y 30 años,Local,MUNICIPALIDAD DISTRITAL DE COLCA,Junín,Gobiernos Locales,II Trimestre,fa494b04dc36
TALLER,PRESENCIAL,"Taller presencial sobre la Programación Multianual de Bienes, Servicios y Obras, en marco del Sistema Nacional de Abastecimiento - Junín",2026-04-22,2026-04,Masculino,Entre 41 y 50 años,Regional,UNIDAD DE GESTIÓN EDUCATIVA LOCAL DE TARMA,Junín,Educación,II Trimestre,4ee959206393
TALLER,PRESENCIAL,"Taller presencial sobre la Programación Multianual de Bienes, Servicios y Obras, en marco del Sistema Nacional de Abastecimiento - Junín",2026-04-22,2026-04,Masculino,Entre 51 y 60 años,Nacional,DIRECCIÓN REGIONAL CENTRO HUANCAYO DEL INPE,Junín,Justicia y Derechos Humanos,II Trimestre,8501dbe175d9
TALLER,PRESENCIAL,"Taller presencial sobre la Programación Multianual de Bienes, Servicios y Obras, en marco del Sistema Nacional de Abastecimiento - Junín",2026-04-22,2026-04,Femenino,Entre 31 y 40 años,Regional,UNIDAD EJECUTORA RED DE SALUD PICHANAKI,Junín,Salud,II Trimestre,2df7ddcd7204
TALLER,PRESENCIAL,"Taller presencial sobre la Programación Multianual de Bienes, Servicios y Obras, en marco del Sistema Nacional de Abastecimiento - Junín",2026-04-22,2026-04,Masculino,Entre 31 y 40 años,Regional,UNIDAD DE GESTIÓN EDUCATIVA DE OXAPAMPA,Pasco,Educación,II Trimestre,d363c5acc608
TALLER,PRESENCIAL,"Taller presencial sobre la Programación Multianual de Bienes, Servicios y Obras, en marco del Sistema Nacional de Abastecimiento - Junín",2026-04-22,2026-04,Masculino,Entre 41 y 50 años,Nacional,ESTACIÓN EXPERIMENTAL AGRARIA SANTA ANA JUNÍN,Junín,Agricultura y Riego,II Trimestre,da9212b4d4c6
TALLER,PRESENCIAL,"Taller presencial sobre la Programación Multianual de Bienes, Servicios y Obras, en marco del Sistema Nacional de Abastecimiento - Junín",2026-04-22,2026-04,Masculino,Entre 41 y 50 años,Local,MUNICIPALIDAD DISTRITAL DE HUANCABAMBA,Pasco,Gobiernos Locales,II Trimestre,8d527726d0a9
TALLER,PRESENCIAL,"Taller presencial sobre la Programación Multianual de Bienes, Servicios y Obras, en marco del Sistema Nacional de Abastecimiento - Junín",2026-04-22,2026-04,Femenino,No especificado,Local,MUNICIPALIDAD DISTRITAL DE EL TAMBO,Junín,Gobiernos Locales,II Trimestre,730c6ba62236
TALLER,PRESENCIAL,"Taller presencial sobre la Programación Multianual de Bienes, Servicios y Obras, en marco del Sistema Nacional de Abastecimiento - Junín",2026-04-22,2026-04,Masculino,No especificado,Regional,UNIDAD EJECUTORA - EDUCACIÓN HUANCAYO,Junín,Gobiernos Locales,II Trimestre,ac2717d59397
TALLER,PRESENCIAL,"Taller presencial sobre la Programación Multianual de Bienes, Servicios y Obras, en marco del Sistema Nacional de Abastecimiento - Junín",2026-04-22,2026-04,Masculino,Entre 31 y 40 años,Regional,DIRECCIÓN DE SALUD JUNÍN,Junín,Salud,II Trimestre,2a2fc98aa385
TALLER,PRESENCIAL,"Taller presencial sobre la Programación Multianual de Bienes, Servicios y Obras, en marco del Sistema Nacional de Abastecimiento - Junín",2026-04-22,2026-04,Femenino,No especificado,Regional,VIII DIRECCIÓN TERRITORIAL DE POLICÍA HUANCAYO,Junín,Interior,II Trimestre,78fd1eb789af
TALLER,PRESENCIAL,"Taller presencial sobre la Programación Multianual de Bienes, Servicios y Obras, en marco del Sistema Nacional de Abastecimiento - Junín",2026-04-22,2026-04,Femenino,No especificado,Nacional,UNIVERSIDAD NACIONAL DEL CENTRO DEL PERÚ (UNCP),Junín,Educación,II Trimestre,a2945a6ecdf7
TALLER,PRESENCIAL,"Taller presencial sobre la Programación Multianual de Bienes, Servicios y Obras, en marco del Sistema Nacional de Abastecimiento - Junín",2026-04-22,2026-04,Masculino,No especificado,Regional,HOSPITAL DANIEL ALCIDES CARRIÓN,Junín,Salud,II Trimestre,44a6df82c68e
TALLER,PRESENCIAL,"Taller presencial sobre la Programación Multianual de Bienes, Servicios y Obras, en marco del Sistema Nacional de Abastecimiento - Junín",2026-04-22,2026-04,Masculino,Entre 51 y 60 años,Local,MUNICIPALIDAD DISTRITAL DE PALCA,Junín,Gobiernos Locales,II Trimestre,6647910e4837
TALLER,PRESENCIAL,"Taller presencial sobre la Programación Multianual de Bienes, Servicios y Obras, en marco del Sistema Nacional de Abastecimiento - Junín",2026-04-22,2026-04,Masculino,No especificado,Regional,UNIDAD EJECUTORA - EDUCACIÓN HUANCAYO,Junín,Gobiernos Locales,II Trimestre,176ddfa68ab6
TALLER,PRESENCIAL,"Taller presencial sobre la Programación Multianual de Bienes, Servicios y Obras, en marco del Sistema Nacional de Abastecimiento - Junín",2026-04-22,2026-04,Femenino,Entre 31 y 40 años,Local,MUNICIPALIDAD DISTRITAL DE SAN AGUSTÍN DE CAJAS,Junín,Otros,II Trimestre,1f12ac221263
TALLER,PRESENCIAL,"Taller presencial sobre la Programación Multianual de Bienes, Servicios y Obras, en marco del Sistema Nacional de Abastecimiento - Junín",2026-04-22,2026-04,Masculino,No especificado,Local,MUNICIPALIDAD DISTRITAL DE PALCA,Junín,Gobiernos Locales,II Trimestre,aeeb4c9111f6
TALLER,PRESENCIAL,"Taller presencial sobre la Programación Multianual de Bienes, Servicios y Obras, en marco del Sistema Nacional de Abastecimiento - Junín",2026-04-22,2026-04,Femenino,No especificado,Regional,HOSPITAL DANIEL ALCIDES CARRIÓN,Junín,Salud,II Trimestre,826a3caf96ca
TALLER,PRESENCIAL,"Taller presencial sobre la Programación Multianual de Bienes, Servicios y Obras, en marco del Sistema Nacional de Abastecimiento - Junín",2026-04-22,2026-04,Masculino,Entre 51 y 60 años,Regional,UNIDAD EJECUTORA - EDUCACIÓN JAUJA,Junín,Educación,II Trimestre,cf8f13b6091d
TALLER,PRESENCIAL,"Taller presencial sobre la Programación Multianual de Bienes, Servicios y Obras, en marco del Sistema Nacional de Abastecimiento - Junín",2026-04-22,2026-04,Masculino,Mayor a 61 años,Regional,UNIDAD DE GESTIÓN EDUCATIVA LOCAL DE DANIEL ALCIDES CARRION,Pasco,Educación,II Trimestre,6704f10775df
TALLER,PRESENCIAL,"Taller presencial sobre la Programación Multianual de Bienes, Servicios y Obras, en marco del Sistema Nacional de Abastecimiento - Junín",2026-04-22,2026-04,Masculino,Entre 51 y 60 años,Regional,UNIDAD EJECUTORA - EDUCACIÓN JAUJA,Junín,Educación,II Trimestre,9247ed10bb11
TALLER,PRESENCIAL,"Taller presencial sobre la Programación Multianual de Bienes, Servicios y Obras, en marco del Sistema Nacional de Abastecimiento - Junín",2026-04-22,2026-04,Masculino,Entre 31 y 40 años,Regional,UNIDAD EJECUTORA - EDUCACIÓN HUANCAYO,Junín,Educación,II Trimestre,bec9edb8d473
TALLER,PRESENCIAL,"Taller presencial sobre la Programación Multianual de Bienes, Servicios y Obras, en marco del Sistema Nacional de Abastecimiento - Junín",2026-04-22,2026-04,Femenino,Entre 41 y 50 años,Nacional,CORTE SUPERIOR DE JUSTICIA DE JUNÍN,Junín,Poder Judicial,II Trimestre,a5c4313200c0
TALLER,PRESENCIAL,"Taller presencial sobre la Programación Multianual de Bienes, Servicios y Obras, en marco del Sistema Nacional de Abastecimiento - Junín",2026-04-22,2026-04,Masculino,Entre 31 y 40 años,Regional,UNIDAD DE GESTIÓN EDUCATIVA DE SATIPO CHANCHAMAYO,Junín,Educación,II Trimestre,2b243abdaa99
TALLER,PRESENCIAL,"Taller presencial sobre la Programación Multianual de Bienes, Servicios y Obras, en marco del Sistema Nacional de Abastecimiento - Junín",2026-04-22,2026-04,Masculino,Entre 51 y 60 años,Local,MUNICIPALIDAD PROVINCIAL DE TARMA,Junín,Gobiernos Locales,II Trimestre,4edb28ae88a2
TALLER,PRESENCIAL,"Taller presencial sobre la Programación Multianual de Bienes, Servicios y Obras, en marco del Sistema Nacional de Abastecimiento - Junín",2026-04-22,2026-04,Masculino,Entre 31 y 40 años,Local,MUNICIPALIDAD DISTRITAL DE MUQUI,Junín,Gobiernos Locales,II Trimestre,9bc0e8e43669
TALLER,PRESENCIAL,"Taller presencial sobre la Programación Multianual de Bienes, Servicios y Obras, en marco del Sistema Nacional de Abastecimiento - Junín",2026-04-22,2026-04,Masculino,No especificado,Regional,UNIDAD DE GESTIÓN EDUCATIVA LOCAL DE CHANCHAMAYO,Junín,Educación,II Trimestre,d258c1dab22d
TALLER,PRESENCIAL,"Taller presencial sobre la Programación Multianual de Bienes, Servicios y Obras, en marco del Sistema Nacional de Abastecimiento - Junín",2026-04-22,2026-04,Femenino,No especificado,Regional,HOSPITAL DANIEL ALCIDES CARRIÓN,Junín,Salud,II Trimestre,0770fcc9472d
TALLER,PRESENCIAL,"Taller presencial sobre la Programación Multianual de Bienes, Servicios y Obras, en marco del Sistema Nacional de Abastecimiento - Junín",2026-04-22,2026-04,Femenino,No especificado,Regional,UNIDAD EJECUTORA - EDUCACIÓN PICHANAKI,Junín,Educación,II Trimestre,87c679c1379d
TALLER,PRESENCIAL,"Taller presencial sobre la Programación Multianual de Bienes, Servicios y Obras, en marco del Sistema Nacional de Abastecimiento - Junín",2026-04-22,2026-04,Masculino,Entre 31 y 40 años,Local,MUNICIPALIDAD DISTRITAL DE MAZAMARI,Junín,Gobiernos Locales,II Trimestre,5aaeaeb35255
TALLER,PRESENCIAL,"Taller presencial sobre la Programación Multianual de Bienes, Servicios y Obras, en marco del Sistema Nacional de Abastecimiento - Junín",2026-04-22,2026-04,Masculino,Entre 20 y 30 años,Local,MUNICIPALIDAD DISTRITAL DE ACOBAMBA,Junín,Gobiernos Locales,II Trimestre,70b653594a55
TALLER,PRESENCIAL,"Taller presencial sobre la Programación Multianual de Bienes, Servicios y Obras, en marco del Sistema Nacional de Abastecimiento - Junín",2026-04-22,2026-04,Masculino,Entre 31 y 40 años,Local,MUNICIPALIDAD DISTRITAL DE ACOLLA,Junín,Gobiernos Locales,II Trimestre,4aa86b4f1a93
TALLER,PRESENCIAL,"Taller presencial sobre la Programación Multianual de Bienes, Servicios y Obras, en marco del Sistema Nacional de Abastecimiento - Junín",2026-04-22,2026-04,Masculino,No especificado,Local,MUNICIPALIDAD DISTRITAL DE CHILCA,Junín,Gobiernos Locales,II Trimestre,818dc2f17c10
TALLER,PRESENCIAL,"Taller presencial sobre la Programación Multianual de Bienes, Servicios y Obras, en marco del Sistema Nacional de Abastecimiento - Junín",2026-04-22,2026-04,Femenino,Entre 31 y 40 años,Regional,UNIDAD EJECUTORA - PASCO SELVA CENTRAL,Pasco,Agricultura y Riego,II Trimestre,69dd656c64ad
TALLER,PRESENCIAL,"Taller presencial sobre la Programación Multianual de Bienes, Servicios y Obras, en marco del Sistema Nacional de Abastecimiento - Junín",2026-04-22,2026-04,Femenino,Entre 31 y 40 años,Local,MUNICIPALIDAD DISTRITAL DE HUÁCHAC,Junín,Gobiernos Locales,II Trimestre,2af218930b74
TALLER,PRESENCIAL,"Taller presencial sobre la Programación Multianual de Bienes, Servicios y Obras, en marco del Sistema Nacional de Abastecimiento - Junín",2026-04-22,2026-04,Femenino,Entre 20 y 30 años,Nacional,ESTACIÓN EXPERIMENTAL AGRARIA SANTA ANA JUNÍN,Junín,Agricultura y Riego,II Trimestre,406b02dd6c31
TALLER,PRESENCIAL,"Taller presencial sobre la Programación Multianual de Bienes, Servicios y Obras, en marco del Sistema Nacional de Abastecimiento - Junín",2026-04-22,2026-04,Masculino,No especificado,Local,MUNICIPALIDAD DISTRITAL DE EL TAMBO,Junín,Gobiernos Locales,II Trimestre,d514a5d77e84
TALLER,PRESENCIAL,"Taller presencial sobre la Programación Multianual de Bienes, Servicios y Obras, en marco del Sistema Nacional de Abastecimiento - Junín",2026-04-22,2026-04,Femenino,Entre 20 y 30 años,Regional,UNIDAD DE GESTIÓN EDUCATIVA DE SATIPO CHANCHAMAYO,Junín,Educación,II Trimestre,ff62f0f47421
TALLER,PRESENCIAL,"Taller presencial sobre la Programación Multianual de Bienes, Servicios y Obras, en marco del Sistema Nacional de Abastecimiento - Junín",2026-04-22,2026-04,Masculino,Entre 41 y 50 años,Local,MUNICIPALIDAD DISTRITAL DE HUASAHUASI,Junín,Gobiernos Locales,II Trimestre,7fc70c89788e
TALLER,PRESENCIAL,"Taller presencial sobre la Programación Multianual de Bienes, Servicios y Obras, en marco del Sistema Nacional de Abastecimiento - Junín",2026-04-22,2026-04,Masculino,No especificado,Local,MUNICIPALIDAD DISTRITAL DE COMAS,Junín,Gobiernos Locales,II Trimestre,40c47559f2da
TALLER,PRESENCIAL,"Taller presencial sobre la Programación Multianual de Bienes, Servicios y Obras, en marco del Sistema Nacional de Abastecimiento - Junín",2026-04-22,2026-04,Femenino,Entre 31 y 40 años,Local,MUNICIPALIDAD DISTRITAL DE CURICACA,Junín,Gobiernos Locales,II Trimestre,f974ecac663e
TALLER,PRESENCIAL,"Taller presencial sobre la Programación Multianual de Bienes, Servicios y Obras, en marco del Sistema Nacional de Abastecimiento - Junín",2026-04-22,2026-04,Masculino,Entre 31 y 40 años,Nacional,ZONA REGISTRAL NRO VIII - SEDE HUANCAYO,Junín,Justicia y Derechos Humanos,II Trimestre,3a2251fe558a
TALLER,PRESENCIAL,"Taller presencial sobre la Programación Multianual de Bienes, Servicios y Obras, en marco del Sistema Nacional de Abastecimiento - Junín",2026-04-22,2026-04,Femenino,Entre 20 y 30 años,Local,MUNICIPALIDAD DISTRITAL DE MATAHUASI,Junín,Gobiernos Locales,II Trimestre,30545193ebb9
TALLER,PRESENCIAL,"Taller presencial sobre la Programación Multianual de Bienes, Servicios y Obras, en marco del Sistema Nacional de Abastecimiento - Junín",2026-04-22,2026-04,Femenino,Entre 31 y 40 años,Regional,UNIDAD EJECUTORA - EDUCACIÓN PUERTO BERMÚDEZ,Pasco,Educación,II Trimestre,2568b5993d78
TALLER,PRESENCIAL,"Taller presencial sobre la Programación Multianual de Bienes, Servicios y Obras, en marco del Sistema Nacional de Abastecimiento - Junín",2026-04-22,2026-04,Femenino,Entre 20 y 30 años,Local,MUNICIPALIDAD DISTRITAL DE COCHAS,Junín,Gobiernos Locales,II Trimestre,d8952ee5c896
TALLER,PRESENCIAL,"Taller presencial sobre la Programación Multianual de Bienes, Servicios y Obras, en marco del Sistema Nacional de Abastecimiento - Junín",2026-04-22,2026-04,Femenino,Entre 20 y 30 años,Regional,UNIDAD EJECUTORA - EDUCACIÓN PUERTO BERMÚDEZ,Pasco,Educación,II Trimestre,a19b048c8e50
TALLER,PRESENCIAL,"Taller presencial sobre la Programación Multianual de Bienes, Servicios y Obras, en marco del Sistema Nacional de Abastecimiento - Junín",2026-04-22,2026-04,Femenino,Entre 31 y 40 años,Nacional,CORTE SUPERIOR DE JUSTICIA DE JUNÍN,Junín,Poder Judicial,II Trimestre,5b05295a2e09
TALLER,PRESENCIAL,"Taller presencial sobre la Programación Multianual de Bienes, Servicios y Obras, en marco del Sistema Nacional de Abastecimiento - Junín",2026-04-22,2026-04,Masculino,Entre 41 y 50 años,Local,MUNICIPALIDAD PROVINCIAL DE JAUJA,Junín,Gobiernos Locales,II Trimestre,6ec277bc3e91
TALLER,PRESENCIAL,"Taller presencial sobre la Programación Multianual de Bienes, Servicios y Obras, en marco del Sistema Nacional de Abastecimiento - Junín",2026-04-22,2026-04,Femenino,Entre 31 y 40 años,Local,MUNICIPALIDAD DISTRITAL DE NUEVE DE JULIO,Junín,Gobiernos Locales,II Trimestre,1c2864b490ca
TALLER,PRESENCIAL,"Taller presencial sobre la Programación Multianual de Bienes, Servicios y Obras, en marco del Sistema Nacional de Abastecimiento - Junín",2026-04-22,2026-04,Femenino,No especificado,Local,MUNICIPALIDAD DISTRITAL DE CURICACA,Junín,Gobiernos Locales,II Trimestre,f31ca5ac941b
TALLER,PRESENCIAL,"Taller presencial sobre la Programación Multianual de Bienes, Servicios y Obras, en marco del Sistema Nacional de Abastecimiento - Junín",2026-04-22,2026-04,Masculino,Entre 31 y 40 años,Local,MUNICIPALIDAD PROVINCIAL DE TARMA,Junín,Gobiernos Locales,II Trimestre,88472ad26353
TALLER,PRESENCIAL,"Taller presencial sobre la Programación Multianual de Bienes, Servicios y Obras, en marco del Sistema Nacional de Abastecimiento - Junín",2026-04-22,2026-04,Femenino,No especificado,Local,MUNICIPALIDAD DISTRITAL DE QUICHUAY,Junín,Gobiernos Locales,II Trimestre,99332cb3f522
TALLER,PRESENCIAL,"Taller presencial sobre la Programación Multianual de Bienes, Servicios y Obras, en marco del Sistema Nacional de Abastecimiento - Junín",2026-04-22,2026-04,Femenino,Entre 31 y 40 años,Regional,REGIÓN JUNÍN SALUD TARMA,Junín,Salud,II Trimestre,9ee02383be97
TALLER,PRESENCIAL,"Taller presencial sobre la Programación Multianual de Bienes, Servicios y Obras, en marco del Sistema Nacional de Abastecimiento - Junín",2026-04-22,2026-04,Femenino,Entre 31 y 40 años,Nacional,DIRECCIÓN REGIONAL CENTRO HUANCAYO DEL INPE,Junín,Poder Judicial,II Trimestre,61ec7c3c4332
TALLER,PRESENCIAL,"Taller presencial sobre la Programación Multianual de Bienes, Servicios y Obras, en marco del Sistema Nacional de Abastecimiento - Junín",2026-04-22,2026-04,Femenino,Entre 51 y 60 años,Regional,UNIDAD EJECUTORA - EDUCACIÓN JAUJA,Junín,Educación,II Trimestre,430ccc561a23
TALLER,PRESENCIAL,"Taller presencial sobre la Programación Multianual de Bienes, Servicios y Obras, en marco del Sistema Nacional de Abastecimiento - Junín",2026-04-22,2026-04,Femenino,No especificado,Regional,UNIDAD EJECUTORA INSTITUTO REGIONAL DE ENFERMEDADES NEOPLÁSICAS DEL CENTRO - IREN CENTRO,Junín,Salud,II Trimestre,b1451e2bf47e
TALLER,PRESENCIAL,"Taller presencial sobre la Programación Multianual de Bienes, Servicios y Obras, en marco del Sistema Nacional de Abastecimiento - Junín",2026-04-22,2026-04,Masculino,Entre 41 y 50 años,Nacional,PROYECTO ESPECIAL PICHIS PALCAZU,Pasco,Agricultura y Riego,II Trimestre,0457ec7ce4d1
TALLER,PRESENCIAL,"Taller presencial sobre la Programación Multianual de Bienes, Servicios y Obras, en marco del Sistema Nacional de Abastecimiento - Junín",2026-04-22,2026-04,Masculino,Entre 20 y 30 años,Local,MUNICIPALIDAD DISTRITAL DE PICHANAQUI,Junín,Gobiernos Locales,II Trimestre,a51a32e2a7f5
TALLER,PRESENCIAL,"Taller presencial sobre la Programación Multianual de Bienes, Servicios y Obras, en marco del Sistema Nacional de Abastecimiento - Junín",2026-04-22,2026-04,Femenino,Entre 20 y 30 años,Local,MUNICIPALIDAD DISTRITAL DE MITO,Junín,Otros,II Trimestre,a836819d2b1b
TALLER,PRESENCIAL,"Taller presencial sobre la Programación Multianual de Bienes, Servicios y Obras, en marco del Sistema Nacional de Abastecimiento - Junín",2026-04-22,2026-04,Femenino,No especificado,Nacional,UNIVERSIDAD NACIONAL DEL CENTRO DEL PERÚ (UNCP),Junín,Educación,II Trimestre,493b9d1a7955
TALLER,PRESENCIAL,"Taller presencial sobre la Programación Multianual de Bienes, Servicios y Obras, en marco del Sistema Nacional de Abastecimiento - Junín",2026-04-22,2026-04,Femenino,No especificado,Local,MUNICIPALIDAD DISTRITAL DE NINACACA,Pasco,Gobiernos Locales,II Trimestre,9fc8b1231b33
TALLER,PRESENCIAL,"Taller presencial sobre la Programación Multianual de Bienes, Servicios y Obras, en marco del Sistema Nacional de Abastecimiento - Junín",2026-04-22,2026-04,Femenino,Entre 20 y 30 años,Regional,UNIDAD DE GESTIÓN EDUCATIVA DE OXAPAMPA,Pasco,Educación,II Trimestre,656243a3d5a8
TALLER,PRESENCIAL,"Taller presencial sobre la Programación Multianual de Bienes, Servicios y Obras, en marco del Sistema Nacional de Abastecimiento - Junín",2026-04-22,2026-04,Femenino,No especificado,Nacional,UNIVERSIDAD NACIONAL DEL CENTRO DEL PERÚ (UNCP),Junín,Educación,II Trimestre,ce7e8262517d
TALLER,PRESENCIAL,"Taller presencial sobre la Programación Multianual de Bienes, Servicios y Obras, en marco del Sistema Nacional de Abastecimiento - Junín",2026-04-22,2026-04,Masculino,Entre 41 y 50 años,Regional,UNIDAD EJECUTORA - EDUCACIÓN CONCEPCIÓN,Junín,Educación,II Trimestre,5cc181d75614
TALLER,PRESENCIAL,"Taller presencial sobre la Programación Multianual de Bienes, Servicios y Obras, en marco del Sistema Nacional de Abastecimiento - Junín",2026-04-22,2026-04,Masculino,No especificado,Local,MUNICIPALIDAD DISTRITAL DE PAUCARTAMBO,Pasco,Gobiernos Locales,II Trimestre,f639025632b3
TALLER,PRESENCIAL,"Taller presencial sobre la Programación Multianual de Bienes, Servicios y Obras, en marco del Sistema Nacional de Abastecimiento - Junín",2026-04-22,2026-04,Femenino,Entre 31 y 40 años,Local,MUNICIPALIDAD DISTRITAL DE HUAYHUAY,Junín,Gobiernos Locales,II Trimestre,b2a94634c99b
TALLER,PRESENCIAL,"Taller presencial sobre la Programación Multianual de Bienes, Servicios y Obras, en marco del Sistema Nacional de Abastecimiento - Junín",2026-04-22,2026-04,Femenino,Entre 31 y 40 años,Regional,UNIDAD EJECUTORA - EDUCACIÓN PICHANAKI,Junín,Educación,II Trimestre,261d77d48a49
TALLER,PRESENCIAL,"Taller presencial sobre la Programación Multianual de Bienes, Servicios y Obras, en marco del Sistema Nacional de Abastecimiento - Junín",2026-04-22,2026-04,Femenino,Entre 20 y 30 años,Local,MUNICIPALIDAD DISTRITAL DE HEROÍNAS TOLEDO,Junín,Gobiernos Locales,II Trimestre,84feec983367
TALLER,PRESENCIAL,"Taller presencial sobre la Programación Multianual de Bienes, Servicios y Obras, en marco del Sistema Nacional de Abastecimiento - Junín",2026-04-22,2026-04,Masculino,Entre 41 y 50 años,Local,MUNICIPALIDAD DISTRITAL DE NUEVE DE JULIO,Junín,Gobiernos Locales,II Trimestre,82754e58177a
TALLER,PRESENCIAL,"Taller presencial sobre la Programación Multianual de Bienes, Servicios y Obras, en marco del Sistema Nacional de Abastecimiento - Junín",2026-04-22,2026-04,Femenino,Entre 31 y 40 años,Local,MUNICIPALIDAD DISTRITAL DE HUASAHUASI,Junín,Gobiernos Locales,II Trimestre,8385a91acced
TALLER,PRESENCIAL,"Taller presencial sobre la Programación Multianual de Bienes, Servicios y Obras, en marco del Sistema Nacional de Abastecimiento - Junín",2026-04-22,2026-04,Masculino,Entre 31 y 40 años,Local,MUNICIPALIDAD DISTRITAL DE HUARICOLCA,Junín,Gobiernos Locales,II Trimestre,6db533280af7
TALLER,PRESENCIAL,"Taller presencial sobre la Programación Multianual de Bienes, Servicios y Obras, en marco del Sistema Nacional de Abastecimiento - Junín",2026-04-22,2026-04,Femenino,No especificado,Nacional,UNIVERSIDAD NACIONAL DEL CENTRO DEL PERÚ (UNCP),Junín,Educación,II Trimestre,d431bc755120
TALLER,PRESENCIAL,"Taller presencial sobre la Programación Multianual de Bienes, Servicios y Obras, en marco del Sistema Nacional de Abastecimiento - Junín",2026-04-22,2026-04,Femenino,Entre 31 y 40 años,Local,MUNICIPALIDAD DISTRITAL DE MASMA,Junín,Gobiernos Locales,II Trimestre,196504c3a122
TALLER,PRESENCIAL,"Taller presencial sobre la Programación Multianual de Bienes, Servicios y Obras, en marco del Sistema Nacional de Abastecimiento - Junín",2026-04-22,2026-04,Femenino,No especificado,Local,MUNICIPALIDAD DISTRITAL DE SAÑO,Junín,Gobiernos Locales,II Trimestre,8c3c233a907c
TALLER,PRESENCIAL,"Taller presencial sobre la Programación Multianual de Bienes, Servicios y Obras, en marco del Sistema Nacional de Abastecimiento - Junín",2026-04-22,2026-04,Masculino,Entre 41 y 50 años,Regional,RED DE SALUD JAUJA,Junín,Salud,II Trimestre,1d3d968a365b
TALLER,PRESENCIAL,"Taller presencial sobre la Programación Multianual de Bienes, Servicios y Obras, en marco del Sistema Nacional de Abastecimiento - Junín",2026-04-22,2026-04,Femenino,Entre 31 y 40 años,Local,MUNICIPALIDAD DISTRITAL DE CHUPURO,Junín,Gobiernos Locales,II Trimestre,4be7d6275a36
TALLER,PRESENCIAL,"Taller presencial sobre la Programación Multianual de Bienes, Servicios y Obras, en marco del Sistema Nacional de Abastecimiento - Junín",2026-04-22,2026-04,Femenino,No especificado,Local,MUNICIPALIDAD DISTRITAL DE HUALHUAS,Junín,Gobiernos Locales,II Trimestre,a61f275abf20
TALLER,PRESENCIAL,"Taller presencial sobre la Programación Multianual de Bienes, Servicios y Obras, en marco del Sistema Nacional de Abastecimiento - Junín",2026-04-22,2026-04,Femenino,Entre 31 y 40 años,Regional,DIRECCIÓN REGIONAL DE PRODUCCIÓN DE JUNÍN,Junín,Producción,II Trimestre,d6b40770ef1a
TALLER,PRESENCIAL,"Taller presencial sobre la Programación Multianual de Bienes, Servicios y Obras, en marco del Sistema Nacional de Abastecimiento - Junín",2026-04-22,2026-04,Masculino,Entre 41 y 50 años,Regional,UNIDAD EJECUTORA RED DE SALUD PICHANAKI,Junín,Salud,II Trimestre,5ff86c449b1f
TALLER,PRESENCIAL,"Taller presencial sobre la Programación Multianual de Bienes, Servicios y Obras, en marco del Sistema Nacional de Abastecimiento - Junín",2026-04-22,2026-04,Femenino,No especificado,Regional,UNIDAD EJECUTORA - EDUCACIÓN CONCEPCIÓN,Junín,Educación,II Trimestre,d59d5f818f32
TALLER,PRESENCIAL,"Taller presencial sobre la Programación Multianual de Bienes, Servicios y Obras, en marco del Sistema Nacional de Abastecimiento - Junín",2026-04-22,2026-04,Femenino,Entre 41 y 50 años,Local,MUNICIPALIDAD DISTRITAL DE INGENIO,Junín,Gobiernos Locales,II Trimestre,5b32e1fec971
TALLER,PRESENCIAL,"Taller presencial sobre la Programación Multianual de Bienes, Servicios y Obras, en marco del Sistema Nacional de Abastecimiento - Puno",2026-04-30,2026-04,Masculino,Entre 31 y 40 años,Regional,UNIDAD DE GESTIÓN EDUCATIVA LOCAL DE CHUCUITO,Puno,Educación,II Trimestre,a06aa8f6bf07
TALLER,PRESENCIAL,"Taller presencial sobre la Programación Multianual de Bienes, Servicios y Obras, en marco del Sistema Nacional de Abastecimiento - Puno",2026-04-30,2026-04,Femenino,Entre 20 y 30 años,Regional,RED DE SALUD EL COLLAO,Puno,Salud,II Trimestre,e124341e07de
TALLER,PRESENCIAL,"Taller presencial sobre la Programación Multianual de Bienes, Servicios y Obras, en marco del Sistema Nacional de Abastecimiento - Puno",2026-04-30,2026-04,Femenino,No especificado,Local,MUNICIPALIDAD PROVINCIAL DE PUNO,Puno,Gobiernos Locales,II Trimestre,e9ee00bdeaad
TALLER,PRESENCIAL,"Taller presencial sobre la Programación Multianual de Bienes, Servicios y Obras, en marco del Sistema Nacional de Abastecimiento - Puno",2026-04-30,2026-04,Masculino,Entre 20 y 30 años,Regional,RED DE SALUD DE YUNGUYO,Puno,Salud,II Trimestre,1e3b35b83143
TALLER,PRESENCIAL,"Taller presencial sobre la Programación Multianual de Bienes, Servicios y Obras, en marco del Sistema Nacional de Abastecimiento - Puno",2026-04-30,2026-04,Femenino,No especificado,Local,MUNICIPALIDAD PROVINCIAL DE PUNO,Puno,Gobiernos Locales,II Trimestre,264df9130c0c
TALLER,PRESENCIAL,"Taller presencial sobre la Programación Multianual de Bienes, Servicios y Obras, en marco del Sistema Nacional de Abastecimiento - Puno",2026-04-30,2026-04,Masculino,Entre 41 y 50 años,Local,MUNICIPALIDAD PROVINCIAL DE HUANCANÉ,Puno,Gobiernos Locales,II Trimestre,29b234d98ab6
TALLER,PRESENCIAL,"Taller presencial sobre la Programación Multianual de Bienes, Servicios y Obras, en marco del Sistema Nacional de Abastecimiento - Puno",2026-04-30,2026-04,Femenino,Entre 20 y 30 años,Regional,RED DE SALUD HUANCANÉ,Puno,Salud,II Trimestre,f57ef2b9fce8
TALLER,PRESENCIAL,"Taller presencial sobre la Programación Multianual de Bienes, Servicios y Obras, en marco del Sistema Nacional de Abastecimiento - Puno",2026-04-30,2026-04,Femenino,Entre 20 y 30 años,Local,MUNICIPALIDAD DISTRITAL DE ANAPIA,Puno,Gobiernos Locales,II Trimestre,83a5ff655ed8
TALLER,PRESENCIAL,"Taller presencial sobre la Programación Multianual de Bienes, Servicios y Obras, en marco del Sistema Nacional de Abastecimiento - Puno",2026-04-30,2026-04,Masculino,No especificado,Local,MUNICIPALIDAD DISTRITAL DE PAUCARCOLLA,Puno,Gobiernos Locales,II Trimestre,f6564ce65951
TALLER,PRESENCIAL,"Taller presencial sobre la Programación Multianual de Bienes, Servicios y Obras, en marco del Sistema Nacional de Abastecimiento - Puno",2026-04-30,2026-04,Femenino,Entre 31 y 40 años,Local,MUNICIPALIDAD DISTRITAL DE COPANI,Puno,Gobiernos Locales,II Trimestre,c3c6d45473f2
TALLER,PRESENCIAL,"Taller presencial sobre la Programación Multianual de Bienes, Servicios y Obras, en marco del Sistema Nacional de Abastecimiento - Puno",2026-04-30,2026-04,Masculino,Entre 20 y 30 años,Regional,REDESS SAN ROMÁN - HOSPITAL CARLOS MONGE MEDRANO,Puno,Salud,II Trimestre,28e73cb19681
TALLER,PRESENCIAL,"Taller presencial sobre la Programación Multianual de Bienes, Servicios y Obras, en marco del Sistema Nacional de Abastecimiento - Puno",2026-04-30,2026-04,Masculino,Mayor a 61 años,Nacional,UNIVERSIDAD NACIONAL INTERCULTURAL AIMARA DE ILAVE,Puno,Educación,II Trimestre,c686e43fc177
TALLER,PRESENCIAL,"Taller presencial sobre la Programación Multianual de Bienes, Servicios y Obras, en marco del Sistema Nacional de Abastecimiento - Puno",2026-04-30,2026-04,Femenino,Entre 20 y 30 años,Local,MUNICIPALIDAD PROVINCIAL DE YUNGUYO,Puno,Gobiernos Locales,II Trimestre,7e0a4cd9f1a1
TALLER,PRESENCIAL,"Taller presencial sobre la Programación Multianual de Bienes, Servicios y Obras, en marco del Sistema Nacional de Abastecimiento - Puno",2026-04-30,2026-04,Masculino,Entre 41 y 50 años,Regional,UNIDAD DE GESTIÓN EDUCATIVA LOCAL DE MOHO,Puno,Educación,II Trimestre,55e1917662b3
TALLER,PRESENCIAL,"Taller presencial sobre la Programación Multianual de Bienes, Servicios y Obras, en marco del Sistema Nacional de Abastecimiento - Puno",2026-04-30,2026-04,Femenino,Entre 20 y 30 años,Local,MUNICIPALIDAD PROVINCIAL DE HUANCANÉ,Puno,Gobiernos Locales,II Trimestre,b9b4adc53a16
TALLER,PRESENCIAL,"Taller presencial sobre la Programación Multianual de Bienes, Servicios y Obras, en marco del Sistema Nacional de Abastecimiento - Puno",2026-04-30,2026-04,Femenino,Entre 20 y 30 años,Nacional,UNIVERSIDAD NACIONAL DEL ALTIPLANO PUNO (UNAP),Puno,Economía y Finanzas,II Trimestre,c80cf07e0681
TALLER,PRESENCIAL,"Taller presencial sobre la Programación Multianual de Bienes, Servicios y Obras, en marco del Sistema Nacional de Abastecimiento - Puno",2026-04-30,2026-04,Femenino,Entre 41 y 50 años,Local,MUNICIPALIDAD PROVINCIAL DE PUNO,Puno,Gobiernos Locales,II Trimestre,0642bb7a0eb0
TALLER,PRESENCIAL,"Taller presencial sobre la Programación Multianual de Bienes, Servicios y Obras, en marco del Sistema Nacional de Abastecimiento - Puno",2026-04-30,2026-04,Femenino,Entre 20 y 30 años,Local,MUNICIPALIDAD PROVINCIAL DE HUANCANÉ,Puno,Gobiernos Locales,II Trimestre,c08bc8767b3e
TALLER,PRESENCIAL,"Taller presencial sobre la Programación Multianual de Bienes, Servicios y Obras, en marco del Sistema Nacional de Abastecimiento - Puno",2026-04-30,2026-04,Femenino,No especificado,No especificado,Privado,Puno,-,II Trimestre,0b3ddab3202f
TALLER,PRESENCIAL,"Taller presencial sobre la Programación Multianual de Bienes, Servicios y Obras, en marco del Sistema Nacional de Abastecimiento - Puno",2026-04-30,2026-04,Femenino,No especificado,Regional,HOSPITAL REGIONAL MANUEL NUÑEZ BUTRÓN,Puno,Salud,II Trimestre,9f86881405d7
TALLER,PRESENCIAL,"Taller presencial sobre la Programación Multianual de Bienes, Servicios y Obras, en marco del Sistema Nacional de Abastecimiento - Puno",2026-04-30,2026-04,Femenino,Entre 20 y 30 años,Local,MUNICIPALIDAD DISTRITAL DE SAN MIGUEL,Puno,Gobiernos Locales,II Trimestre,d89c4440c3b8
TALLER,PRESENCIAL,"Taller presencial sobre la Programación Multianual de Bienes, Servicios y Obras, en marco del Sistema Nacional de Abastecimiento - Puno",2026-04-30,2026-04,Femenino,Entre 31 y 40 años,Regional,UNIDAD DE GESTIÓN EDUCATIVA LOCAL DE MELGAR,Puno,Educación,II Trimestre,489b284f27dc
TALLER,PRESENCIAL,"Taller presencial sobre la Programación Multianual de Bienes, Servicios y Obras, en marco del Sistema Nacional de Abastecimiento - Puno",2026-04-30,2026-04,Femenino,Entre 20 y 30 años,Local,MUNICIPALIDAD PROVINCIAL DE PUNO,Puno,Gobiernos Locales,II Trimestre,efc6f1c57500
TALLER,PRESENCIAL,"Taller presencial sobre la Programación Multianual de Bienes, Servicios y Obras, en marco del Sistema Nacional de Abastecimiento - Puno",2026-04-30,2026-04,Masculino,Entre 31 y 40 años,Local,MUNICIPALIDAD DISTRITAL DE CARACOTO,Puno,Gobiernos Locales,II Trimestre,f4262f453750
TALLER,PRESENCIAL,"Taller presencial sobre la Programación Multianual de Bienes, Servicios y Obras, en marco del Sistema Nacional de Abastecimiento - Puno",2026-04-30,2026-04,Femenino,Entre 31 y 40 años,Nacional,UNIVERSIDAD NACIONAL FRONTERIZA AUTONOMA DE YUNGUYO,Puno,Educación,II Trimestre,1a441b12b557
TALLER,PRESENCIAL,"Taller presencial sobre la Programación Multianual de Bienes, Servicios y Obras, en marco del Sistema Nacional de Abastecimiento - Puno",2026-04-30,2026-04,Masculino,Entre 41 y 50 años,Nacional,CORTE SUPERIOR DE JUSTICIA DE PUNO,Puno,Poder Judicial,II Trimestre,ba815333df25
TALLER,PRESENCIAL,"Taller presencial sobre la Programación Multianual de Bienes, Servicios y Obras, en marco del Sistema Nacional de Abastecimiento - Puno",2026-04-30,2026-04,Masculino,Entre 31 y 40 años,Local,MUNICIPALIDAD PROVINCIAL DE HUANCANÉ,Puno,Gobiernos Locales,II Trimestre,55a8a705846a
TALLER,PRESENCIAL,"Taller presencial sobre la Programación Multianual de Bienes, Servicios y Obras, en marco del Sistema Nacional de Abastecimiento - Puno",2026-04-30,2026-04,Femenino,Entre 31 y 40 años,Regional,UNIDAD DE GESTIÓN EDUCATIVA LOCAL DE HUANCANE,Puno,Educación,II Trimestre,bb14c2e44599
TALLER,PRESENCIAL,"Taller presencial sobre la Programación Multianual de Bienes, Servicios y Obras, en marco del Sistema Nacional de Abastecimiento - Puno",2026-04-30,2026-04,Femenino,Entre 31 y 40 años,Local,MUNICIPALIDAD DISTRITAL DE PISACOMA,Puno,Gobiernos Locales,II Trimestre,16c3b4d95de4
TALLER,PRESENCIAL,"Taller presencial sobre la Programación Multianual de Bienes, Servicios y Obras, en marco del Sistema Nacional de Abastecimiento - Puno",2026-04-30,2026-04,Masculino,Entre 31 y 40 años,Regional,UNIDAD DE GESTIÓN EDUCATIVA LOCAL DE HUANCANE,Puno,Educación,II Trimestre,56b8a07298dd
TALLER,PRESENCIAL,"Taller presencial sobre la Programación Multianual de Bienes, Servicios y Obras, en marco del Sistema Nacional de Abastecimiento - Puno",2026-04-30,2026-04,Masculino,Entre 31 y 40 años,Regional,A.I.S. RED DE SALUD PUNO,Puno,Salud,II Trimestre,71eb7148d082
TALLER,PRESENCIAL,"Taller presencial sobre la Programación Multianual de Bienes, Servicios y Obras, en marco del Sistema Nacional de Abastecimiento - Puno",2026-04-30,2026-04,Femenino,Entre 41 y 50 años,Regional,RED DE SALUD EL COLLAO,Puno,Salud,II Trimestre,98c3eaa3cfbe
TALLER,PRESENCIAL,"Taller presencial sobre la Programación Multianual de Bienes, Servicios y Obras, en marco del Sistema Nacional de Abastecimiento - Puno",2026-04-30,2026-04,Masculino,No especificado,Regional,UNIDAD DE GESTIÓN EDUCATIVA DE EL COLLAO,Puno,Educación,II Trimestre,7427a98ec43f
TALLER,PRESENCIAL,"Taller presencial sobre la Programación Multianual de Bienes, Servicios y Obras, en marco del Sistema Nacional de Abastecimiento - Puno",2026-04-30,2026-04,Masculino,Entre 41 y 50 años,Regional,UNIDAD DE GESTIÓN EDUCATIVA LOCAL DE CARABAYA MACUSANI,Puno,Educación,II Trimestre,edc093bafa23
TALLER,PRESENCIAL,"Taller presencial sobre la Programación Multianual de Bienes, Servicios y Obras, en marco del Sistema Nacional de Abastecimiento - Puno",2026-04-30,2026-04,Femenino,Entre 41 y 50 años,Regional,DIRECCIÓN REGIONAL AGRARIA PUNO,Puno,Agricultura y Riego,II Trimestre,1d177b06a9f4
TALLER,PRESENCIAL,"Taller presencial sobre la Programación Multianual de Bienes, Servicios y Obras, en marco del Sistema Nacional de Abastecimiento - Puno",2026-04-30,2026-04,Masculino,Entre 31 y 40 años,Regional,RED DE SALUD MELGAR,Puno,Salud,II Trimestre,0132e31077bb
TALLER,PRESENCIAL,"Taller presencial sobre la Programación Multianual de Bienes, Servicios y Obras, en marco del Sistema Nacional de Abastecimiento - Puno",2026-04-30,2026-04,Femenino,No especificado,Local,MUNICIPALIDAD PROVINCIAL DE PUNO,Puno,Gobiernos Locales,II Trimestre,952d0fe8824f
TALLER,PRESENCIAL,"Taller presencial sobre la Programación Multianual de Bienes, Servicios y Obras, en marco del Sistema Nacional de Abastecimiento - Puno",2026-04-30,2026-04,Masculino,Entre 31 y 40 años,Nacional,FRENTE POLICIAL PUNO,Puno,Interior,II Trimestre,c5564902ceb9
TALLER,PRESENCIAL,"Taller presencial sobre la Programación Multianual de Bienes, Servicios y Obras, en marco del Sistema Nacional de Abastecimiento - Puno",2026-04-30,2026-04,Masculino,Entre 41 y 50 años,Regional,HOSPITAL REGIONAL MANUEL NUÑEZ BUTRÓN,Puno,Salud,II Trimestre,31f77208c21e
TALLER,PRESENCIAL,"Taller presencial sobre la Programación Multianual de Bienes, Servicios y Obras, en marco del Sistema Nacional de Abastecimiento - Puno",2026-04-30,2026-04,Masculino,Entre 31 y 40 años,Regional,UNIDAD DE GESTIÓN EDUCATIVA LOCAL DE MELGAR,Puno,Educación,II Trimestre,32d4dd4cfc52
TALLER,PRESENCIAL,"Taller presencial sobre la Programación Multianual de Bienes, Servicios y Obras, en marco del Sistema Nacional de Abastecimiento - Puno",2026-04-30,2026-04,Femenino,Entre 41 y 50 años,Regional,REDESS CHUCUITO - HOSPITAL DE APOYO JULI,Puno,Salud,II Trimestre,884bbdce238d
TALLER,PRESENCIAL,"Taller presencial sobre la Programación Multianual de Bienes, Servicios y Obras, en marco del Sistema Nacional de Abastecimiento - Puno",2026-04-30,2026-04,Masculino,Entre 20 y 30 años,Local,MUNICIPALIDAD DISTRITAL DE PICHACANI,Puno,Gobiernos Locales,II Trimestre,5c3dc0007f17
TALLER,PRESENCIAL,"Taller presencial sobre la Programación Multianual de Bienes, Servicios y Obras, en marco del Sistema Nacional de Abastecimiento - Puno",2026-04-30,2026-04,Femenino,No especificado,Local,MUNICIPALIDAD PROVINCIAL DE PUNO,Puno,Gobiernos Locales,II Trimestre,de3471e42cfe
TALLER,PRESENCIAL,"Taller presencial sobre la Programación Multianual de Bienes, Servicios y Obras, en marco del Sistema Nacional de Abastecimiento - Puno",2026-04-30,2026-04,Masculino,No especificado,Local,MUNICIPALIDAD PROVINCIAL DE PUNO,Puno,Gobiernos Locales,II Trimestre,5091a93b3a82
TALLER,PRESENCIAL,"Taller presencial sobre la Programación Multianual de Bienes, Servicios y Obras, en marco del Sistema Nacional de Abastecimiento - Puno",2026-04-30,2026-04,Femenino,Entre 51 y 60 años,Nacional,CORTE SUPERIOR DE JUSTICIA DE PUNO,Puno,Poder Judicial,II Trimestre,4d87469957b4
TALLER,PRESENCIAL,"Taller presencial sobre la Programación Multianual de Bienes, Servicios y Obras, en marco del Sistema Nacional de Abastecimiento - Puno",2026-04-30,2026-04,Femenino,No especificado,Local,MUNICIPALIDAD PROVINCIAL DE PUNO,Puno,Gobiernos Locales,II Trimestre,13ab3d7d42c5
TALLER,PRESENCIAL,"Taller presencial sobre la Programación Multianual de Bienes, Servicios y Obras, en marco del Sistema Nacional de Abastecimiento - Puno",2026-04-30,2026-04,Femenino,No especificado,Local,MUNICIPALIDAD PROVINCIAL DE PUNO,Puno,Gobiernos Locales,II Trimestre,197394477f94
TALLER,PRESENCIAL,"Taller presencial sobre la Programación Multianual de Bienes, Servicios y Obras, en marco del Sistema Nacional de Abastecimiento - Puno",2026-04-30,2026-04,Femenino,Entre 31 y 40 años,Local,MUNICIPALIDAD DISTRITAL DE PISACOMA,Puno,Gobiernos Locales,II Trimestre,e306ae62f642
TALLER,PRESENCIAL,"Taller presencial sobre la Programación Multianual de Bienes, Servicios y Obras, en marco del Sistema Nacional de Abastecimiento - Puno",2026-04-30,2026-04,Femenino,Entre 20 y 30 años,Local,MUNICIPALIDAD DISTRITAL DE PEDRO VILCA APAZA,Puno,Gobiernos Locales,II Trimestre,4bd893777ab0
TALLER,PRESENCIAL,"Taller presencial sobre la Programación Multianual de Bienes, Servicios y Obras, en marco del Sistema Nacional de Abastecimiento - Puno",2026-04-30,2026-04,Femenino,No especificado,Regional,DIRECCIÓN REGIONAL DE SALUD PUNO,Puno,Salud,II Trimestre,8152738dcd95
TALLER,PRESENCIAL,"Taller presencial sobre la Programación Multianual de Bienes, Servicios y Obras, en marco del Sistema Nacional de Abastecimiento - Puno",2026-04-30,2026-04,Femenino,No especificado,Local,MUNICIPALIDAD PROVINCIAL DE PUNO,Puno,Gobiernos Locales,II Trimestre,72b98037862b
TALLER,PRESENCIAL,"Taller presencial sobre la Programación Multianual de Bienes, Servicios y Obras, en marco del Sistema Nacional de Abastecimiento - Puno",2026-04-30,2026-04,Femenino,Entre 41 y 50 años,Nacional,UNIVERSIDAD NACIONAL DE DESAGUADERO,Puno,Educación,II Trimestre,167bb8109e29
TALLER,PRESENCIAL,"Taller presencial sobre la Programación Multianual de Bienes, Servicios y Obras, en marco del Sistema Nacional de Abastecimiento - Puno",2026-04-30,2026-04,Femenino,Entre 31 y 40 años,Local,MUNICIPALIDAD PROVINCIAL DE SAN ROMÁN JULIACA,Puno,Gobiernos Locales,II Trimestre,980cb3024b4f
TALLER,PRESENCIAL,"Taller presencial sobre la Programación Multianual de Bienes, Servicios y Obras, en marco del Sistema Nacional de Abastecimiento - Puno",2026-04-30,2026-04,Masculino,No especificado,Regional,UNIDAD DE GESTIÓN EDUCATIVA LOCAL DE CHUCUITO,Puno,Educación,II Trimestre,91d4a6a6ce05
TALLER,PRESENCIAL,"Taller presencial sobre la Programación Multianual de Bienes, Servicios y Obras, en marco del Sistema Nacional de Abastecimiento - Puno",2026-04-30,2026-04,Masculino,No especificado,Local,MUNICIPALIDAD PROVINCIAL DE PUNO,Puno,Gobiernos Locales,II Trimestre,8c6208b7ca92
TALLER,PRESENCIAL,"Taller presencial sobre la Programación Multianual de Bienes, Servicios y Obras, en marco del Sistema Nacional de Abastecimiento - Puno",2026-04-30,2026-04,Masculino,No especificado,Otros,Privado,Puno,-,II Trimestre,33031b6981d0
TALLER,PRESENCIAL,"Taller presencial sobre la Programación Multianual de Bienes, Servicios y Obras, en marco del Sistema Nacional de Abastecimiento - Puno",2026-04-30,2026-04,Femenino,No especificado,Local,MUNICIPALIDAD PROVINCIAL DE PUNO,Puno,Gobiernos Locales,II Trimestre,d22a20564773
TALLER,PRESENCIAL,"Taller presencial sobre la Programación Multianual de Bienes, Servicios y Obras, en marco del Sistema Nacional de Abastecimiento - Puno",2026-04-30,2026-04,Masculino,Entre 31 y 40 años,Regional,A.I.S. RED DE SALUD PUNO,Puno,Salud,II Trimestre,cd146f6b7440
TALLER,PRESENCIAL,"Taller presencial sobre la Programación Multianual de Bienes, Servicios y Obras, en marco del Sistema Nacional de Abastecimiento - Puno",2026-04-30,2026-04,Masculino,No especificado,Regional,UNIDAD DE GESTIÓN EDUCATIVA SAN ROMÁN,Puno,Educación,II Trimestre,549dd1dc0861
TALLER,PRESENCIAL,"Taller presencial sobre la Programación Multianual de Bienes, Servicios y Obras, en marco del Sistema Nacional de Abastecimiento - Tacna",2026-05-07,2026-05,Femenino,Entre 31 y 40 años,Regional,GOBIERNO REGIONAL DE TACNA,Tacna,Gobiernos Regionales,II Trimestre,9de728714b37
TALLER,PRESENCIAL,"Taller presencial sobre la Programación Multianual de Bienes, Servicios y Obras, en marco del Sistema Nacional de Abastecimiento - Tacna",2026-05-07,2026-05,Masculino,Entre 51 y 60 años,Regional,DIRECCION REGIONAL DE SALUD TACNA,Tacna,Salud,II Trimestre,f324fd10e9c9
TALLER,PRESENCIAL,"Taller presencial sobre la Programación Multianual de Bienes, Servicios y Obras, en marco del Sistema Nacional de Abastecimiento - Tacna",2026-05-07,2026-05,Femenino,No especificado,Regional,REGION TACNA HOSPITAL DE APOYO H.UNANUE,Tacna,Salud,II Trimestre,445e1ee95c90
TALLER,PRESENCIAL,"Taller presencial sobre la Programación Multianual de Bienes, Servicios y Obras, en marco del Sistema Nacional de Abastecimiento - Tacna",2026-05-07,2026-05,Masculino,Entre 51 y 60 años,Regional,RED DE SALUD TACNA,Tacna,Salud,II Trimestre,9c53120eabf8
TALLER,PRESENCIAL,"Taller presencial sobre la Programación Multianual de Bienes, Servicios y Obras, en marco del Sistema Nacional de Abastecimiento - Tacna",2026-05-07,2026-05,Masculino,Entre 20 y 30 años,Local,MUNICIPALIDAD DISTRITAL CORONEL GREGORIO ALBARRACIN LANCHIPA,Tacna,Gobiernos Locales,II Trimestre,fac038311b9b
TALLER,PRESENCIAL,"Taller presencial sobre la Programación Multianual de Bienes, Servicios y Obras, en marco del Sistema Nacional de Abastecimiento - Tacna",2026-05-07,2026-05,Masculino,Entre 20 y 30 años,Nacional,ZONA REGISTRAL N° XIII,Tacna,Justicia y Derechos Humanos,II Trimestre,064d2f592231
TALLER,PRESENCIAL,"Taller presencial sobre la Programación Multianual de Bienes, Servicios y Obras, en marco del Sistema Nacional de Abastecimiento - Tacna",2026-05-07,2026-05,Masculino,Entre 41 y 50 años,Regional,REGION TACNA HOSPITAL DE APOYO H.UNANUE,Tacna,Salud,II Trimestre,2ab389b6e83f
TALLER,PRESENCIAL,"Taller presencial sobre la Programación Multianual de Bienes, Servicios y Obras, en marco del Sistema Nacional de Abastecimiento - Tacna",2026-05-07,2026-05,Femenino,No especificado,Nacional,UNIVERSIDAD NACIONAL JORGE BASADRE G.,Tacna,Educación,II Trimestre,63e538d13723
TALLER,PRESENCIAL,"Taller presencial sobre la Programación Multianual de Bienes, Servicios y Obras, en marco del Sistema Nacional de Abastecimiento - Tacna",2026-05-07,2026-05,Femenino,Entre 31 y 40 años,Regional,PROYECTO ESPECIAL AFIANZAMIENTO Y AMPLIACION RECURSOS HIDRICOS DE TACNA,Tacna,Gobiernos Regionales,II Trimestre,cc207de38a8b
TALLER,PRESENCIAL,"Taller presencial sobre la Programación Multianual de Bienes, Servicios y Obras, en marco del Sistema Nacional de Abastecimiento - Tacna",2026-05-07,2026-05,Masculino,Entre 20 y 30 años,Regional,PROYECTO ESPECIAL AFIANZAMIENTO Y AMPLIACION RECURSOS HIDRICOS DE TACNA,Tacna,Agricultura y Riego,II Trimestre,49b4a71c3826
TALLER,PRESENCIAL,"Taller presencial sobre la Programación Multianual de Bienes, Servicios y Obras, en marco del Sistema Nacional de Abastecimiento - Tacna",2026-05-07,2026-05,Femenino,Entre 20 y 30 años,Local,MUNIC.DIST.HEROES ALBARRACIN CHUCATAMANI,Tacna,Gobiernos Locales,II Trimestre,8f20ad9b4f86
TALLER,PRESENCIAL,"Taller presencial sobre la Programación Multianual de Bienes, Servicios y Obras, en marco del Sistema Nacional de Abastecimiento - Tacna",2026-05-07,2026-05,Masculino,Entre 41 y 50 años,Local,MUNICIPALIDAD PROVINCIAL DE TACNA,Tacna,Gobiernos Locales,II Trimestre,d845f1d4695a
TALLER,PRESENCIAL,"Taller presencial sobre la Programación Multianual de Bienes, Servicios y Obras, en marco del Sistema Nacional de Abastecimiento - Tacna",2026-05-07,2026-05,Femenino,No especificado,Nacional,UNIVERSIDAD NACIONAL JORGE BASADRE G.,Tacna,Educación,II Trimestre,420336bb0a50
TALLER,PRESENCIAL,"Taller presencial sobre la Programación Multianual de Bienes, Servicios y Obras, en marco del Sistema Nacional de Abastecimiento - Tacna",2026-05-07,2026-05,Femenino,No especificado,Nacional,UNIVERSIDAD NACIONAL JORGE BASADRE G.,Tacna,Educación,II Trimestre,9c47038f16b6
TALLER,PRESENCIAL,"Taller presencial sobre la Programación Multianual de Bienes, Servicios y Obras, en marco del Sistema Nacional de Abastecimiento - Tacna",2026-05-07,2026-05,Femenino,Entre 41 y 50 años,Nacional,ZONA REGISTRAL N° XIII,Tacna,Justicia y Derechos Humanos,II Trimestre,af07f6432c66
TALLER,PRESENCIAL,"Taller presencial sobre la Programación Multianual de Bienes, Servicios y Obras, en marco del Sistema Nacional de Abastecimiento - Tacna",2026-05-07,2026-05,Masculino,No especificado,Nacional,UNIVERSIDAD NACIONAL JORGE BASADRE G.,Tacna,Educación,II Trimestre,3cd1c5e33daa
TALLER,PRESENCIAL,"Taller presencial sobre la Programación Multianual de Bienes, Servicios y Obras, en marco del Sistema Nacional de Abastecimiento - Tacna",2026-05-07,2026-05,Femenino,No especificado,Local,MUNICIPALIDAD DISTRITAL DE TICACO,Tacna,Gobiernos Locales,II Trimestre,2da14e94e5da
TALLER,PRESENCIAL,"Taller presencial sobre la Programación Multianual de Bienes, Servicios y Obras, en marco del Sistema Nacional de Abastecimiento - Tacna",2026-05-07,2026-05,Masculino,Entre 31 y 40 años,Local,MUNICIPALIDAD DISTRITAL CORONEL GREGORIO ALBARRACIN LANCHIPA,Tacna,Otros,II Trimestre,a914dba47724
TALLER,PRESENCIAL,"Taller presencial sobre la Programación Multianual de Bienes, Servicios y Obras, en marco del Sistema Nacional de Abastecimiento - Tacna",2026-05-07,2026-05,Femenino,Entre 20 y 30 años,Regional,DIRECCION REGIONAL DE AGRICULTURA TACNA,Tacna,Agricultura y Riego,II Trimestre,d0bde3b0d9b6
TALLER,PRESENCIAL,"Taller presencial sobre la Programación Multianual de Bienes, Servicios y Obras, en marco del Sistema Nacional de Abastecimiento - Tacna",2026-05-07,2026-05,Femenino,Entre 20 y 30 años,Local,MUNIC.DIST.HEROES ALBARRACIN CHUCATAMANI,Tacna,Gobiernos Locales,II Trimestre,603f1695bee8
TALLER,PRESENCIAL,"Taller presencial sobre la Programación Multianual de Bienes, Servicios y Obras, en marco del Sistema Nacional de Abastecimiento - Tacna",2026-05-07,2026-05,Femenino,Entre 41 y 50 años,Local,MUNICIPALIDAD DISTRITAL TARUCACHI,Tacna,Gobiernos Locales,II Trimestre,e5ed50df7075
TALLER,PRESENCIAL,"Taller presencial sobre la Programación Multianual de Bienes, Servicios y Obras, en marco del Sistema Nacional de Abastecimiento - Tacna",2026-05-07,2026-05,Masculino,Entre 41 y 50 años,Local,MUNICIPALIDAD PROVINCIAL DE TARATA,Tacna,Gobiernos Locales,II Trimestre,4a583b74ccbb
TALLER,PRESENCIAL,"Taller presencial sobre la Programación Multianual de Bienes, Servicios y Obras, en marco del Sistema Nacional de Abastecimiento - Tacna",2026-05-07,2026-05,Femenino,Entre 41 y 50 años,Nacional,UNIVERSIDAD NACIONAL JORGE BASADRE G.,Tacna,Educación,II Trimestre,049e868fc380
TALLER,PRESENCIAL,"Taller presencial sobre la Programación Multianual de Bienes, Servicios y Obras, en marco del Sistema Nacional de Abastecimiento - Tacna",2026-05-07,2026-05,Femenino,No especificado,Regional,DIRECCION REGIONAL DE SALUD TACNA,Tacna,Salud,II Trimestre,1dce46749d03
TALLER,PRESENCIAL,"Taller presencial sobre la Programación Multianual de Bienes, Servicios y Obras, en marco del Sistema Nacional de Abastecimiento - Tacna",2026-05-07,2026-05,Masculino,No especificado,Regional,DIRECCION REGIONAL DE AGRICULTURA TACNA,Tacna,Agricultura y Riego,II Trimestre,a16f1e46bd8d
TALLER,PRESENCIAL,"Taller presencial sobre la Programación Multianual de Bienes, Servicios y Obras, en marco del Sistema Nacional de Abastecimiento - Moquegua",2026-05-14,2026-05,Masculino,Entre 20 y 30 años,Regional,DIRECCION REGIONAL DE TRANSPORTES Y COMUNICACIONES MOQUEGUA,Moquegua,Transportes y Comunicaciones,II Trimestre,dbc49467cdde
TALLER,PRESENCIAL,"Taller presencial sobre la Programación Multianual de Bienes, Servicios y Obras, en marco del Sistema Nacional de Abastecimiento - Moquegua",2026-05-14,2026-05,Femenino,Entre 20 y 30 años,Local,MUNICIPALIDAD DISTRITAL DE TORATA,Moquegua,Gobiernos Locales,II Trimestre,341ceb584629
TALLER,PRESENCIAL,"Taller presencial sobre la Programación Multianual de Bienes, Servicios y Obras, en marco del Sistema Nacional de Abastecimiento - Moquegua",2026-05-14,2026-05,Femenino,Entre 20 y 30 años,Local,MUNICIPALIDAD PROVINCIAL DE ILO,Moquegua,Gobiernos Locales,II Trimestre,72e29f0a5974
TALLER,PRESENCIAL,"Taller presencial sobre la Programación Multianual de Bienes, Servicios y Obras, en marco del Sistema Nacional de Abastecimiento - Moquegua",2026-05-14,2026-05,Femenino,No especificado,Nacional,CONECTAMEF MOQUEGUA,Moquegua,Mef,II Trimestre,ede9b8f57be5
TALLER,PRESENCIAL,"Taller presencial sobre la Programación Multianual de Bienes, Servicios y Obras, en marco del Sistema Nacional de Abastecimiento - Moquegua",2026-05-14,2026-05,Masculino,Entre 20 y 30 años,Local,MUNICIPALIDAD DISTRITAL DE PUQUINA,Moquegua,Gobiernos Locales,II Trimestre,ad4a013a251e
TALLER,PRESENCIAL,"Taller presencial sobre la Programación Multianual de Bienes, Servicios y Obras, en marco del Sistema Nacional de Abastecimiento - Moquegua",2026-05-14,2026-05,Masculino,Entre 31 y 40 años,Regional,HOSPITAL REGIONAL DE MOQUEGUA,Moquegua,Salud,II Trimestre,f7cc364463ac
TALLER,PRESENCIAL,"Taller presencial sobre la Programación Multianual de Bienes, Servicios y Obras, en marco del Sistema Nacional de Abastecimiento - Moquegua",2026-05-14,2026-05,Femenino,No especificado,Regional,DIRECCION REGIONAL DE AGRICULTURA,Moquegua,Gobiernos Regionales,II Trimestre,a93b9855c09e
TALLER,PRESENCIAL,"Taller presencial sobre la Programación Multianual de Bienes, Servicios y Obras, en marco del Sistema Nacional de Abastecimiento - Moquegua",2026-05-14,2026-05,Masculino,Entre 51 y 60 años,Local,MUNICIPALIDAD DISTRITAL DE PACOCHA,Moquegua,Gobiernos Locales,II Trimestre,814021ed43aa
TALLER,PRESENCIAL,"Taller presencial sobre la Programación Multianual de Bienes, Servicios y Obras, en marco del Sistema Nacional de Abastecimiento - Moquegua",2026-05-14,2026-05,Femenino,Entre 31 y 40 años,Regional,UNIDAD DE GESTION EDUCATIVA LOCAL MARISCAL NIETO - UGEL MARISCAL NIETO,Moquegua,Educación,II Trimestre,ed707c0b66ad
TALLER,PRESENCIAL,"Taller presencial sobre la Programación Multianual de Bienes, Servicios y Obras, en marco del Sistema Nacional de Abastecimiento - Moquegua",2026-05-14,2026-05,Femenino,No especificado,Regional,DIRECCION REGIONAL DE AGRICULTURA,Moquegua,Gobiernos Regionales,II Trimestre,89f69e5b565b
TALLER,PRESENCIAL,"Taller presencial sobre la Programación Multianual de Bienes, Servicios y Obras, en marco del Sistema Nacional de Abastecimiento - Moquegua",2026-05-14,2026-05,Masculino,Entre 31 y 40 años,Local,MUNICIPALIDAD PROVINCIAL MARISCAL NIETO,Moquegua,Gobiernos Locales,II Trimestre,bfeabc799e43
TALLER,PRESENCIAL,"Taller presencial sobre la Programación Multianual de Bienes, Servicios y Obras, en marco del Sistema Nacional de Abastecimiento - Moquegua",2026-05-14,2026-05,Femenino,No especificado,Nacional,CONECTAMEF MOQUEGUA,Moquegua,Mef,II Trimestre,692f5677b8fa
TALLER,PRESENCIAL,"Taller presencial sobre la Programación Multianual de Bienes, Servicios y Obras, en marco del Sistema Nacional de Abastecimiento - Moquegua",2026-05-14,2026-05,Masculino,No especificado,Regional,DIRECCION REGIONAL DE AGRICULTURA,Moquegua,Gobiernos Regionales,II Trimestre,fcf474213eec
TALLER,PRESENCIAL,"Taller presencial sobre la Programación Multianual de Bienes, Servicios y Obras, en marco del Sistema Nacional de Abastecimiento - Moquegua",2026-05-14,2026-05,Masculino,Entre 31 y 40 años,Local,MUNICIPALIDAD DISTRITAL DE EL ALGARROBAL,Moquegua,Gobiernos Locales,II Trimestre,8dfe5fd28f1b
TALLER,PRESENCIAL,"Taller presencial sobre la Programación Multianual de Bienes, Servicios y Obras, en marco del Sistema Nacional de Abastecimiento - Moquegua",2026-05-14,2026-05,Masculino,Entre 41 y 50 años,Regional,UNIDAD DE GESTION EDUCATIVA LOCAL ILO,Moquegua,Educación,II Trimestre,dd3901c32d2f
TALLER,PRESENCIAL,"Taller presencial sobre la Programación Multianual de Bienes, Servicios y Obras, en marco del Sistema Nacional de Abastecimiento - Moquegua",2026-05-14,2026-05,Femenino,No especificado,Nacional,UNIVERSIDAD NACIONAL DE MOQUEGUA,Moquegua,Educación,II Trimestre,66a99b17065b
TALLER,PRESENCIAL,"Taller presencial sobre la Programación Multianual de Bienes, Servicios y Obras, en marco del Sistema Nacional de Abastecimiento - Moquegua",2026-05-14,2026-05,Femenino,Entre 20 y 30 años,Local,MUNICIPALIDAD DISTRITAL DE TORATA,Moquegua,Gobiernos Locales,II Trimestre,1251efdbe222
TALLER,PRESENCIAL,"Taller presencial sobre la Programación Multianual de Bienes, Servicios y Obras, en marco del Sistema Nacional de Abastecimiento - Moquegua",2026-05-14,2026-05,Femenino,Entre 31 y 40 años,Nacional,UNIVERSIDAD NACIONAL DE MOQUEGUA,Moquegua,Educación,II Trimestre,f8af7373b965
TALLER,PRESENCIAL,"Taller presencial sobre la Programación Multianual de Bienes, Servicios y Obras, en marco del Sistema Nacional de Abastecimiento - Moquegua",2026-05-14,2026-05,Masculino,Entre 41 y 50 años,Local,MUNICIPALIDAD DISTRITAL DE PACOCHA,Moquegua,Otros,II Trimestre,9d55582c307f
TALLER,PRESENCIAL,"Taller presencial sobre la Programación Multianual de Bienes, Servicios y Obras, en marco del Sistema Nacional de Abastecimiento - Moquegua",2026-05-14,2026-05,Masculino,Entre 41 y 50 años,Regional,SALUD ILO,Moquegua,Salud,II Trimestre,b57b33e5465e
TALLER,PRESENCIAL,"Taller presencial sobre la Programación Multianual de Bienes, Servicios y Obras, en marco del Sistema Nacional de Abastecimiento - Moquegua",2026-05-14,2026-05,Masculino,Entre 31 y 40 años,Nacional,UNIVERSIDAD NACIONAL DE MOQUEGUA,Moquegua,Educación,II Trimestre,1371b006f1dd
TALLER,PRESENCIAL,"Taller presencial sobre la Programación Multianual de Bienes, Servicios y Obras, en marco del Sistema Nacional de Abastecimiento - Moquegua",2026-05-14,2026-05,Masculino,Entre 31 y 40 años,Regional,GOBIERNO REGIONAL MOQUEGUA,Moquegua,Gobiernos Regionales,II Trimestre,a17452204ff0
TALLER,PRESENCIAL,"Taller presencial sobre la Programación Multianual de Bienes, Servicios y Obras, en marco del Sistema Nacional de Abastecimiento - Moquegua",2026-05-14,2026-05,Masculino,Entre 41 y 50 años,Local,MUNICIPALIDAD PROVINCIAL DE ILO,Moquegua,Gobiernos Locales,II Trimestre,8bd9b81a6085
TALLER,PRESENCIAL,"Taller presencial sobre la Programación Multianual de Bienes, Servicios y Obras, en marco del Sistema Nacional de Abastecimiento - Moquegua",2026-05-14,2026-05,Femenino,No especificado,Nacional,UNIVERSIDAD NACIONAL DE MOQUEGUA,Moquegua,Educación,II Trimestre,10fe62358c40
TALLER,PRESENCIAL,"Taller presencial sobre la Programación Multianual de Bienes, Servicios y Obras, en marco del Sistema Nacional de Abastecimiento - Moquegua",2026-05-14,2026-05,Femenino,Entre 41 y 50 años,Regional,UNIDAD EJECUTORA 303 SANCHEZ CERRO,Moquegua,Educación,II Trimestre,55870a5bb8db
TALLER,PRESENCIAL,"Taller presencial sobre la Programación Multianual de Bienes, Servicios y Obras, en marco del Sistema Nacional de Abastecimiento - Moquegua",2026-05-14,2026-05,Femenino,No especificado,Nacional,UNIVERSIDAD NACIONAL DE MOQUEGUA,Moquegua,Educación,II Trimestre,56b9c17bc86a
TALLER,PRESENCIAL,"Taller presencial sobre la Programación Multianual de Bienes, Servicios y Obras, en marco del Sistema Nacional de Abastecimiento - Moquegua",2026-05-14,2026-05,Masculino,Entre 31 y 40 años,Local,MUNICIPALIDAD DISTRITAL DE PUQUINA,Moquegua,Gobiernos Locales,II Trimestre,756af6305c7d
TALLER,PRESENCIAL,"Taller presencial sobre la Programación Multianual de Bienes, Servicios y Obras, en marco del Sistema Nacional de Abastecimiento - Moquegua",2026-05-14,2026-05,Masculino,No especificado,Local,MUNICIPALIDAD DISTRITAL DE EL ALGARROBAL,Moquegua,Gobiernos Locales,II Trimestre,966ca4b20c4c
TALLER,PRESENCIAL,"Taller presencial sobre la Programación Multianual de Bienes, Servicios y Obras, en marco del Sistema Nacional de Abastecimiento - Moquegua",2026-05-14,2026-05,Femenino,No especificado,Nacional,UNIVERSIDAD NACIONAL DE MOQUEGUA,Moquegua,Educación,II Trimestre,ebbc6ec7f346
TALLER,PRESENCIAL,"Taller presencial sobre la Programación Multianual de Bienes, Servicios y Obras, en marco del Sistema Nacional de Abastecimiento - Moquegua",2026-05-14,2026-05,Masculino,Entre 41 y 50 años,Regional,UNIDAD EJECUTORA 303 SANCHEZ CERRO,Moquegua,Educación,II Trimestre,e759d4e0616d
TALLER,PRESENCIAL,"Taller presencial sobre la Programación Multianual de Bienes, Servicios y Obras, en marco del Sistema Nacional de Abastecimiento - Moquegua",2026-05-14,2026-05,Masculino,Entre 31 y 40 años,Local,MUNICIPALIDAD PROVINCIAL DE ILO,Moquegua,Gobiernos Locales,II Trimestre,77ca1d9b541d
TALLER,PRESENCIAL,"Taller presencial sobre la Programación Multianual de Bienes, Servicios y Obras, en marco del Sistema Nacional de Abastecimiento - Moquegua",2026-05-14,2026-05,Femenino,No especificado,Nacional,UNIVERSIDAD NACIONAL DE MOQUEGUA,Moquegua,Educación,II Trimestre,caf1096ca831
TALLER,PRESENCIAL,"Taller presencial sobre la Programación Multianual de Bienes, Servicios y Obras, en marco del Sistema Nacional de Abastecimiento - Moquegua",2026-05-14,2026-05,Masculino,Entre 41 y 50 años,Local,MUNICIPALIDAD DISTRITAL DE SAN ANTONIO,Moquegua,Gobiernos Locales,II Trimestre,2a735e1dbe36
TALLER,PRESENCIAL,"Taller presencial sobre la Programación Multianual de Bienes, Servicios y Obras, en marco del Sistema Nacional de Abastecimiento - Moquegua",2026-05-14,2026-05,Femenino,Entre 31 y 40 años,Regional,HOSPITAL REGIONAL DE MOQUEGUA,Moquegua,Salud,II Trimestre,aa620e5d0f88
TALLER,PRESENCIAL,"Taller presencial sobre la Programación Multianual de Bienes, Servicios y Obras, en marco del Sistema Nacional de Abastecimiento - Moquegua",2026-05-14,2026-05,Masculino,Entre 31 y 40 años,Local,MUNICIPALIDAD DISTRITAL DE UBINAS,Moquegua,Gobiernos Locales,II Trimestre,da506a277f06
TALLER,PRESENCIAL,"Taller presencial sobre la Programación Multianual de Bienes, Servicios y Obras, en marco del Sistema Nacional de Abastecimiento - Moquegua",2026-05-14,2026-05,Masculino,No especificado,Local,MUNICIPALIDAD DISTRITAL DE ICHUÑA,Moquegua,Gobiernos Locales,II Trimestre,4a583b74ccbb
TALLER,PRESENCIAL,"Taller presencial sobre la Programación Multianual de Bienes, Servicios y Obras, en marco del Sistema Nacional de Abastecimiento - Moquegua",2026-05-14,2026-05,Femenino,No especificado,Local,MUNICIPALIDAD PROVINCIAL MARISCAL NIETO,Moquegua,Gobiernos Locales,II Trimestre,5b7adf4caf7f
TALLER,PRESENCIAL,"Taller presencial sobre la Programación Multianual de Bienes, Servicios y Obras, en marco del Sistema Nacional de Abastecimiento - Moquegua",2026-05-14,2026-05,Femenino,Entre 41 y 50 años,Regional,GOBIERNO REGIONAL MOQUEGUA,Moquegua,Gobiernos Regionales,II Trimestre,c37c87240637
TALLER,PRESENCIAL,"Taller presencial sobre la Programación Multianual de Bienes, Servicios y Obras, en marco del Sistema Nacional de Abastecimiento - Moquegua",2026-05-14,2026-05,Femenino,Entre 41 y 50 años,Local,MUNICIPALIDAD PROVINCIAL MARISCAL NIETO,Moquegua,Gobiernos Locales,II Trimestre,6dd2de749ea0
TALLER,PRESENCIAL,"Taller presencial sobre la Programación Multianual de Bienes, Servicios y Obras, en marco del Sistema Nacional de Abastecimiento - Moquegua",2026-05-14,2026-05,Femenino,Entre 41 y 50 años,Local,MUNICIPALIDAD PROVINCIAL DE ILO,Moquegua,Gobiernos Locales,II Trimestre,016cb2411f38
TALLER,PRESENCIAL,"Taller presencial sobre la Programación Multianual de Bienes, Servicios y Obras, en marco del Sistema Nacional de Abastecimiento - Moquegua",2026-05-14,2026-05,Femenino,Entre 41 y 50 años,Regional,UNIDAD EJECUTORA SUB REGION DE DESARROLLO ILO 003,Moquegua,Gobiernos Regionales,II Trimestre,58033826c821
TALLER,PRESENCIAL,"Taller presencial sobre la Programación Multianual de Bienes, Servicios y Obras, en marco del Sistema Nacional de Abastecimiento - Moquegua",2026-05-14,2026-05,Femenino,Entre 20 y 30 años,Local,MUNICIPALIDAD PROVINCIAL MARISCAL NIETO,Moquegua,Gobiernos Locales,II Trimestre,e57df154d03e
TALLER,PRESENCIAL,"Taller presencial sobre la Programación Multianual de Bienes, Servicios y Obras, en marco del Sistema Nacional de Abastecimiento - Moquegua",2026-05-14,2026-05,Femenino,Entre 51 y 60 años,Regional,UNIDAD DE GESTION EDUCATIVA LOCAL ILO,Moquegua,Educación,II Trimestre,f1a8029f01cf
TALLER,PRESENCIAL,"Taller presencial sobre la Programación Multianual de Bienes, Servicios y Obras, en marco del Sistema Nacional de Abastecimiento - Moquegua",2026-05-14,2026-05,Femenino,Entre 31 y 40 años,Regional,GOBIERNO REGIONAL MOQUEGUA,Moquegua,Gobiernos Regionales,II Trimestre,66d374a1acd0
TALLER,PRESENCIAL,"Taller presencial sobre la Programación Multianual de Bienes, Servicios y Obras, en marco del Sistema Nacional de Abastecimiento - Huancavelica",2026-05-19,2026-05,Femenino,Entre 31 y 40 años,Regional,GERENCIA SUB REGIONAL ACOBAMBA,Huancavelica,Gobiernos Regionales,II Trimestre,484c8b4018b9
TALLER,PRESENCIAL,"Taller presencial sobre la Programación Multianual de Bienes, Servicios y Obras, en marco del Sistema Nacional de Abastecimiento - Huancavelica",2026-05-19,2026-05,Masculino,No especificado,Regional,DIRECCION REGIONAL DE TRANSPORTES Y COMUNICACIONES-HUANCAVELICA,Huancavelica,Transportes y Comunicaciones,II Trimestre,3865e962f069
TALLER,PRESENCIAL,"Taller presencial sobre la Programación Multianual de Bienes, Servicios y Obras, en marco del Sistema Nacional de Abastecimiento - Huancavelica",2026-05-19,2026-05,Masculino,Entre 20 y 30 años,Local,MUNICIPALIDAD DISTRITAL DE YAULI,Huancavelica,Gobiernos Locales,II Trimestre,e10aefc64417
TALLER,PRESENCIAL,"Taller presencial sobre la Programación Multianual de Bienes, Servicios y Obras, en marco del Sistema Nacional de Abastecimiento - Huancavelica",2026-05-19,2026-05,Femenino,Entre 31 y 40 años,Local,MUNICIPALIDAD DISTRITAL DE TICRAPO,Huancavelica,Gobiernos Locales,II Trimestre,8b6d743302a0
TALLER,PRESENCIAL,"Taller presencial sobre la Programación Multianual de Bienes, Servicios y Obras, en marco del Sistema Nacional de Abastecimiento - Huancavelica",2026-05-19,2026-05,Femenino,Entre 31 y 40 años,Regional,GOBIERNO REGIONAL DE HUANCAVELICA,Huancavelica,Gobiernos Regionales,II Trimestre,5ef018db6798
TALLER,PRESENCIAL,"Taller presencial sobre la Programación Multianual de Bienes, Servicios y Obras, en marco del Sistema Nacional de Abastecimiento - Huancavelica",2026-05-19,2026-05,Masculino,Entre 31 y 40 años,Local,MUNICIPALIDAD PROVINCIAL ANGARAES LIRCAY,Huancavelica,Gobiernos Locales,II Trimestre,91accff9c30a
TALLER,PRESENCIAL,"Taller presencial sobre la Programación Multianual de Bienes, Servicios y Obras, en marco del Sistema Nacional de Abastecimiento - Huancavelica",2026-05-19,2026-05,Masculino,Entre 31 y 40 años,Regional,GERENCIA SUB REGIONAL CASTROVIRREYNA,Huancavelica,Gobiernos Regionales,II Trimestre,09b05a42d201
TALLER,PRESENCIAL,"Taller presencial sobre la Programación Multianual de Bienes, Servicios y Obras, en marco del Sistema Nacional de Abastecimiento - Huancavelica",2026-05-19,2026-05,Masculino,Mayor a 61 años,Regional,HOSPITAL DE PAMPAS DE TAYACAJA,Huancavelica,Salud,II Trimestre,52adb7def7df
TALLER,PRESENCIAL,"Taller presencial sobre la Programación Multianual de Bienes, Servicios y Obras, en marco del Sistema Nacional de Abastecimiento - Huancavelica",2026-05-19,2026-05,Masculino,Entre 31 y 40 años,Regional,HOSPITAL DEPARTAMENTAL DE HUANCAVELICA,Huancavelica,Salud,II Trimestre,f28bc600cd17
TALLER,PRESENCIAL,"Taller presencial sobre la Programación Multianual de Bienes, Servicios y Obras, en marco del Sistema Nacional de Abastecimiento - Huancavelica",2026-05-19,2026-05,Masculino,Entre 41 y 50 años,Nacional,UNIVERSIDAD NACIONAL DE HUANCAVELICA,Huancavelica,Educación,II Trimestre,1cc2bf4665f9
TALLER,PRESENCIAL,"Taller presencial sobre la Programación Multianual de Bienes, Servicios y Obras, en marco del Sistema Nacional de Abastecimiento - Huancavelica",2026-05-19,2026-05,Masculino,Entre 41 y 50 años,Local,MUNICIPALIDAD DISTRITAL DE COLCABAMBA,Huancavelica,Gobiernos Locales,II Trimestre,556e75ff5f9d
TALLER,PRESENCIAL,"Taller presencial sobre la Programación Multianual de Bienes, Servicios y Obras, en marco del Sistema Nacional de Abastecimiento - Huancavelica",2026-05-19,2026-05,Masculino,Entre 41 y 50 años,Nacional,UNIVERSIDAD NACIONAL DE HUANCAVELICA,Huancavelica,Educación,II Trimestre,239767de5c2a
TALLER,PRESENCIAL,"Taller presencial sobre la Programación Multianual de Bienes, Servicios y Obras, en marco del Sistema Nacional de Abastecimiento - Huancavelica",2026-05-19,2026-05,Femenino,Entre 31 y 40 años,Nacional,UNIVERSIDAD NACIONAL AUTONOMA DE TAYACAJA DANIEL HERNANDEZ MORILLO,Huancavelica,Educación,II Trimestre,331c8220cd91
TALLER,PRESENCIAL,"Taller presencial sobre la Programación Multianual de Bienes, Servicios y Obras, en marco del Sistema Nacional de Abastecimiento - Huancavelica",2026-05-19,2026-05,Femenino,Entre 31 y 40 años,Regional,UNIDAD EJECUTORA 405 RED DE SALUD ANGARAES,Huancavelica,Salud,II Trimestre,c8272677778a
TALLER,PRESENCIAL,"Taller presencial sobre la Programación Multianual de Bienes, Servicios y Obras, en marco del Sistema Nacional de Abastecimiento - Huancavelica",2026-05-19,2026-05,Masculino,Entre 20 y 30 años,Regional,DIRECCION REGIONAL DE EDUCACION DE HUANCAVELICA,Huancavelica,Educación,II Trimestre,11b7d0091a35
TALLER,PRESENCIAL,"Taller presencial sobre la Programación Multianual de Bienes, Servicios y Obras, en marco del Sistema Nacional de Abastecimiento - Huancavelica",2026-05-19,2026-05,Masculino,Entre 31 y 40 años,Regional,UNIDAD EJECUTORA 405 RED DE SALUD ANGARAES,Huancavelica,Salud,II Trimestre,58a68fdbfc04
TALLER,PRESENCIAL,"Taller presencial sobre la Programación Multianual de Bienes, Servicios y Obras, en marco del Sistema Nacional de Abastecimiento - Huancavelica",2026-05-19,2026-05,Masculino,Entre 41 y 50 años,Regional,DIRECCION REGIONAL DE TRANSPORTES Y COMUNICACIONES-HUANCAVELICA,Huancavelica,Transportes y Comunicaciones,II Trimestre,69438f4ace2f
TALLER,PRESENCIAL,"Taller presencial sobre la Programación Multianual de Bienes, Servicios y Obras, en marco del Sistema Nacional de Abastecimiento - Huancavelica",2026-05-19,2026-05,Femenino,Entre 31 y 40 años,Local,MUNICIPALIDAD DISTRITAL DE PILCHACA,Huancavelica,Gobiernos Locales,II Trimestre,3bf4280ef4b7
TALLER,PRESENCIAL,"Taller presencial sobre la Programación Multianual de Bienes, Servicios y Obras, en marco del Sistema Nacional de Abastecimiento - Huancavelica",2026-05-19,2026-05,Femenino,Entre 20 y 30 años,Local,MUNICIPALIDAD DISTRITAL DE HUAYLLAY GRANDE,Huancavelica,Gobiernos Locales,II Trimestre,a95d5d56d306
TALLER,PRESENCIAL,"Taller presencial sobre la Programación Multianual de Bienes, Servicios y Obras, en marco del Sistema Nacional de Abastecimiento - Huancavelica",2026-05-19,2026-05,Femenino,Entre 31 y 40 años,Regional,DIRECCION REGIONAL DE TRANSPORTES Y COMUNICACIONES-HUANCAVELICA,Huancavelica,Transportes y Comunicaciones,II Trimestre,b4f1b43af9bc
TALLER,PRESENCIAL,"Taller presencial sobre la Programación Multianual de Bienes, Servicios y Obras, en marco del Sistema Nacional de Abastecimiento - Huancavelica",2026-05-19,2026-05,Femenino,Entre 31 y 40 años,Regional,GERENCIA SUB REGIONAL CASTROVIRREYNA,Huancavelica,Otros,II Trimestre,044170ce7353
TALLER,PRESENCIAL,"Taller presencial sobre la Programación Multianual de Bienes, Servicios y Obras, en marco del Sistema Nacional de Abastecimiento - Huancavelica",2026-05-19,2026-05,Femenino,Entre 31 y 40 años,Regional,GERENCIA SUB REGIONAL TAYACAJA,Huancavelica,Gobiernos Regionales,II Trimestre,13983d49117f
TALLER,PRESENCIAL,"Taller presencial sobre la Programación Multianual de Bienes, Servicios y Obras, en marco del Sistema Nacional de Abastecimiento - Huancavelica",2026-05-19,2026-05,Masculino,Entre 41 y 50 años,Regional,UNIDAD EJECUTORA 404 RED DE SALUD ACOBAMBA,Huancavelica,Salud,II Trimestre,cf815bd0dc22
TALLER,PRESENCIAL,"Taller presencial sobre la Programación Multianual de Bienes, Servicios y Obras, en marco del Sistema Nacional de Abastecimiento - Huancavelica",2026-05-19,2026-05,Masculino,Entre 31 y 40 años,Regional,EDUCACION UGEL ANGARAES,Huancavelica,Educación,II Trimestre,56c62bfa6796
TALLER,PRESENCIAL,"Taller presencial sobre la Programación Multianual de Bienes, Servicios y Obras, en marco del Sistema Nacional de Abastecimiento - Huancavelica",2026-05-19,2026-05,Masculino,Entre 41 y 50 años,Regional,GERENCIA SUB REGIONAL ACOBAMBA,Huancavelica,Gobiernos Regionales,II Trimestre,61da674a04f5
TALLER,PRESENCIAL,"Taller presencial sobre la Programación Multianual de Bienes, Servicios y Obras, en marco del Sistema Nacional de Abastecimiento - Huancavelica",2026-05-19,2026-05,Femenino,Entre 31 y 40 años,Local,MUNICIPALIDAD DISTRITAL DE YAULI,Huancavelica,Gobiernos Locales,II Trimestre,9a1e1cb21698
TALLER,PRESENCIAL,"Taller presencial sobre la Programación Multianual de Bienes, Servicios y Obras, en marco del Sistema Nacional de Abastecimiento - Huancavelica",2026-05-19,2026-05,Femenino,Entre 31 y 40 años,Regional,UNIDAD EJECUTORA 406 RED DE SALUD HUANCAVELICA,Huancavelica,Salud,II Trimestre,963d80e6fa1e
TALLER,PRESENCIAL,"Taller presencial sobre la Programación Multianual de Bienes, Servicios y Obras, en marco del Sistema Nacional de Abastecimiento - Huancavelica",2026-05-19,2026-05,Femenino,Entre 31 y 40 años,Local,MUNICIPALIDAD DISTRITAL DE ASCENSIÓN,Huancavelica,Gobiernos Locales,II Trimestre,c324c24ec3df
TALLER,PRESENCIAL,"Taller presencial sobre la Programación Multianual de Bienes, Servicios y Obras, en marco del Sistema Nacional de Abastecimiento - Huancavelica",2026-05-19,2026-05,Masculino,Entre 31 y 40 años,Regional,DIRECCION REGIONAL DE EDUCACION DE HUANCAVELICA,Huancavelica,Educación,II Trimestre,0617681c578f
TALLER,PRESENCIAL,"Taller presencial sobre la Programación Multianual de Bienes, Servicios y Obras, en marco del Sistema Nacional de Abastecimiento - Huancavelica",2026-05-19,2026-05,Masculino,Entre 41 y 50 años,Regional,GERENCIA SUB REGIONAL ANGARAES,Huancavelica,Gobiernos Regionales,II Trimestre,7f4aeb5fd4ed
TALLER,PRESENCIAL,"Taller presencial sobre la Programación Multianual de Bienes, Servicios y Obras, en marco del Sistema Nacional de Abastecimiento - Huancavelica",2026-05-19,2026-05,Femenino,Entre 31 y 40 años,Regional,GERENCIA SUB REGIONAL ANGARAES,Huancavelica,Otros,II Trimestre,f357fb1675aa
TALLER,PRESENCIAL,"Taller presencial sobre la Programación Multianual de Bienes, Servicios y Obras, en marco del Sistema Nacional de Abastecimiento - Huancavelica",2026-05-19,2026-05,Femenino,Entre 20 y 30 años,Local,MUNICIPALIDAD DISTRITAL DE HUACHOS,Huancavelica,Gobiernos Locales,II Trimestre,e180fdc63e1c
TALLER,PRESENCIAL,"Taller presencial sobre la Programación Multianual de Bienes, Servicios y Obras, en marco del Sistema Nacional de Abastecimiento - Huancavelica",2026-05-19,2026-05,Masculino,Entre 20 y 30 años,Regional,GOBIERNO REGIONAL HVCA-AGRICULTURA,Huancavelica,Agricultura y Riego,II Trimestre,9e07e8847d09
TALLER,PRESENCIAL,"Taller presencial sobre la Programación Multianual de Bienes, Servicios y Obras, en marco del Sistema Nacional de Abastecimiento - Huancavelica",2026-05-19,2026-05,Masculino,Entre 31 y 40 años,Regional,UNIDAD EJECUTORA 405 RED DE SALUD ANGARAES,Huancavelica,Gobiernos Regionales,II Trimestre,1de7e8e2d79f
TALLER,PRESENCIAL,"Taller presencial sobre la Programación Multianual de Bienes, Servicios y Obras, en marco del Sistema Nacional de Abastecimiento - Huancavelica",2026-05-19,2026-05,Masculino,Entre 41 y 50 años,Regional,GERENCIA SUB REGIONAL TAYACAJA,Huancavelica,Gobiernos Regionales,II Trimestre,68864f5ea7a4
TALLER,PRESENCIAL,"Taller presencial sobre la Programación Multianual de Bienes, Servicios y Obras, en marco del Sistema Nacional de Abastecimiento - Huancavelica",2026-05-19,2026-05,Masculino,Entre 31 y 40 años,Regional,UNIDAD DE GESTIÓN EDUCATIVA LOCAL ACOBAMBA,Huancavelica,Educación,II Trimestre,f37ec65a1770
TALLER,PRESENCIAL,"Taller presencial sobre la Programación Multianual de Bienes, Servicios y Obras, en marco del Sistema Nacional de Abastecimiento - Huancavelica",2026-05-19,2026-05,Femenino,Entre 41 y 50 años,Regional,UNIDAD EJECUTORA 405 RED DE SALUD ANGARAES,Huancavelica,Salud,II Trimestre,fad0af2f791d
TALLER,PRESENCIAL,"Taller presencial sobre la Programación Multianual de Bienes, Servicios y Obras, en marco del Sistema Nacional de Abastecimiento - Huancavelica",2026-05-19,2026-05,Masculino,No especificado,Local,MUNICIPALIDAD DISTRITAL DE CONGALLA,Huancavelica,Gobiernos Locales,II Trimestre,0b82776b132d
TALLER,PRESENCIAL,"Taller presencial sobre la Programación Multianual de Bienes, Servicios y Obras, en marco del Sistema Nacional de Abastecimiento - Huancavelica",2026-05-19,2026-05,Masculino,Entre 20 y 30 años,Local,MUNICIPALIDAD PROVINCIAL ANGARAES LIRCAY,Huancavelica,Gobiernos Locales,II Trimestre,f05ec78f68c1
TALLER,PRESENCIAL,"Taller presencial sobre la Programación Multianual de Bienes, Servicios y Obras, en marco del Sistema Nacional de Abastecimiento - Huancavelica",2026-05-19,2026-05,Masculino,Entre 31 y 40 años,Local,MUNICIPALIDAD DISTRITAL DE LARIA,Huancavelica,Gobiernos Locales,II Trimestre,50fba5b40f6a
TALLER,PRESENCIAL,"Taller presencial sobre la Programación Multianual de Bienes, Servicios y Obras, en marco del Sistema Nacional de Abastecimiento - Huancavelica",2026-05-19,2026-05,Masculino,Entre 31 y 40 años,Local,MUNICIPALIDAD DISTRITAL DE TICRAPO,Huancavelica,Gobiernos Locales,II Trimestre,29b00de28ddf
TALLER,PRESENCIAL,"Taller presencial sobre la Programación Multianual de Bienes, Servicios y Obras, en marco del Sistema Nacional de Abastecimiento - Huancavelica",2026-05-19,2026-05,Masculino,No especificado,Regional,GOBIERNO REGIONAL DE HUANCAVELICA,Huancavelica,Gobiernos Regionales,II Trimestre,cdb1af79e8b0
TALLER,PRESENCIAL,"Taller presencial sobre la Programación Multianual de Bienes, Servicios y Obras, en marco del Sistema Nacional de Abastecimiento - Huancavelica",2026-05-19,2026-05,Femenino,Entre 20 y 30 años,Local,MUNICIPALIDAD DISTRITAL DE ANTA,Huancavelica,Gobiernos Locales,II Trimestre,735077f04607
TALLER,PRESENCIAL,"Taller presencial sobre la Programación Multianual de Bienes, Servicios y Obras, en marco del Sistema Nacional de Abastecimiento - Huancavelica",2026-05-19,2026-05,Masculino,Entre 31 y 40 años,Regional,RED INTEGRADA DE SALUD CHURCAMPA ,Huancavelica,Salud,II Trimestre,1de1cc633a35
TALLER,PRESENCIAL,"Taller presencial sobre la Programación Multianual de Bienes, Servicios y Obras, en marco del Sistema Nacional de Abastecimiento - Huánuco",2026-06-03,2026-06,Femenino,Entre 20 y 30 años,Regional,UNIDAD EJECUTORA 310 EDUCACION YAROWILCA,Huánuco,Educación,II Trimestre,40d8068050bd
TALLER,PRESENCIAL,"Taller presencial sobre la Programación Multianual de Bienes, Servicios y Obras, en marco del Sistema Nacional de Abastecimiento - Huánuco",2026-06-03,2026-06,Femenino,Entre 31 y 40 años,Local,MUNICIPALIDAD DISTRITAL DE SHUNQUI,Huánuco,Gobiernos Locales,II Trimestre,0945ca6d5eae
TALLER,PRESENCIAL,"Taller presencial sobre la Programación Multianual de Bienes, Servicios y Obras, en marco del Sistema Nacional de Abastecimiento - Huánuco",2026-06-03,2026-06,Masculino,Entre 31 y 40 años,Local,MUNICIPALIDAD PROVINCIAL LEONCIO PRADO,Huánuco,Gobiernos Locales,II Trimestre,3df32724a417
TALLER,PRESENCIAL,"Taller presencial sobre la Programación Multianual de Bienes, Servicios y Obras, en marco del Sistema Nacional de Abastecimiento - Huánuco",2026-06-03,2026-06,Femenino,No especificado,Local,MUNICIPALIDAD DISTRITAL DE CHINCHAO,Huánuco,Gobiernos Locales,II Trimestre,05f21759f3e9
TALLER,PRESENCIAL,"Taller presencial sobre la Programación Multianual de Bienes, Servicios y Obras, en marco del Sistema Nacional de Abastecimiento - Huánuco",2026-06-03,2026-06,Femenino,Entre 31 y 40 años,Local,MUNICIPALIDAD PROVINCIAL LEONCIO PRADO,Huánuco,Gobiernos Locales,II Trimestre,ae9daf2c162a
TALLER,PRESENCIAL,"Taller presencial sobre la Programación Multianual de Bienes, Servicios y Obras, en marco del Sistema Nacional de Abastecimiento - Huánuco",2026-06-03,2026-06,Femenino,No especificado,Local,MUNICIPALIDAD DISTRITAL DE CHINCHAO,Huánuco,Gobiernos Locales,II Trimestre,ebd216874edc
TALLER,PRESENCIAL,"Taller presencial sobre la Programación Multianual de Bienes, Servicios y Obras, en marco del Sistema Nacional de Abastecimiento - Huánuco",2026-06-03,2026-06,Femenino,Entre 31 y 40 años,Local,MUNICIPALIDAD DISTRITAL DE SAN RAFAEL,Huánuco,Gobiernos Locales,II Trimestre,219eb9466b20
TALLER,PRESENCIAL,"Taller presencial sobre la Programación Multianual de Bienes, Servicios y Obras, en marco del Sistema Nacional de Abastecimiento - Huánuco",2026-06-03,2026-06,Masculino,Entre 41 y 50 años,Regional,UNIDAD EJECUTORA 306 EDUCACION UGEL PUERTO INCA,Huánuco,Educación,II Trimestre,15a15232e318
TALLER,PRESENCIAL,"Taller presencial sobre la Programación Multianual de Bienes, Servicios y Obras, en marco del Sistema Nacional de Abastecimiento - Huánuco",2026-06-03,2026-06,Masculino,Mayor a 61 años,Regional,HOSPITAL DE TINGO MARIA,Huánuco,Salud,II Trimestre,f977ea1227a7
TALLER,PRESENCIAL,"Taller presencial sobre la Programación Multianual de Bienes, Servicios y Obras, en marco del Sistema Nacional de Abastecimiento - Huánuco",2026-06-03,2026-06,Masculino,Entre 31 y 40 años,Local,MUNICIPALIDAD DISTRITAL DE CHINCHAO,Huánuco,Gobiernos Locales,II Trimestre,dbf4bbbaed98
TALLER,PRESENCIAL,"Taller presencial sobre la Programación Multianual de Bienes, Servicios y Obras, en marco del Sistema Nacional de Abastecimiento - Huánuco",2026-06-03,2026-06,Masculino,No especificado,Local,MUNICIPALIDAD DISTRITAL DE AMARILIS,Huánuco,Gobiernos Locales,II Trimestre,2ab08e261c64
TALLER,PRESENCIAL,"Taller presencial sobre la Programación Multianual de Bienes, Servicios y Obras, en marco del Sistema Nacional de Abastecimiento - Huánuco",2026-06-03,2026-06,Masculino,Entre 20 y 30 años,Local,MUNICIPALIDAD DISTRITAL DE JIVIA,Huánuco,Gobiernos Locales,II Trimestre,f26e092df078
TALLER,PRESENCIAL,"Taller presencial sobre la Programación Multianual de Bienes, Servicios y Obras, en marco del Sistema Nacional de Abastecimiento - Huánuco",2026-06-03,2026-06,Masculino,Entre 41 y 50 años,Local,MUNICIPALIDAD DISTRITAL DE SANTA ROSA DEL ALTO YANAJANCA,Huánuco,Gobiernos Locales,II Trimestre,e227254152a9
TALLER,PRESENCIAL,"Taller presencial sobre la Programación Multianual de Bienes, Servicios y Obras, en marco del Sistema Nacional de Abastecimiento - Huánuco",2026-06-03,2026-06,Masculino,Entre 20 y 30 años,Local,MUNICIPALIDAD DISTRITAL DE CAHUAC,Huánuco,Gobiernos Locales,II Trimestre,ad4f632d39d6
TALLER,PRESENCIAL,"Taller presencial sobre la Programación Multianual de Bienes, Servicios y Obras, en marco del Sistema Nacional de Abastecimiento - Huánuco",2026-06-03,2026-06,Femenino,Entre 41 y 50 años,Regional,UNIDAD EJECUTORA N° 404 RED DE SALUD HUANUCO,Huánuco,Salud,II Trimestre,2d52617c729a
TALLER,PRESENCIAL,"Taller presencial sobre la Programación Multianual de Bienes, Servicios y Obras, en marco del Sistema Nacional de Abastecimiento - Huánuco",2026-06-03,2026-06,Masculino,Entre 20 y 30 años,Local,MUNICIPALIDAD DISTRITAL DE CHAGLLA,Huánuco,Gobiernos Locales,II Trimestre,e7647d507aa6
TALLER,PRESENCIAL,"Taller presencial sobre la Programación Multianual de Bienes, Servicios y Obras, en marco del Sistema Nacional de Abastecimiento - Huánuco",2026-06-03,2026-06,Femenino,Entre 20 y 30 años,Local,MUNICIPALIDAD DISTRITAL DE SAN PEDRO DE CHAULAN,Huánuco,Gobiernos Locales,II Trimestre,630609608964
TALLER,PRESENCIAL,"Taller presencial sobre la Programación Multianual de Bienes, Servicios y Obras, en marco del Sistema Nacional de Abastecimiento - Huánuco",2026-06-03,2026-06,Femenino,Entre 31 y 40 años,Regional,DIRECCION REGIONAL DE EDUCACION Y CULTURA,Huánuco,Educación,II Trimestre,7030a7c23034
TALLER,PRESENCIAL,"Taller presencial sobre la Programación Multianual de Bienes, Servicios y Obras, en marco del Sistema Nacional de Abastecimiento - Huánuco",2026-06-03,2026-06,Femenino,Entre 20 y 30 años,Regional,DIRECCION REGIONAL DE AGRICULTURA HUANUCO,Huánuco,Agricultura y Riego,II Trimestre,4b9068ec61c2
TALLER,PRESENCIAL,"Taller presencial sobre la Programación Multianual de Bienes, Servicios y Obras, en marco del Sistema Nacional de Abastecimiento - Huánuco",2026-06-03,2026-06,Femenino,Entre 41 y 50 años,Local,MUNICIPALIDAD DISTRITAL DE TOMAY-KICHWA,Huánuco,Gobiernos Locales,II Trimestre,facb2adcfe02
TALLER,PRESENCIAL,"Taller presencial sobre la Programación Multianual de Bienes, Servicios y Obras, en marco del Sistema Nacional de Abastecimiento - Huánuco",2026-06-03,2026-06,Masculino,Entre 41 y 50 años,Local,MUNICIPALIDAD DISTRITAL DE DANIEL ALOMIA,Huánuco,Gobiernos Locales,II Trimestre,52f307a113f4
TALLER,PRESENCIAL,"Taller presencial sobre la Programación Multianual de Bienes, Servicios y Obras, en marco del Sistema Nacional de Abastecimiento - Huánuco",2026-06-03,2026-06,Masculino,Entre 20 y 30 años,Local,MUNICIPALIDAD DISTRITAL DE JACAS GRANDE,Huánuco,Gobiernos Locales,II Trimestre,3ce75b6a247a
TALLER,PRESENCIAL,"Taller presencial sobre la Programación Multianual de Bienes, Servicios y Obras, en marco del Sistema Nacional de Abastecimiento - Huánuco",2026-06-03,2026-06,Masculino,Entre 31 y 40 años,Regional,UNIDAD EJECUTORA 304 EDUCACION UGEL PACHITEA,Huánuco,Educación,II Trimestre,3ab80d2205be
TALLER,PRESENCIAL,"Taller presencial sobre la Programación Multianual de Bienes, Servicios y Obras, en marco del Sistema Nacional de Abastecimiento - Huánuco",2026-06-03,2026-06,Femenino,No especificado,Regional,UNIDAD EJECUTORA 303 EDUCACION DOS DE MAYO,Huánuco,Educación,II Trimestre,00323edd622d
TALLER,PRESENCIAL,"Taller presencial sobre la Programación Multianual de Bienes, Servicios y Obras, en marco del Sistema Nacional de Abastecimiento - Huánuco",2026-06-03,2026-06,Femenino,Entre 41 y 50 años,Regional,UNIDAD EJECUTORA EDUCACION UGEL HUANUCO,Huánuco,Gobiernos Regionales,II Trimestre,554e8549b80e
TALLER,PRESENCIAL,"Taller presencial sobre la Programación Multianual de Bienes, Servicios y Obras, en marco del Sistema Nacional de Abastecimiento - Huánuco",2026-06-03,2026-06,Femenino,Entre 20 y 30 años,Regional,UNIDAD EJECUTORA 306 EDUCACION UGEL PUERTO INCA,Huánuco,Educación,II Trimestre,861cd3b15197
TALLER,PRESENCIAL,"Taller presencial sobre la Programación Multianual de Bienes, Servicios y Obras, en marco del Sistema Nacional de Abastecimiento - Huánuco",2026-06-03,2026-06,Masculino,No especificado,Nacional,CONECTAMEF HUÁNUCO,Huánuco,Economía y Finanzas,II Trimestre,69b8c3506a55
TALLER,PRESENCIAL,"Taller presencial sobre la Programación Multianual de Bienes, Servicios y Obras, en marco del Sistema Nacional de Abastecimiento - Huánuco",2026-06-03,2026-06,Femenino,Entre 31 y 40 años,Local,MUNICIPALIDAD DISTRITAL DE JACAS GRANDE,Huánuco,Gobiernos Locales,II Trimestre,34e722234ef2
TALLER,PRESENCIAL,"Taller presencial sobre la Programación Multianual de Bienes, Servicios y Obras, en marco del Sistema Nacional de Abastecimiento - Huánuco",2026-06-03,2026-06,Masculino,Entre 31 y 40 años,Local,MUNICIPALIDAD DISTRITAL DE PUEBLO NUEVO,Huánuco,Economía y Finanzas,II Trimestre,13ea1827022a
TALLER,PRESENCIAL,"Taller presencial sobre la Programación Multianual de Bienes, Servicios y Obras, en marco del Sistema Nacional de Abastecimiento - Huánuco",2026-06-03,2026-06,Masculino,Entre 41 y 50 años,Regional,UNIDAD EJECUTORA 305 EDUCACION UGEL HUAMALIES,Huánuco,Educación,II Trimestre,eaea1853b0c4
TALLER,PRESENCIAL,"Taller presencial sobre la Programación Multianual de Bienes, Servicios y Obras, en marco del Sistema Nacional de Abastecimiento - Huánuco",2026-06-03,2026-06,Masculino,Entre 41 y 50 años,Nacional,UNIVERSIDAD NACIONAL AGRARIA DE LA SELVA,Huánuco,Educación,II Trimestre,bb831137252e
TALLER,PRESENCIAL,"Taller presencial sobre la Programación Multianual de Bienes, Servicios y Obras, en marco del Sistema Nacional de Abastecimiento - Huánuco",2026-06-03,2026-06,Masculino,Entre 20 y 30 años,Local,MUNICIPALIDAD DISTRITAL DE CHOLON,Huánuco,Gobiernos Locales,II Trimestre,910188d1dad9
TALLER,PRESENCIAL,"Taller presencial sobre la Programación Multianual de Bienes, Servicios y Obras, en marco del Sistema Nacional de Abastecimiento - Huánuco",2026-06-03,2026-06,Masculino,Entre 20 y 30 años,Regional,UNIDAD EJECUTORA EDUCACION UGEL HUACAYBAMBA,Huánuco,Educación,II Trimestre,ac176628005c
TALLER,PRESENCIAL,"Taller presencial sobre la Programación Multianual de Bienes, Servicios y Obras, en marco del Sistema Nacional de Abastecimiento - Huánuco",2026-06-03,2026-06,Femenino,No especificado,Local,MUNICIPALIDAD DISTRITAL DE DANIEL ALOMIA,Huánuco,Gobiernos Locales,II Trimestre,b7c4a198c598
TALLER,PRESENCIAL,"Taller presencial sobre la Programación Multianual de Bienes, Servicios y Obras, en marco del Sistema Nacional de Abastecimiento - Huánuco",2026-06-03,2026-06,Masculino,Entre 41 y 50 años,Regional,UNIDAD EJECUTORA: 407 RED DE SALUD PUERTO INCA,Huánuco,Salud,II Trimestre,184f9fae926c
TALLER,PRESENCIAL,"Taller presencial sobre la Programación Multianual de Bienes, Servicios y Obras, en marco del Sistema Nacional de Abastecimiento - Huánuco",2026-06-03,2026-06,Masculino,Entre 31 y 40 años,Regional,UNIDAD EJECUTORA 304 EDUCACION UGEL PACHITEA,Huánuco,Educación,II Trimestre,9a0532be85f6
TALLER,PRESENCIAL,"Taller presencial sobre la Programación Multianual de Bienes, Servicios y Obras, en marco del Sistema Nacional de Abastecimiento - Huánuco",2026-06-03,2026-06,Masculino,Entre 20 y 30 años,Regional,UNIDAD EJECUTORA: 407 RED DE SALUD PUERTO INCA,Huánuco,Salud,II Trimestre,a11902d44008
TALLER,PRESENCIAL,"Taller presencial sobre la Programación Multianual de Bienes, Servicios y Obras, en marco del Sistema Nacional de Abastecimiento - Huánuco",2026-06-03,2026-06,Femenino,No especificado,Local,MUNICIPALIDAD DISTRITAL DE SANTA ROSA DEL ALTO YANAJANCA,Huánuco,Gobiernos Locales,II Trimestre,21ece5974570
TALLER,PRESENCIAL,"Taller presencial sobre la Programación Multianual de Bienes, Servicios y Obras, en marco del Sistema Nacional de Abastecimiento - Huánuco",2026-06-03,2026-06,Femenino,Entre 20 y 30 años,Nacional,REGION POLICIAL HUANUCO - SAN MARTIN - UCAYALI,Huánuco,Interior,II Trimestre,bf28cb3f21c1
TALLER,PRESENCIAL,"Taller presencial sobre la Programación Multianual de Bienes, Servicios y Obras, en marco del Sistema Nacional de Abastecimiento - Huánuco",2026-06-03,2026-06,Femenino,Entre 31 y 40 años,Regional,DIRECCION REGIONAL DE EDUCACION Y CULTURA,Huánuco,Educación,II Trimestre,268b9018c1a6
TALLER,PRESENCIAL,"Taller presencial sobre la Programación Multianual de Bienes, Servicios y Obras, en marco del Sistema Nacional de Abastecimiento - Huánuco",2026-06-03,2026-06,Femenino,Entre 31 y 40 años,Nacional,REGION POLICIAL HUANUCO - SAN MARTIN - UCAYALI,Huánuco,Interior,II Trimestre,0b5ecb0c4d9e
TALLER,PRESENCIAL,"Taller presencial sobre la Programación Multianual de Bienes, Servicios y Obras, en marco del Sistema Nacional de Abastecimiento - Huánuco",2026-06-03,2026-06,Femenino,Entre 31 y 40 años,Regional,UNIDAD EJECUTORA 310 EDUCACION YAROWILCA,Huánuco,Educación,II Trimestre,e775cce74e30
TALLER,PRESENCIAL,"Taller presencial sobre la Programación Multianual de Bienes, Servicios y Obras, en marco del Sistema Nacional de Abastecimiento - Huánuco",2026-06-03,2026-06,Femenino,Entre 31 y 40 años,Nacional,UNIVERSIDAD NACIONAL DANIEL ALOMÍA ROBLES,Huánuco,Educación,II Trimestre,894165b0a80f
TALLER,PRESENCIAL,"Taller presencial sobre la Programación Multianual de Bienes, Servicios y Obras, en marco del Sistema Nacional de Abastecimiento - Huánuco",2026-06-03,2026-06,Femenino,Entre 31 y 40 años,Regional,UNIDAD EJECUTORA 305 EDUCACION UGEL HUAMALIES,Huánuco,Educación,II Trimestre,ce0b61bc2bed
TALLER,PRESENCIAL,"Taller presencial sobre la Programación Multianual de Bienes, Servicios y Obras, en marco del Sistema Nacional de Abastecimiento - Huánuco",2026-06-03,2026-06,Femenino,Entre 20 y 30 años,Local,MUNICIPALIDAD PROVINCIAL DE AMBO,Huánuco,Gobiernos Locales,II Trimestre,3382d126aa00
TALLER,PRESENCIAL,"Taller presencial sobre la Programación Multianual de Bienes, Servicios y Obras, en marco del Sistema Nacional de Abastecimiento - Huánuco",2026-06-03,2026-06,Masculino,Entre 31 y 40 años,Local,MUNICIPALIDAD DISTRITAL DE COLPAS,Huánuco,Gobiernos Locales,II Trimestre,e5abc4d8f95f
TALLER,PRESENCIAL,"Taller presencial sobre la Programación Multianual de Bienes, Servicios y Obras, en marco del Sistema Nacional de Abastecimiento - Huánuco",2026-06-03,2026-06,Masculino,No especificado,Local,MUNICIPALIDAD PROVINCIAL DE HUAMALIES,Huánuco,Gobiernos Locales,II Trimestre,7cfd1b84bc9f
TALLER,PRESENCIAL,"Taller presencial sobre la Programación Multianual de Bienes, Servicios y Obras, en marco del Sistema Nacional de Abastecimiento - Huánuco",2026-06-03,2026-06,Masculino,No especificado,Local,MUNICIPALIDAD DISTRITAL DE HUACAR,Huánuco,Gobiernos Locales,II Trimestre,e86e5757e10b
TALLER,PRESENCIAL,"Taller presencial sobre la Programación Multianual de Bienes, Servicios y Obras, en marco del Sistema Nacional de Abastecimiento - Huánuco",2026-06-03,2026-06,Masculino,Entre 20 y 30 años,Regional,RED DE SALUD PACHITEA,Huánuco,Salud,II Trimestre,b051fd2aa194
TALLER,PRESENCIAL,"Taller presencial sobre la Programación Multianual de Bienes, Servicios y Obras, en marco del Sistema Nacional de Abastecimiento - Huánuco",2026-06-03,2026-06,Femenino,Entre 31 y 40 años,Local,MUNICIPALIDAD DISTRITAL DE SINGA,Huánuco,Gobiernos Locales,II Trimestre,6de90475bdb2
TALLER,PRESENCIAL,"Taller presencial sobre la Programación Multianual de Bienes, Servicios y Obras, en marco del Sistema Nacional de Abastecimiento - Huánuco",2026-06-03,2026-06,Femenino,Entre 51 y 60 años,Regional,UNIDAD EJECUTORA 309 EDUCACION LAURICOCHA,Huánuco,Educación,II Trimestre,ad29ab67e92a
TALLER,PRESENCIAL,"Taller presencial sobre la Programación Multianual de Bienes, Servicios y Obras, en marco del Sistema Nacional de Abastecimiento - Huánuco",2026-06-03,2026-06,Masculino,No especificado,Local,MUNICIPALIDAD DISTRITAL DE MOLINO,Huánuco,Gobiernos Locales,II Trimestre,2cfbc7181455
TALLER,PRESENCIAL,"Taller presencial sobre la Programación Multianual de Bienes, Servicios y Obras, en marco del Sistema Nacional de Abastecimiento - Huánuco",2026-06-03,2026-06,Femenino,Entre 31 y 40 años,Local,MUNICIPALIDAD DISTRITAL DE TOMAY-KICHWA,Huánuco,Gobiernos Locales,II Trimestre,a460fa0d5f00
TALLER,PRESENCIAL,"Taller presencial sobre la Programación Multianual de Bienes, Servicios y Obras, en marco del Sistema Nacional de Abastecimiento - Arequipa",2026-06-12,2026-06,Femenino,Entre 31 y 40 años,Regional,HOSPITAL III REGIONAL HONORIO DELGADO ESPINOZA DEL GOBIERNO REGIONAL DE AREQUIPA,Arequipa,Salud,II Trimestre,31e5cd520613
TALLER,PRESENCIAL,"Taller presencial sobre la Programación Multianual de Bienes, Servicios y Obras, en marco del Sistema Nacional de Abastecimiento - Arequipa",2026-06-12,2026-06,Masculino,Entre 51 y 60 años,Regional,UGEL CASTILLA,Arequipa,Educación,II Trimestre,647544dbff23
TALLER,PRESENCIAL,"Taller presencial sobre la Programación Multianual de Bienes, Servicios y Obras, en marco del Sistema Nacional de Abastecimiento - Arequipa",2026-06-12,2026-06,Masculino,Entre 41 y 50 años,Nacional,UNIVERSIDAD NACIONAL DE SAN AGUSTIN,Arequipa,Educación,II Trimestre,a8ec2ce69123
TALLER,PRESENCIAL,"Taller presencial sobre la Programación Multianual de Bienes, Servicios y Obras, en marco del Sistema Nacional de Abastecimiento - Arequipa",2026-06-12,2026-06,Femenino,Entre 41 y 50 años,Regional,RED DE SALUD AREQUIPA-CAYLLOMA - GRA-SALUD RED PERIFERICA AREQUIPA,Arequipa,Salud,II Trimestre,173630c20061
TALLER,PRESENCIAL,"Taller presencial sobre la Programación Multianual de Bienes, Servicios y Obras, en marco del Sistema Nacional de Abastecimiento - Arequipa",2026-06-12,2026-06,Masculino,Entre 31 y 40 años,Regional,RED DE SALUD CAMANA CARAVELI,Arequipa,Gobiernos Regionales,II Trimestre,7925fb00a190
TALLER,PRESENCIAL,"Taller presencial sobre la Programación Multianual de Bienes, Servicios y Obras, en marco del Sistema Nacional de Abastecimiento - Arequipa",2026-06-12,2026-06,Femenino,Entre 20 y 30 años,Local,MUNICIPALIDAD DISTRITAL DE CHARACATO,Arequipa,Gobiernos Locales,II Trimestre,8b02d663752d
TALLER,PRESENCIAL,"Taller presencial sobre la Programación Multianual de Bienes, Servicios y Obras, en marco del Sistema Nacional de Abastecimiento - Arequipa",2026-06-12,2026-06,Femenino,Entre 31 y 40 años,Local,MUNICIPALIDAD PROVINCIAL DE ISLAY,Arequipa,Gobiernos Locales,II Trimestre,ac7c22d8a30d
TALLER,PRESENCIAL,"Taller presencial sobre la Programación Multianual de Bienes, Servicios y Obras, en marco del Sistema Nacional de Abastecimiento - Arequipa",2026-06-12,2026-06,Femenino,Entre 31 y 40 años,Local,MUNICIPALIDAD DISTRITAL DE MOLLEBAYA,Arequipa,Gobiernos Locales,II Trimestre,302f10cfc443
TALLER,PRESENCIAL,"Taller presencial sobre la Programación Multianual de Bienes, Servicios y Obras, en marco del Sistema Nacional de Abastecimiento - Arequipa",2026-06-12,2026-06,Femenino,Entre 31 y 40 años,Regional,UGEL LA UNIÓN,Arequipa,Gobiernos Regionales,II Trimestre,d9c338beb949
TALLER,PRESENCIAL,"Taller presencial sobre la Programación Multianual de Bienes, Servicios y Obras, en marco del Sistema Nacional de Abastecimiento - Arequipa",2026-06-12,2026-06,Femenino,Entre 31 y 40 años,Regional,HOSPITAL CENTRAL DE MAJES ING. ANGEL GABRIEL CHURA GALLEGOS,Arequipa,Salud,II Trimestre,34a683c90aa0
TALLER,PRESENCIAL,"Taller presencial sobre la Programación Multianual de Bienes, Servicios y Obras, en marco del Sistema Nacional de Abastecimiento - Arequipa",2026-06-12,2026-06,Femenino,Mayor a 61 años,Regional,UNIDAD DE GESTION EDUCATIVA LOCAL ISLAY,Arequipa,Educación,II Trimestre,949de6ffe1f8
TALLER,PRESENCIAL,"Taller presencial sobre la Programación Multianual de Bienes, Servicios y Obras, en marco del Sistema Nacional de Abastecimiento - Arequipa",2026-06-12,2026-06,Masculino,Entre 31 y 40 años,Regional,GOBIERNO REGIONAL DE AREQUIPA - COLEGIO MILITAR FRANCISCO BOLOGNESI,Arequipa,Educación,II Trimestre,ed3e9f6fe305
TALLER,PRESENCIAL,"Taller presencial sobre la Programación Multianual de Bienes, Servicios y Obras, en marco del Sistema Nacional de Abastecimiento - Arequipa",2026-06-12,2026-06,Masculino,Entre 31 y 40 años,Local,MUNICIPALIDAD PROVINCIAL DE LA UNION,Arequipa,Gobiernos Locales,II Trimestre,02ac85e1403d
TALLER,PRESENCIAL,"Taller presencial sobre la Programación Multianual de Bienes, Servicios y Obras, en marco del Sistema Nacional de Abastecimiento - Arequipa",2026-06-12,2026-06,Masculino,Entre 20 y 30 años,Nacional,UNIVERSIDAD NACIONAL DE SAN AGUSTIN,Arequipa,Educación,II Trimestre,61b4b1205f28
TALLER,PRESENCIAL,"Taller presencial sobre la Programación Multianual de Bienes, Servicios y Obras, en marco del Sistema Nacional de Abastecimiento - Arequipa",2026-06-12,2026-06,Masculino,Entre 41 y 50 años,Local,MUNICIPALIDAD DISTRITAL DE UCHUMAYO,Arequipa,Gobiernos Locales,II Trimestre,9346e5cf1518
TALLER,PRESENCIAL,"Taller presencial sobre la Programación Multianual de Bienes, Servicios y Obras, en marco del Sistema Nacional de Abastecimiento - Arequipa",2026-06-12,2026-06,Masculino,Entre 31 y 40 años,Nacional,ZONA REGISTRAL N° XII,Arequipa,Justicia y Derechos Humanos,II Trimestre,1f1e5b64a7cb
TALLER,PRESENCIAL,"Taller presencial sobre la Programación Multianual de Bienes, Servicios y Obras, en marco del Sistema Nacional de Abastecimiento - Arequipa",2026-06-12,2026-06,Femenino,Entre 31 y 40 años,Nacional,UNIVERSIDAD NACIONAL DE SAN AGUSTIN,Arequipa,Educación,II Trimestre,497896c27e8a
TALLER,PRESENCIAL,"Taller presencial sobre la Programación Multianual de Bienes, Servicios y Obras, en marco del Sistema Nacional de Abastecimiento - Arequipa",2026-06-12,2026-06,Femenino,Entre 51 y 60 años,Regional,REGION AREQUIPA-PROYECTO ESPECIAL COPASA,Arequipa,Gobiernos Regionales,II Trimestre,3c52c620f432
TALLER,PRESENCIAL,"Taller presencial sobre la Programación Multianual de Bienes, Servicios y Obras, en marco del Sistema Nacional de Abastecimiento - Arequipa",2026-06-12,2026-06,Femenino,Entre 20 y 30 años,Regional,GERENCIA REGIONAL DE AGRICULTURA DEL GOBIERNO REGIONAL DE AREQUIPA,Arequipa,Agricultura y Riego,II Trimestre,1946462d1f13
TALLER,PRESENCIAL,"Taller presencial sobre la Programación Multianual de Bienes, Servicios y Obras, en marco del Sistema Nacional de Abastecimiento - Arequipa",2026-06-12,2026-06,Masculino,Entre 51 y 60 años,Local,MUNICIP DIST JOSE L BUSTAMANTE Y RIVERO,Arequipa,Gobiernos Locales,II Trimestre,aba5037fda2d
TALLER,PRESENCIAL,"Taller presencial sobre la Programación Multianual de Bienes, Servicios y Obras, en marco del Sistema Nacional de Abastecimiento - Arequipa",2026-06-12,2026-06,Masculino,Entre 20 y 30 años,Nacional,MINISTERIO PUBLICO GERENCIA ADMINISTRATIVA DE AREQUIPA,Arequipa,Ministerio Público,II Trimestre,3b6d4e7f9cde
TALLER,PRESENCIAL,"Taller presencial sobre la Programación Multianual de Bienes, Servicios y Obras, en marco del Sistema Nacional de Abastecimiento - Arequipa",2026-06-12,2026-06,Femenino,Entre 31 y 40 años,Regional,UGEL CASTILLA,Arequipa,Educación,II Trimestre,1f215ff1ca4d
TALLER,PRESENCIAL,"Taller presencial sobre la Programación Multianual de Bienes, Servicios y Obras, en marco del Sistema Nacional de Abastecimiento - Arequipa",2026-06-12,2026-06,Masculino,Entre 31 y 40 años,Local,MUNICIPALIDAD DISTRITAL DE QUILCA,Arequipa,Gobiernos Locales,II Trimestre,b067dab2a31a
TALLER,PRESENCIAL,"Taller presencial sobre la Programación Multianual de Bienes, Servicios y Obras, en marco del Sistema Nacional de Abastecimiento - Arequipa",2026-06-12,2026-06,Femenino,Entre 41 y 50 años,Nacional,INSTITUTO NACIONAL PENITENCIARIO OFICINA REGIONAL SUR,Arequipa,Justicia y Derechos Humanos,II Trimestre,99be928f2ffa
TALLER,PRESENCIAL,"Taller presencial sobre la Programación Multianual de Bienes, Servicios y Obras, en marco del Sistema Nacional de Abastecimiento - Arequipa",2026-06-12,2026-06,Femenino,Entre 51 y 60 años,Regional,GERENCIA REGIONAL DE AGRICULTURA DEL GOBIERNO REGIONAL DE AREQUIPA,Arequipa,Agricultura y Riego,II Trimestre,934965c1c5fc
TALLER,PRESENCIAL,"Taller presencial sobre la Programación Multianual de Bienes, Servicios y Obras, en marco del Sistema Nacional de Abastecimiento - Arequipa",2026-06-12,2026-06,Femenino,Entre 20 y 30 años,Local,MUNICIPALIDAD DISTRITAL DE SANTA ISABEL DE SIGUAS,Arequipa,Gobiernos Locales,II Trimestre,679384961964
TALLER,PRESENCIAL,"Taller presencial sobre la Programación Multianual de Bienes, Servicios y Obras, en marco del Sistema Nacional de Abastecimiento - Arequipa",2026-06-12,2026-06,Masculino,Entre 20 y 30 años,Regional,REGION AREQUIPA-PROYECTO ESPECIAL COPASA,Arequipa,Gobiernos Regionales,II Trimestre,0ed4da9f49ae
TALLER,PRESENCIAL,"Taller presencial sobre la Programación Multianual de Bienes, Servicios y Obras, en marco del Sistema Nacional de Abastecimiento - Arequipa",2026-06-12,2026-06,Masculino,Entre 31 y 40 años,Local,MUNICIPALIDAD DISTRITAL DE PAMPACOLCA,Arequipa,Gobiernos Locales,II Trimestre,115bb3daf8f2
TALLER,PRESENCIAL,"Taller presencial sobre la Programación Multianual de Bienes, Servicios y Obras, en marco del Sistema Nacional de Abastecimiento - Arequipa",2026-06-12,2026-06,Masculino,Entre 31 y 40 años,Local,MUNICIPALIDAD DISTRITAL DE ALCA,Arequipa,Gobiernos Locales,II Trimestre,1f4f1e79047c
TALLER,PRESENCIAL,"Taller presencial sobre la Programación Multianual de Bienes, Servicios y Obras, en marco del Sistema Nacional de Abastecimiento - Arequipa",2026-06-12,2026-06,Masculino,Entre 51 y 60 años,Regional,UNIDAD DE GESTION EDUCATIVA LOCAL ISLAY,Arequipa,Educación,II Trimestre,6a275de0591f
TALLER,PRESENCIAL,"Taller presencial sobre la Programación Multianual de Bienes, Servicios y Obras, en marco del Sistema Nacional de Abastecimiento - Arequipa",2026-06-12,2026-06,Masculino,Entre 31 y 40 años,Local,MUNICIPALIDAD DISTRITAL DE YANAHUARA,Arequipa,Gobiernos Locales,II Trimestre,02233d22bee2
TALLER,PRESENCIAL,"Taller presencial sobre la Programación Multianual de Bienes, Servicios y Obras, en marco del Sistema Nacional de Abastecimiento - Arequipa",2026-06-12,2026-06,Femenino,Entre 31 y 40 años,Local,MUNICIPALIDAD DISTRITAL DE YURA,Arequipa,Gobiernos Locales,II Trimestre,1af9b70f2faf
TALLER,PRESENCIAL,"Taller presencial sobre la Programación Multianual de Bienes, Servicios y Obras, en marco del Sistema Nacional de Abastecimiento - Arequipa",2026-06-12,2026-06,Masculino,Entre 41 y 50 años,Local,MUNICIPALIDAD DISTRITAL DE MOLLEBAYA,Arequipa,Gobiernos Locales,II Trimestre,3e19bb15bea8
TALLER,PRESENCIAL,"Taller presencial sobre la Programación Multianual de Bienes, Servicios y Obras, en marco del Sistema Nacional de Abastecimiento - Arequipa",2026-06-12,2026-06,Femenino,Entre 31 y 40 años,Regional,RED DE SALUD APLAO DEL GOBIERNO REGIONAL DE AREQUIPA,Arequipa,Salud,II Trimestre,b983b4232921
TALLER,PRESENCIAL,"Taller presencial sobre la Programación Multianual de Bienes, Servicios y Obras, en marco del Sistema Nacional de Abastecimiento - Arequipa",2026-06-12,2026-06,Masculino,Entre 41 y 50 años,Nacional,XI DIRECCION TERRITORIAL DE POLICIA - AREQUIPA,Arequipa,Interior,II Trimestre,6edafbbb5532
TALLER,PRESENCIAL,"Taller presencial sobre la Programación Multianual de Bienes, Servicios y Obras, en marco del Sistema Nacional de Abastecimiento - Arequipa",2026-06-12,2026-06,Femenino,Entre 31 y 40 años,Local,MUNICIPALIDAD DISTRITAL DE CHICHAS,Arequipa,Gobiernos Locales,II Trimestre,c8972f5433d8
TALLER,PRESENCIAL,"Taller presencial sobre la Programación Multianual de Bienes, Servicios y Obras, en marco del Sistema Nacional de Abastecimiento - Arequipa",2026-06-12,2026-06,Femenino,Entre 31 y 40 años,Regional,GOBIERNO REGIONAL DE AREQUIPA,Arequipa,Gobiernos Regionales,II Trimestre,7085fad6daac
TALLER,PRESENCIAL,"Taller presencial sobre la Programación Multianual de Bienes, Servicios y Obras, en marco del Sistema Nacional de Abastecimiento - Arequipa",2026-06-12,2026-06,Masculino,Entre 20 y 30 años,Local,MUNICIPALIDAD DISTRITAL DE MARIANO MELGAR,Arequipa,Gobiernos Locales,II Trimestre,09ae92a3d61d
TALLER,PRESENCIAL,"Taller presencial sobre la Programación Multianual de Bienes, Servicios y Obras, en marco del Sistema Nacional de Abastecimiento - Arequipa",2026-06-12,2026-06,Femenino,Entre 31 y 40 años,Local,MUNICIPALIDAD DISTRITAL DE YANAQUIHUA,Arequipa,Gobiernos Locales,II Trimestre,5f2b95308033
TALLER,PRESENCIAL,"Taller presencial sobre la Programación Multianual de Bienes, Servicios y Obras, en marco del Sistema Nacional de Abastecimiento - Arequipa",2026-06-12,2026-06,Masculino,Entre 31 y 40 años,Local,MUNICIPALIDAD DISTRITAL DE UCHUMAYO,Arequipa,Gobiernos Locales,II Trimestre,a672fdfe4256
TALLER,PRESENCIAL,"Taller presencial sobre la Programación Multianual de Bienes, Servicios y Obras, en marco del Sistema Nacional de Abastecimiento - Arequipa",2026-06-12,2026-06,Femenino,Entre 31 y 40 años,Regional,GOBIERNO REGIONAL DE AREQUIPA - COLEGIO MILITAR FRANCISCO BOLOGNESI,Arequipa,Educación,II Trimestre,35957df5b79a
TALLER,PRESENCIAL,"Taller presencial sobre la Programación Multianual de Bienes, Servicios y Obras, en marco del Sistema Nacional de Abastecimiento - Arequipa",2026-06-12,2026-06,Masculino,Entre 41 y 50 años,Regional,UNIDAD EJECUTORA - UGEL LA JOYA,Arequipa,Educación,II Trimestre,3888340f4fce
TALLER,PRESENCIAL,"Taller presencial sobre la Programación Multianual de Bienes, Servicios y Obras, en marco del Sistema Nacional de Abastecimiento - Arequipa",2026-06-12,2026-06,Masculino,Entre 41 y 50 años,Regional,U.E.1195  HOSPITAL SAN JUAN DE DIOS PISCO,Ica,Salud,II Trimestre,3edebd485469
TALLER,PRESENCIAL,"Taller presencial sobre la Programación Multianual de Bienes, Servicios y Obras, en marco del Sistema Nacional de Abastecimiento - Arequipa",2026-06-12,2026-06,Femenino,Entre 31 y 40 años,Regional,RED DE SALUD CAMANA CARAVELI,Arequipa,Gobiernos Regionales,II Trimestre,cfdefd4c21d0
TALLER,PRESENCIAL,"Taller presencial sobre la Programación Multianual de Bienes, Servicios y Obras, en marco del Sistema Nacional de Abastecimiento - Arequipa",2026-06-12,2026-06,Femenino,Entre 41 y 50 años,Regional,INSTITUTO REGIONAL DE ENFERMEDADES NEOPLASICAS DEL SUR,Arequipa,Salud,II Trimestre,06154435357a
TALLER,PRESENCIAL,"Taller presencial sobre la Programación Multianual de Bienes, Servicios y Obras, en marco del Sistema Nacional de Abastecimiento - Arequipa",2026-06-12,2026-06,Femenino,Entre 31 y 40 años,Regional,GOBIERNO REGIONAL DE AREQUIPA - COLEGIO MILITAR FRANCISCO BOLOGNESI,Arequipa,Educación,II Trimestre,b137212a0196
TALLER,PRESENCIAL,"Taller presencial sobre la Programación Multianual de Bienes, Servicios y Obras, en marco del Sistema Nacional de Abastecimiento - Arequipa",2026-06-12,2026-06,Femenino,Entre 31 y 40 años,Regional,REGION AREQUIPA-PROYECTO ESPECIAL COPASA,Arequipa,Gobiernos Regionales,II Trimestre,b9d7c5fa95b7
TALLER,PRESENCIAL,"Taller presencial sobre la Programación Multianual de Bienes, Servicios y Obras, en marco del Sistema Nacional de Abastecimiento - Arequipa",2026-06-12,2026-06,Masculino,Entre 31 y 40 años,Local,MUNICIPALIDAD DISTRITAL DE CAYMA,Arequipa,Gobiernos Locales,II Trimestre,dfe2ae7ef4f6
TALLER,PRESENCIAL,"Taller presencial sobre la Programación Multianual de Bienes, Servicios y Obras, en marco del Sistema Nacional de Abastecimiento - Arequipa",2026-06-12,2026-06,Femenino,Entre 51 y 60 años,Regional,HOSPITAL GOYENECHE DEL GOBIERNO REGIONAL DE AREQUIPA,Arequipa,Salud,II Trimestre,2dd5aab1f962
TALLER,PRESENCIAL,"Taller presencial sobre la Programación Multianual de Bienes, Servicios y Obras, en marco del Sistema Nacional de Abastecimiento - Arequipa",2026-06-12,2026-06,Femenino,Entre 31 y 40 años,Local,MUNICIPALIDAD PROVINCIAL DE CONDESUYOS -CHUQUIBAMBA,Arequipa,Gobiernos Locales,II Trimestre,d7d0a864e38e
TALLER,PRESENCIAL,"Taller presencial sobre la Programación Multianual de Bienes, Servicios y Obras, en marco del Sistema Nacional de Abastecimiento - Arequipa",2026-06-12,2026-06,Masculino,Entre 31 y 40 años,Local,MUNICIPALIDAD DISTRITAL DE MOLLEBAYA,Arequipa,Gobiernos Locales,II Trimestre,00017602ad28
TALLER,PRESENCIAL,"Taller presencial sobre la Programación Multianual de Bienes, Servicios y Obras, en marco del Sistema Nacional de Abastecimiento - Arequipa",2026-06-12,2026-06,Femenino,Entre 31 y 40 años,Local,MUNICIPALIDAD DISTRITAL DE YANAQUIHUA,Arequipa,Gobiernos Locales,II Trimestre,f0ad91528e20
TALLER,PRESENCIAL,"Taller presencial sobre la Programación Multianual de Bienes, Servicios y Obras, en marco del Sistema Nacional de Abastecimiento - Arequipa",2026-06-12,2026-06,Masculino,Entre 31 y 40 años,Nacional,UNIVERSIDAD NACIONAL DE SAN AGUSTIN,Arequipa,Gobiernos Locales,II Trimestre,e72ba422fc9b
TALLER,PRESENCIAL,"Taller presencial sobre la Programación Multianual de Bienes, Servicios y Obras, en marco del Sistema Nacional de Abastecimiento - Arequipa",2026-06-12,2026-06,Femenino,Entre 31 y 40 años,Regional,U.E.1195  HOSPITAL SAN JUAN DE DIOS PISCO,Ica,Gobiernos Regionales,II Trimestre,09dafbfddb1d
TALLER,PRESENCIAL,"Taller presencial sobre la Programación Multianual de Bienes, Servicios y Obras, en marco del Sistema Nacional de Abastecimiento - Arequipa",2026-06-12,2026-06,Femenino,Entre 31 y 40 años,Local,MUNICIPALIDAD DISTRITAL DE MOLLEBAYA,Arequipa,Gobiernos Locales,II Trimestre,898309418fdc
TALLER,PRESENCIAL,"Taller presencial sobre la Programación Multianual de Bienes, Servicios y Obras, en marco del Sistema Nacional de Abastecimiento - Arequipa",2026-06-12,2026-06,Femenino,Entre 20 y 30 años,Local,MUNICIP DIST JOSE L BUSTAMANTE Y RIVERO,Arequipa,Gobiernos Locales,II Trimestre,ad910932daaf
TALLER,PRESENCIAL,"Taller presencial sobre la Programación Multianual de Bienes, Servicios y Obras, en marco del Sistema Nacional de Abastecimiento - Arequipa",2026-06-12,2026-06,Masculino,Entre 41 y 50 años,Regional,REGION AREQUIPA-PROYECTO ESPECIAL COPASA,Arequipa,Gobiernos Regionales,II Trimestre,a551214c152e
TALLER,PRESENCIAL,"Taller presencial sobre la Programación Multianual de Bienes, Servicios y Obras, en marco del Sistema Nacional de Abastecimiento - Arequipa",2026-06-12,2026-06,Femenino,Entre 31 y 40 años,Nacional,XI DIRECCION TERRITORIAL DE POLICIA - AREQUIPA,Arequipa,Interior,II Trimestre,954752276744
TALLER,PRESENCIAL,"Taller presencial sobre la Programación Multianual de Bienes, Servicios y Obras, en marco del Sistema Nacional de Abastecimiento - Arequipa",2026-06-12,2026-06,Masculino,Entre 31 y 40 años,Regional,UGEL LA UNIÓN,Arequipa,Gobiernos Regionales,II Trimestre,1c5b2d842cfd
TALLER,PRESENCIAL,"Taller presencial sobre la Programación Multianual de Bienes, Servicios y Obras, en marco del Sistema Nacional de Abastecimiento - Piura / Tumbes",2023-06-16,2023-06,Masculino,Entre 41 y 50 años,Nacional,MINISTERIO PUBLICO - GERENCIA ADMINISTRATIVA DE PIURA,Piura,Ministerio Público,II Trimestre,ae7834e6e75a
TALLER,PRESENCIAL,"Taller presencial sobre la Programación Multianual de Bienes, Servicios y Obras, en marco del Sistema Nacional de Abastecimiento - Piura / Tumbes",2023-06-16,2023-06,Femenino,No especificado,Local,MUNICIPALIDAD DISTRITAL DE MONTERO,Piura,Gobiernos Locales,II Trimestre,25ed68b8e975
TALLER,PRESENCIAL,"Taller presencial sobre la Programación Multianual de Bienes, Servicios y Obras, en marco del Sistema Nacional de Abastecimiento - Piura / Tumbes",2023-06-16,2023-06,Masculino,Entre 41 y 50 años,Nacional,UNIVERSIDAD NACIONAL DE SECHURA,Piura,Educación,II Trimestre,cc8155342e7b
TALLER,PRESENCIAL,"Taller presencial sobre la Programación Multianual de Bienes, Servicios y Obras, en marco del Sistema Nacional de Abastecimiento - Piura / Tumbes",2023-06-16,2023-06,Femenino,Entre 41 y 50 años,Regional,GERENCIA SUBREGIONAL MORROPON HUANCABAMBA,Piura,Gobiernos Regionales,II Trimestre,49375dc97cf9
TALLER,PRESENCIAL,"Taller presencial sobre la Programación Multianual de Bienes, Servicios y Obras, en marco del Sistema Nacional de Abastecimiento - Piura / Tumbes",2023-06-16,2023-06,Masculino,No especificado,Regional,UNIDAD EJECUTORA 403 SALUD MORROPON CHULUCANAS,Piura,Salud,II Trimestre,bcbf39439eab
TALLER,PRESENCIAL,"Taller presencial sobre la Programación Multianual de Bienes, Servicios y Obras, en marco del Sistema Nacional de Abastecimiento - Piura / Tumbes",2023-06-16,2023-06,Femenino,Entre 41 y 50 años,Regional,GOBIERNO REGIONAL PIURA,Piura,Gobiernos Regionales,II Trimestre,f6c7cae88568
TALLER,PRESENCIAL,"Taller presencial sobre la Programación Multianual de Bienes, Servicios y Obras, en marco del Sistema Nacional de Abastecimiento - Piura / Tumbes",2023-06-16,2023-06,Femenino,Entre 31 y 40 años,Regional,GOBIERNO REGIONAL TUMBES,Tumbes,Gobiernos Regionales,II Trimestre,5c34e2c14988
TALLER,PRESENCIAL,"Taller presencial sobre la Programación Multianual de Bienes, Servicios y Obras, en marco del Sistema Nacional de Abastecimiento - Piura / Tumbes",2023-06-16,2023-06,Masculino,Entre 41 y 50 años,Local,MUNICIPALIDAD DISTRITAL DE SAN JACINTO,Tumbes,Gobiernos Locales,II Trimestre,29314d114c7e
TALLER,PRESENCIAL,"Taller presencial sobre la Programación Multianual de Bienes, Servicios y Obras, en marco del Sistema Nacional de Abastecimiento - Piura / Tumbes",2023-06-16,2023-06,Masculino,No especificado,Regional,GOBIERNO REGIONAL TUMBES,Tumbes,Gobiernos Regionales,II Trimestre,f8d2e839c00f
TALLER,PRESENCIAL,"Taller presencial sobre la Programación Multianual de Bienes, Servicios y Obras, en marco del Sistema Nacional de Abastecimiento - Piura / Tumbes",2023-06-16,2023-06,Masculino,No especificado,Local,MUNICIPALIDAD DISTRITAL CRISTO NOS VALGA,Piura,Gobiernos Locales,II Trimestre,02ddfd6841b1
TALLER,PRESENCIAL,"Taller presencial sobre la Programación Multianual de Bienes, Servicios y Obras, en marco del Sistema Nacional de Abastecimiento - Piura / Tumbes",2023-06-16,2023-06,Femenino,Entre 31 y 40 años,Local,MUNICIPALIDAD DISTRITAL LA CRUZ,Tumbes,Gobiernos Locales,II Trimestre,672279c0cc6e
TALLER,PRESENCIAL,"Taller presencial sobre la Programación Multianual de Bienes, Servicios y Obras, en marco del Sistema Nacional de Abastecimiento - Piura / Tumbes",2023-06-16,2023-06,Femenino,Entre 41 y 50 años,Local,MUNICIPALIDAD DISTRITAL DE AMOTAPE,Piura,Gobiernos Locales,II Trimestre,fd9709ce637a
TALLER,PRESENCIAL,"Taller presencial sobre la Programación Multianual de Bienes, Servicios y Obras, en marco del Sistema Nacional de Abastecimiento - Piura / Tumbes",2023-06-16,2023-06,Femenino,Entre 20 y 30 años,Regional,GOBIERNO REGIONAL TUMBES,Tumbes,Gobiernos Regionales,II Trimestre,38849ee177e5
TALLER,PRESENCIAL,"Taller presencial sobre la Programación Multianual de Bienes, Servicios y Obras, en marco del Sistema Nacional de Abastecimiento - Piura / Tumbes",2023-06-16,2023-06,Masculino,Entre 41 y 50 años,Local,MUNICIPALIDAD DISTRITAL CANOAS DE PUNTA SAL,Tumbes,Gobiernos Locales,II Trimestre,4c8c84932499
TALLER,PRESENCIAL,"Taller presencial sobre la Programación Multianual de Bienes, Servicios y Obras, en marco del Sistema Nacional de Abastecimiento - Piura / Tumbes",2023-06-16,2023-06,Femenino,Entre 51 y 60 años,Nacional,PROYECTO ESP. BINACIONAL PUYANGO TUMBES,Tumbes,Agricultura y Riego,II Trimestre,357f95e7d24a
TALLER,PRESENCIAL,"Taller presencial sobre la Programación Multianual de Bienes, Servicios y Obras, en marco del Sistema Nacional de Abastecimiento - Piura / Tumbes",2023-06-16,2023-06,Masculino,Entre 31 y 40 años,Regional,GOBIERNO REGIONAL PIURA,Piura,Gobiernos Regionales,II Trimestre,d3b34e0e394d
TALLER,PRESENCIAL,"Taller presencial sobre la Programación Multianual de Bienes, Servicios y Obras, en marco del Sistema Nacional de Abastecimiento - Piura / Tumbes",2023-06-16,2023-06,Masculino,Entre 51 y 60 años,Regional,DIRECCION REGIONAL DE EDUCACION TUMBES,Tumbes,Educación,II Trimestre,206cce2b69ea
TALLER,PRESENCIAL,"Taller presencial sobre la Programación Multianual de Bienes, Servicios y Obras, en marco del Sistema Nacional de Abastecimiento - Piura / Tumbes",2023-06-16,2023-06,Femenino,Entre 20 y 30 años,Local,MUNICIPALIDAD DISTRITAL DE YAMANGO,Piura,Gobiernos Locales,II Trimestre,6e5da9eeaee5
TALLER,PRESENCIAL,"Taller presencial sobre la Programación Multianual de Bienes, Servicios y Obras, en marco del Sistema Nacional de Abastecimiento - Piura / Tumbes",2023-06-16,2023-06,Masculino,Entre 51 y 60 años,Nacional,UNIVERSIDAD NACIONAL DE PIURA,Piura,Educación,II Trimestre,46c009e956e4
TALLER,PRESENCIAL,"Taller presencial sobre la Programación Multianual de Bienes, Servicios y Obras, en marco del Sistema Nacional de Abastecimiento - Piura / Tumbes",2023-06-16,2023-06,Femenino,No especificado,Local,MUNICIPALIDAD DISTRITAL DE CURA MORI,Piura,Gobiernos Locales,II Trimestre,eab61e855fd2
TALLER,PRESENCIAL,"Taller presencial sobre la Programación Multianual de Bienes, Servicios y Obras, en marco del Sistema Nacional de Abastecimiento - Piura / Tumbes",2023-06-16,2023-06,Masculino,Entre 20 y 30 años,Local,MUNICIPALIDAD DISTRITAL DE MATAPALO,Tumbes,Gobiernos Locales,II Trimestre,6411ee13b804
TALLER,PRESENCIAL,"Taller presencial sobre la Programación Multianual de Bienes, Servicios y Obras, en marco del Sistema Nacional de Abastecimiento - Piura / Tumbes",2023-06-16,2023-06,Femenino,Entre 20 y 30 años,Regional,GOBIERNO REGIONAL TUMBES,Tumbes,Gobiernos Regionales,II Trimestre,2ed338fdd354
TALLER,PRESENCIAL,"Taller presencial sobre la Programación Multianual de Bienes, Servicios y Obras, en marco del Sistema Nacional de Abastecimiento - Piura / Tumbes",2023-06-16,2023-06,Masculino,Entre 41 y 50 años,Regional,GOBIERNO REGIONAL TUMBES,Tumbes,Gobiernos Regionales,II Trimestre,c74674a15237
TALLER,PRESENCIAL,"Taller presencial sobre la Programación Multianual de Bienes, Servicios y Obras, en marco del Sistema Nacional de Abastecimiento - Piura / Tumbes",2023-06-16,2023-06,Femenino,Entre 31 y 40 años,Local,MUNICIPALIDAD DISTRITAL LA CRUZ,Tumbes,Gobiernos Locales,II Trimestre,6c7a43dbd2eb
TALLER,PRESENCIAL,"Taller presencial sobre la Programación Multianual de Bienes, Servicios y Obras, en marco del Sistema Nacional de Abastecimiento - Piura / Tumbes",2023-06-16,2023-06,Femenino,Entre 31 y 40 años,Regional,GERENCIA SUBREGIONAL MORROPON HUANCABAMBA,Piura,Gobiernos Regionales,II Trimestre,cea08ddddbcd
TALLER,PRESENCIAL,"Taller presencial sobre la Programación Multianual de Bienes, Servicios y Obras, en marco del Sistema Nacional de Abastecimiento - Piura / Tumbes",2023-06-16,2023-06,Masculino,Entre 51 y 60 años,Regional,COLEGIO MILITAR PEDRO RUIZ GALLO,Piura,Educación,II Trimestre,d36547492963
TALLER,PRESENCIAL,"Taller presencial sobre la Programación Multianual de Bienes, Servicios y Obras, en marco del Sistema Nacional de Abastecimiento - Piura / Tumbes",2023-06-16,2023-06,Masculino,Entre 31 y 40 años,Regional,GOBIERNO REGIONAL TUMBES,Tumbes,Gobiernos Regionales,II Trimestre,32eb2478e2d1
TALLER,PRESENCIAL,"Taller presencial sobre la Programación Multianual de Bienes, Servicios y Obras, en marco del Sistema Nacional de Abastecimiento - Piura / Tumbes",2023-06-16,2023-06,Masculino,Entre 31 y 40 años,Regional,GOBIERNO REGIONAL TUMBES,Tumbes,Gobiernos Regionales,II Trimestre,d516412859b8
TALLER,PRESENCIAL,"Taller presencial sobre la Programación Multianual de Bienes, Servicios y Obras, en marco del Sistema Nacional de Abastecimiento - Piura / Tumbes",2023-06-16,2023-06,Femenino,Entre 20 y 30 años,Nacional,UNIDAD EJECUTORA 002 SERVICIOS DE SANEAMIENTO TUMBES,Tumbes,"Vivienda, Construcción y Saneamiento",II Trimestre,55742da84b14
TALLER,PRESENCIAL,"Taller presencial sobre la Programación Multianual de Bienes, Servicios y Obras, en marco del Sistema Nacional de Abastecimiento - Piura / Tumbes",2023-06-16,2023-06,Femenino,Entre 51 y 60 años,Nacional,UNIVERSIDAD NACIONAL DE SECHURA,Piura,Educación,II Trimestre,ef6881fb6561
TALLER,PRESENCIAL,"Taller presencial sobre la Programación Multianual de Bienes, Servicios y Obras, en marco del Sistema Nacional de Abastecimiento - Piura / Tumbes",2023-06-16,2023-06,Masculino,No especificado,Local,MUNICIPALIDAD DISTRITAL CANOAS DE PUNTA SAL,Tumbes,Gobiernos Locales,II Trimestre,b2a924b09459
TALLER,PRESENCIAL,"Taller presencial sobre la Programación Multianual de Bienes, Servicios y Obras, en marco del Sistema Nacional de Abastecimiento - Piura / Tumbes",2023-06-16,2023-06,Masculino,Entre 41 y 50 años,Local,MUNICIPALIDAD PROVINCIAL DE PIURA,Piura,Gobiernos Locales,II Trimestre,558ceb9cff8b
TALLER,PRESENCIAL,"Taller presencial sobre la Programación Multianual de Bienes, Servicios y Obras, en marco del Sistema Nacional de Abastecimiento - Piura / Tumbes",2023-06-16,2023-06,Femenino,Mayor a 61 años,Regional,COLEGIO MILITAR PEDRO RUIZ GALLO,Piura,Educación,II Trimestre,f669c24165d3
TALLER,PRESENCIAL,"Taller presencial sobre la Programación Multianual de Bienes, Servicios y Obras, en marco del Sistema Nacional de Abastecimiento - Piura / Tumbes",2023-06-16,2023-06,Masculino,Entre 41 y 50 años,Local,MUNICIPALIDAD PROVINCIAL DE CONTRALMIRANTE VILLAR,Tumbes,Gobiernos Locales,II Trimestre,9b0d022133e4
TALLER,PRESENCIAL,"Taller presencial sobre la Programación Multianual de Bienes, Servicios y Obras, en marco del Sistema Nacional de Abastecimiento - Piura / Tumbes",2023-06-16,2023-06,Femenino,Entre 41 y 50 años,Local,MUNICIPALIDAD DISTRITAL DE LA ARENA,Piura,Gobiernos Locales,II Trimestre,ccab80610fc8
TALLER,PRESENCIAL,"Taller presencial sobre la Programación Multianual de Bienes, Servicios y Obras, en marco del Sistema Nacional de Abastecimiento - Piura / Tumbes",2023-06-16,2023-06,Femenino,Entre 41 y 50 años,Local,MUNICIPALIDAD DISTRITAL DE AMOTAPE,Piura,Gobiernos Locales,II Trimestre,fac75d1c424c
TALLER,PRESENCIAL,"Taller presencial sobre la Programación Multianual de Bienes, Servicios y Obras, en marco del Sistema Nacional de Abastecimiento - Piura / Tumbes",2023-06-16,2023-06,Femenino,Entre 31 y 40 años,Local,MUNICIPALIDAD DISTRITAL DE LOBITOS,Piura,Gobiernos Locales,II Trimestre,5c4b78b5863f
TALLER,PRESENCIAL,"Taller presencial sobre la Programación Multianual de Bienes, Servicios y Obras, en marco del Sistema Nacional de Abastecimiento - Piura / Tumbes",2023-06-16,2023-06,Masculino,Entre 31 y 40 años,Local,MUNICIPALIDAD DISTRITAL DE LA ARENA,Piura,Gobiernos Locales,II Trimestre,09ace91343eb
TALLER,PRESENCIAL,"Taller presencial sobre la Programación Multianual de Bienes, Servicios y Obras, en marco del Sistema Nacional de Abastecimiento - Piura / Tumbes",2023-06-16,2023-06,Masculino,No especificado,Local,MUNICIPALIDAD DISTRITAL CRISTO NOS VALGA,Piura,Gobiernos Locales,II Trimestre,fa611faef1ab
TALLER,PRESENCIAL,"Taller presencial sobre la Programación Multianual de Bienes, Servicios y Obras, en marco del Sistema Nacional de Abastecimiento - Piura / Tumbes",2023-06-16,2023-06,Femenino,Entre 41 y 50 años,Nacional,UNIDAD EJECUTORA 002 SERVICIOS DE SANEAMIENTO TUMBES,Tumbes,"Vivienda, Construcción y Saneamiento",II Trimestre,f95efb4b8fe1
TALLER,PRESENCIAL,"Taller presencial sobre la Programación Multianual de Bienes, Servicios y Obras, en marco del Sistema Nacional de Abastecimiento - Piura / Tumbes",2023-06-16,2023-06,Masculino,Entre 31 y 40 años,Regional,DIRECCION REGIONAL DE SALUD TUMBES,Tumbes,Gobiernos Regionales,II Trimestre,ba5b112ac69f
TALLER,PRESENCIAL,"Taller presencial sobre la Programación Multianual de Bienes, Servicios y Obras, en marco del Sistema Nacional de Abastecimiento - Piura / Tumbes",2023-06-16,2023-06,Masculino,Entre 41 y 50 años,Nacional,UNIVERSIDAD NACIONAL DE SECHURA,Piura,Educación,II Trimestre,13de5a7d55c7
TALLER,PRESENCIAL,"Taller presencial sobre la Programación Multianual de Bienes, Servicios y Obras, en marco del Sistema Nacional de Abastecimiento - Piura / Tumbes",2023-06-16,2023-06,Femenino,Entre 20 y 30 años,Regional,UNIDAD DE GESTION EDUCATIVA LOCAL DE PAITA (UGEL PAITA),Piura,Educación,II Trimestre,f155915b32a7
TALLER,PRESENCIAL,"Taller presencial sobre la Programación Multianual de Bienes, Servicios y Obras, en marco del Sistema Nacional de Abastecimiento - Piura / Tumbes",2023-06-16,2023-06,Masculino,Entre 41 y 50 años,Nacional,MINISTERIO PUBLICO - GERENCIA ADMINISTRATIVA DE PIURA,Piura,Ministerio Público,II Trimestre,f04516bbe442
TALLER,PRESENCIAL,"Taller presencial sobre la Programación Multianual de Bienes, Servicios y Obras, en marco del Sistema Nacional de Abastecimiento - Piura / Tumbes",2023-06-16,2023-06,Masculino,No especificado,Local,MUNICIPALIDAD DISTRITAL DE LAS LOMAS,Piura,Gobiernos Locales,II Trimestre,4babfa084839
TALLER,PRESENCIAL,"Taller presencial sobre la Programación Multianual de Bienes, Servicios y Obras, en marco del Sistema Nacional de Abastecimiento - Piura / Tumbes",2023-06-16,2023-06,Masculino,Entre 41 y 50 años,Regional,HOSPITAL DE APOYO II-2 SULLANA,Piura,Salud,II Trimestre,5e49b20e5653
TALLER,PRESENCIAL,"Taller presencial sobre la Programación Multianual de Bienes, Servicios y Obras, en marco del Sistema Nacional de Abastecimiento - Piura / Tumbes",2023-06-16,2023-06,Femenino,Entre 31 y 40 años,Local,MUNICIPALIDAD PROVINCIAL DE MORROPON - CHULUCANAS,Piura,Gobiernos Locales,II Trimestre,fc4141ecc22d
TALLER,PRESENCIAL,"Taller presencial sobre la Programación Multianual de Bienes, Servicios y Obras, en marco del Sistema Nacional de Abastecimiento - Piura / Tumbes",2023-06-16,2023-06,Masculino,Entre 51 y 60 años,Regional,DIRECCION REGIONAL DE SALUD TUMBES,Tumbes,Salud,II Trimestre,7bdab96281c1
TALLER,PRESENCIAL,"Taller presencial sobre la Programación Multianual de Bienes, Servicios y Obras, en marco del Sistema Nacional de Abastecimiento - Piura / Tumbes",2023-06-16,2023-06,Femenino,No especificado,Nacional,PROYECTO ESP. BINACIONAL PUYANGO TUMBES,Tumbes,Agricultura y Riego,II Trimestre,28c5467961e3
TALLER,PRESENCIAL,"Taller presencial sobre la Programación Multianual de Bienes, Servicios y Obras, en marco del Sistema Nacional de Abastecimiento - Piura / Tumbes",2023-06-16,2023-06,Masculino,No especificado,Local,MUNICIPALIDAD DISTRITAL DE MATAPALO,Tumbes,Gobiernos Locales,II Trimestre,80c5f5bb41f6
TALLER,PRESENCIAL,"Taller presencial sobre la Programación Multianual de Bienes, Servicios y Obras, en marco del Sistema Nacional de Abastecimiento - Piura / Tumbes",2023-06-16,2023-06,Masculino,Entre 31 y 40 años,Regional,DIRECCION REGIONAL DE EDUCACION TUMBES,Tumbes,Gobiernos Regionales,II Trimestre,a6dca9edf369
TALLER,PRESENCIAL,"Taller presencial sobre la Programación Multianual de Bienes, Servicios y Obras, en marco del Sistema Nacional de Abastecimiento - Piura / Tumbes",2023-06-16,2023-06,Femenino,Entre 31 y 40 años,Regional,DIRECCION REGIONAL DE TRANSPORTES Y COMUNICACIONES - PIURA,Piura,Transportes y Comunicaciones,II Trimestre,25200b36764e
TALLER,PRESENCIAL,"Taller presencial sobre la Programación Multianual de Bienes, Servicios y Obras, en marco del Sistema Nacional de Abastecimiento - Piura / Tumbes",2023-06-16,2023-06,Masculino,Entre 41 y 50 años,Regional,HOSPITAL DE APOYO II - 1 NUESTRA SRA.DE LAS MERCEDES PAITA,Piura,Salud,II Trimestre,7c80e0cb9822
TALLER,PRESENCIAL,"Taller presencial sobre la Programación Multianual de Bienes, Servicios y Obras, en marco del Sistema Nacional de Abastecimiento - Piura / Tumbes",2023-06-16,2023-06,Femenino,Entre 20 y 30 años,Regional,DIRECCION REGIONAL DE EDUCACION TUMBES,Tumbes,Educación,II Trimestre,6c53ea45f7f9
TALLER,PRESENCIAL,"Taller presencial sobre la Programación Multianual de Bienes, Servicios y Obras, en marco del Sistema Nacional de Abastecimiento - Ica",2026-06-23,2026-06,Masculino,Entre 41 y 50 años,Regional,SERVICIOS BASICOS DE SALUD CHILCA-MALA,Lima,Salud,II Trimestre,705b17e0fb90
TALLER,PRESENCIAL,"Taller presencial sobre la Programación Multianual de Bienes, Servicios y Obras, en marco del Sistema Nacional de Abastecimiento - Ica",2026-06-23,2026-06,Femenino,Entre 41 y 50 años,Regional,UNIDAD EJECUTORA 303 EDUCACION PISCO,Ica,Educación,II Trimestre,acbf287f6ce7
TALLER,PRESENCIAL,"Taller presencial sobre la Programación Multianual de Bienes, Servicios y Obras, en marco del Sistema Nacional de Abastecimiento - Ica",2026-06-23,2026-06,Masculino,Entre 31 y 40 años,Regional,UNIDAD DE GESTION EDUCATIVA DE PAUCAR DEL SARASARA - GOB.REG. DE AYACUCHO- EDUCACION SUR PAUZA,Ayacucho,Educación,II Trimestre,0a87759e5867
TALLER,PRESENCIAL,"Taller presencial sobre la Programación Multianual de Bienes, Servicios y Obras, en marco del Sistema Nacional de Abastecimiento - Ica",2026-06-23,2026-06,Masculino,No especificado,Regional,REGION AYACUCHO-EDUCACION SARA SARA - UGEL PARINACOCHAS,Ayacucho,Gobiernos Locales,II Trimestre,68484b934026
TALLER,PRESENCIAL,"Taller presencial sobre la Programación Multianual de Bienes, Servicios y Obras, en marco del Sistema Nacional de Abastecimiento - Ica",2026-06-23,2026-06,Femenino,Entre 20 y 30 años,Local,MUNICIPALIDAD DISTRITAL SAN JOSE DA LOS MOLINOS,Ica,Gobiernos Locales,II Trimestre,f0d5bc0efdd7
TALLER,PRESENCIAL,"Taller presencial sobre la Programación Multianual de Bienes, Servicios y Obras, en marco del Sistema Nacional de Abastecimiento - Ica",2026-06-23,2026-06,Masculino,No especificado,Regional,CTAR ICA DIRECCION REGIONAL TRANSPORTE,Ica,Transportes y Comunicaciones,II Trimestre,bf7830735c67
TALLER,PRESENCIAL,"Taller presencial sobre la Programación Multianual de Bienes, Servicios y Obras, en marco del Sistema Nacional de Abastecimiento - Ica",2026-06-23,2026-06,Masculino,Entre 31 y 40 años,Local,MUNICIPALIDAD DISTRITAL DE MALA,Lima,Gobiernos Locales,II Trimestre,3d59ecbd8736
TALLER,PRESENCIAL,"Taller presencial sobre la Programación Multianual de Bienes, Servicios y Obras, en marco del Sistema Nacional de Abastecimiento - Ica",2026-06-23,2026-06,Masculino,Entre 20 y 30 años,Local,MUNICIPALIDAD DISTRITAL DE IMPERIAL,Lima,Gobiernos Locales,II Trimestre,50f1599ccf4e
TALLER,PRESENCIAL,"Taller presencial sobre la Programación Multianual de Bienes, Servicios y Obras, en marco del Sistema Nacional de Abastecimiento - Ica",2026-06-23,2026-06,Masculino,Entre 20 y 30 años,Regional,Proyecto Especial Tambo Ccaracocha - PETACC,Ica,Agricultura y Riego,II Trimestre,d06903860711
TALLER,PRESENCIAL,"Taller presencial sobre la Programación Multianual de Bienes, Servicios y Obras, en marco del Sistema Nacional de Abastecimiento - Ica",2026-06-23,2026-06,Femenino,Entre 20 y 30 años,Local,MUNICIPALIDAD DISTRITAL DE INDEPENDENCIA,Ica,Gobiernos Locales,II Trimestre,d2b1ce687571
TALLER,PRESENCIAL,"Taller presencial sobre la Programación Multianual de Bienes, Servicios y Obras, en marco del Sistema Nacional de Abastecimiento - Ica",2026-06-23,2026-06,Femenino,Entre 31 y 40 años,Local,MUNICIPALIDAD DISTRITAL DE CHUMPI,Ayacucho,Gobiernos Locales,II Trimestre,f1e6b09cde44
TALLER,PRESENCIAL,"Taller presencial sobre la Programación Multianual de Bienes, Servicios y Obras, en marco del Sistema Nacional de Abastecimiento - Ica",2026-06-23,2026-06,Masculino,Entre 20 y 30 años,Regional,CTAR ICA DIRECCION REGIONAL TRANSPORTE,Ica,Transportes y Comunicaciones,II Trimestre,5aa3110bb9a8
TALLER,PRESENCIAL,"Taller presencial sobre la Programación Multianual de Bienes, Servicios y Obras, en marco del Sistema Nacional de Abastecimiento - Ica",2026-06-23,2026-06,Masculino,Entre 20 y 30 años,Nacional,UNIVERSIDAD NACIONAL DE CAÑETE,Lima,Educación,II Trimestre,8f10c68b7ff0
TALLER,PRESENCIAL,"Taller presencial sobre la Programación Multianual de Bienes, Servicios y Obras, en marco del Sistema Nacional de Abastecimiento - Ica",2026-06-23,2026-06,Masculino,Entre 31 y 40 años,Local,MUNICIPALIDAD DISTRITAL DE INDEPENDENCIA,Ica,Gobiernos Locales,II Trimestre,2531f799f092
TALLER,PRESENCIAL,"Taller presencial sobre la Programación Multianual de Bienes, Servicios y Obras, en marco del Sistema Nacional de Abastecimiento - Ica",2026-06-23,2026-06,Masculino,Entre 41 y 50 años,Regional,UNIDAD DE GESTION EDUCATIVA DE PAUCAR DEL SARASARA - GOB.REG. DE AYACUCHO- EDUCACION SUR PAUZA,Ayacucho,Educación,II Trimestre,039676594bfe
TALLER,PRESENCIAL,"Taller presencial sobre la Programación Multianual de Bienes, Servicios y Obras, en marco del Sistema Nacional de Abastecimiento - Ica",2026-06-23,2026-06,Femenino,Entre 31 y 40 años,Local,MUNICIPALIDAD DISTRITAL DE CHINCHA BAJA,Ica,Gobiernos Locales,II Trimestre,a34534172ee4
TALLER,PRESENCIAL,"Taller presencial sobre la Programación Multianual de Bienes, Servicios y Obras, en marco del Sistema Nacional de Abastecimiento - Ica",2026-06-23,2026-06,Masculino,Entre 31 y 40 años,Local,MUNICIPALIDAD PROVINCIAL DE PISCO,Ica,Gobiernos Locales,II Trimestre,8a481a88deb3
TALLER,PRESENCIAL,"Taller presencial sobre la Programación Multianual de Bienes, Servicios y Obras, en marco del Sistema Nacional de Abastecimiento - Ica",2026-06-23,2026-06,Masculino,Entre 20 y 30 años,Local,MUNICIPALIDAD PROVINCIAL DE PISCO,Ica,Gobiernos Locales,II Trimestre,9bee2b656c35
TALLER,PRESENCIAL,"Taller presencial sobre la Programación Multianual de Bienes, Servicios y Obras, en marco del Sistema Nacional de Abastecimiento - Ica",2026-06-23,2026-06,Femenino,Entre 20 y 30 años,Local,MUNICIPALIDAD PROVINCIAL DE ICA,Ica,Gobiernos Locales,II Trimestre,9a435797e5a4
TALLER,PRESENCIAL,"Taller presencial sobre la Programación Multianual de Bienes, Servicios y Obras, en marco del Sistema Nacional de Abastecimiento - Ica",2026-06-23,2026-06,Masculino,Entre 31 y 40 años,Nacional,ZONA REGISTRAL N° XI,Ica,Gobierno Nacional,II Trimestre,4f840bda0462
TALLER,PRESENCIAL,"Taller presencial sobre la Programación Multianual de Bienes, Servicios y Obras, en marco del Sistema Nacional de Abastecimiento - Ica",2026-06-23,2026-06,Femenino,Entre 20 y 30 años,Local,MUNICIPALIDAD DISTRITAL DE CHANGUILLO,Ica,Gobiernos Locales,II Trimestre,1e484459fb9f
TALLER,PRESENCIAL,"Taller presencial sobre la Programación Multianual de Bienes, Servicios y Obras, en marco del Sistema Nacional de Abastecimiento - Ica",2026-06-23,2026-06,Femenino,Entre 31 y 40 años,Local,MUNICIPALIDAD PROVINCIAL DE ICA,Ica,Gobiernos Locales,II Trimestre,1d500669d9a5
TALLER,PRESENCIAL,"Taller presencial sobre la Programación Multianual de Bienes, Servicios y Obras, en marco del Sistema Nacional de Abastecimiento - Ica",2026-06-23,2026-06,Femenino,Entre 31 y 40 años,Regional,UNIDAD DE GESTION EDUCATIVA DE LUCANAS,Ayacucho,Educación,II Trimestre,eecbc504bda1
TALLER,PRESENCIAL,"Taller presencial sobre la Programación Multianual de Bienes, Servicios y Obras, en marco del Sistema Nacional de Abastecimiento - Ica",2026-06-23,2026-06,Masculino,Entre 41 y 50 años,Local,MUNICIPALIDAD DISTRITAL DE CHUMPI,Ayacucho,Gobiernos Locales,II Trimestre,790752d561a3
TALLER,PRESENCIAL,"Taller presencial sobre la Programación Multianual de Bienes, Servicios y Obras, en marco del Sistema Nacional de Abastecimiento - Ica",2026-06-23,2026-06,Masculino,Entre 20 y 30 años,Regional,HOSPITAL REGIONAL DE CAÑETE-REZOLA,Lima,Salud,II Trimestre,5dbf7a0eff93
TALLER,PRESENCIAL,"Taller presencial sobre la Programación Multianual de Bienes, Servicios y Obras, en marco del Sistema Nacional de Abastecimiento - Ica",2026-06-23,2026-06,Masculino,Entre 41 y 50 años,Local,MUNICIPALIDAD DISTRITAL DE LUNAHUANA,Lima,Gobiernos Locales,II Trimestre,2abe262a0400
TALLER,PRESENCIAL,"Taller presencial sobre la Programación Multianual de Bienes, Servicios y Obras, en marco del Sistema Nacional de Abastecimiento - Ica",2026-06-23,2026-06,Femenino,Mayor a 61 años,Regional,UNIDAD EJECUTORA 303 EDUCACION PISCO,Ica,Educación,II Trimestre,5fa55aa3d744
TALLER,PRESENCIAL,"Taller presencial sobre la Programación Multianual de Bienes, Servicios y Obras, en marco del Sistema Nacional de Abastecimiento - Ica",2026-06-23,2026-06,Femenino,Entre 51 y 60 años,Nacional,CORTE SUPERIOR DE JUSTICIA DE ICA,Ica,Poder Judicial,II Trimestre,db47d0ce2157
TALLER,PRESENCIAL,"Taller presencial sobre la Programación Multianual de Bienes, Servicios y Obras, en marco del Sistema Nacional de Abastecimiento - Ica",2026-06-23,2026-06,Femenino,Entre 31 y 40 años,Local,MUNICIPALIDAD DISTRITAL DE CHAVINA,Ayacucho,Gobiernos Locales,II Trimestre,211dc0774038
TALLER,PRESENCIAL,"Taller presencial sobre la Programación Multianual de Bienes, Servicios y Obras, en marco del Sistema Nacional de Abastecimiento - Ica",2026-06-23,2026-06,Masculino,Entre 20 y 30 años,Local,MUNICIPALIDAD DISTRITAL DE PUEBLO NUEVO,Ica,Gobiernos Locales,II Trimestre,6bb2434086a0
TALLER,PRESENCIAL,"Taller presencial sobre la Programación Multianual de Bienes, Servicios y Obras, en marco del Sistema Nacional de Abastecimiento - Ica",2026-06-23,2026-06,Masculino,Entre 20 y 30 años,Local,MUNICIPALIDAD DISTRITAL DE CHIPAO,Ayacucho,Gobiernos Locales,II Trimestre,5657fa1b96c8
TALLER,PRESENCIAL,"Taller presencial sobre la Programación Multianual de Bienes, Servicios y Obras, en marco del Sistema Nacional de Abastecimiento - Ica",2026-06-23,2026-06,Femenino,Entre 41 y 50 años,Regional,UNIDAD EJECUTORA 303 EDUCACION PISCO,Ica,Educación,II Trimestre,ecc2d6823f6d
TALLER,PRESENCIAL,"Taller presencial sobre la Programación Multianual de Bienes, Servicios y Obras, en marco del Sistema Nacional de Abastecimiento - Ica",2026-06-23,2026-06,Masculino,Entre 31 y 40 años,Local,MUNICIPALIDAD DISTRITAL DE LARAMATE,Ayacucho,Gobiernos Locales,II Trimestre,860cebe09c6d
TALLER,PRESENCIAL,"Taller presencial sobre la Programación Multianual de Bienes, Servicios y Obras, en marco del Sistema Nacional de Abastecimiento - Ica",2026-06-23,2026-06,Femenino,Entre 20 y 30 años,Regional,HOSPITAL REGIONAL DE CAÑETE-REZOLA,Lima,Salud,II Trimestre,1f1b84a5d782
TALLER,PRESENCIAL,"Taller presencial sobre la Programación Multianual de Bienes, Servicios y Obras, en marco del Sistema Nacional de Abastecimiento - Ica",2026-06-23,2026-06,Masculino,Entre 20 y 30 años,Local,MUNICIPALIDAD DISTRITAL DE PUEBLO NUEVO,Ica,Gobiernos Locales,II Trimestre,5effb18d4433
TALLER,PRESENCIAL,"Taller presencial sobre la Programación Multianual de Bienes, Servicios y Obras, en marco del Sistema Nacional de Abastecimiento - Ica",2026-06-23,2026-06,Masculino,Entre 31 y 40 años,Local,MUNICIPALIDAD DISTRITAL DE SUNAMPE,Ica,Gobiernos Locales,II Trimestre,f47c6fb1e91a
TALLER,PRESENCIAL,"Taller presencial sobre la Programación Multianual de Bienes, Servicios y Obras, en marco del Sistema Nacional de Abastecimiento - Ica",2026-06-23,2026-06,Femenino,Entre 31 y 40 años,Local,MUNICIPALIDAD DIST. DE SAN JUAN BAUTISTA,Ica,Gobiernos Locales,II Trimestre,3cf862cfe7f2
TALLER,PRESENCIAL,"Taller presencial sobre la Programación Multianual de Bienes, Servicios y Obras, en marco del Sistema Nacional de Abastecimiento - Ica",2026-06-23,2026-06,Masculino,Entre 31 y 40 años,Regional,Proyecto Especial Tambo Ccaracocha - PETACC,Ica,Agricultura y Riego,II Trimestre,88706c5f4d01
TALLER,PRESENCIAL,"Taller presencial sobre la Programación Multianual de Bienes, Servicios y Obras, en marco del Sistema Nacional de Abastecimiento - Ica",2026-06-23,2026-06,Femenino,Entre 20 y 30 años,Local,MUNICIPALIDAD DISTRITAL DE OTOCA,Ayacucho,Gobiernos Locales,II Trimestre,53ade18d3168
TALLER,PRESENCIAL,"Taller presencial sobre la Programación Multianual de Bienes, Servicios y Obras, en marco del Sistema Nacional de Abastecimiento - Ica",2026-06-23,2026-06,Masculino,Entre 41 y 50 años,Regional,UNIDAD DE GESTION EDUCATIVA DE LUCANAS,Ayacucho,Educación,II Trimestre,1d620acc1c8d
TALLER,PRESENCIAL,"Taller presencial sobre la Programación Multianual de Bienes, Servicios y Obras, en marco del Sistema Nacional de Abastecimiento - Ica",2026-06-23,2026-06,Femenino,Entre 31 y 40 años,Local,MUNICIPALIDAD DISTRITAL DE TANTA,Lima,Gobiernos Locales,II Trimestre,9e8dba9eeeb7
TALLER,PRESENCIAL,"Taller presencial sobre la Programación Multianual de Bienes, Servicios y Obras, en marco del Sistema Nacional de Abastecimiento - Ica",2026-06-23,2026-06,Masculino,Entre 20 y 30 años,Local,MUNICIPALIDAD DISTRITAL DE RIO GRANDE,Ica,Gobiernos Locales,II Trimestre,795b164e363d
TALLER,PRESENCIAL,"Taller presencial sobre la Programación Multianual de Bienes, Servicios y Obras, en marco del Sistema Nacional de Abastecimiento - Ica",2026-06-23,2026-06,Masculino,No especificado,Nacional,UNIVERSIDAD NACIONAL DE CAÑETE,Lima,Educación,II Trimestre,bf78cf6d4dfe
TALLER,PRESENCIAL,"Taller presencial sobre la Programación Multianual de Bienes, Servicios y Obras, en marco del Sistema Nacional de Abastecimiento - Ica",2026-06-23,2026-06,Femenino,Entre 20 y 30 años,Local,MUNICIPALIDAD DISTRITAL DE AUCARA,Ayacucho,Gobiernos Locales,II Trimestre,5440bfde3902
TALLER,PRESENCIAL,"Taller presencial sobre la Programación Multianual de Bienes, Servicios y Obras, en marco del Sistema Nacional de Abastecimiento - Ica",2026-06-23,2026-06,Femenino,Entre 20 y 30 años,Regional,UNIDAD EJECUTORA 402 SALUD PALPA NASCA,Ica,Salud,II Trimestre,fa0060b4ae6c
TALLER,PRESENCIAL,"Taller presencial sobre la Programación Multianual de Bienes, Servicios y Obras, en marco del Sistema Nacional de Abastecimiento - Ica",2026-06-23,2026-06,Femenino,Entre 31 y 40 años,Nacional,CORTE SUPERIOR DE JUSTICIA DE ICA,Ica,Poder Judicial,II Trimestre,ed9241a5f946
TALLER,PRESENCIAL,"Taller presencial sobre la Programación Multianual de Bienes, Servicios y Obras, en marco del Sistema Nacional de Abastecimiento - Ica",2026-06-23,2026-06,Femenino,Entre 31 y 40 años,Local,MUNICIPALIDAD DISTRITAL DE OCUCAJE,Ica,Gobiernos Locales,II Trimestre,826a12162c1b
TALLER,PRESENCIAL,"Taller presencial sobre la Programación Multianual de Bienes, Servicios y Obras, en marco del Sistema Nacional de Abastecimiento - Ica",2026-06-23,2026-06,Masculino,Entre 31 y 40 años,Regional,UNIDAD EJECUTORA 402 SALUD PALPA NASCA,Ica,Salud,II Trimestre,e86f41706c1c
TALLER,PRESENCIAL,"Taller presencial sobre la Programación Multianual de Bienes, Servicios y Obras, en marco del Sistema Nacional de Abastecimiento - Ica",2026-06-23,2026-06,Femenino,Entre 31 y 40 años,Local,MUNICIPALIDAD DISTRITAL DE SAN CLEMENTE,Ica,Gobiernos Locales,II Trimestre,f5139d3101f7
CURSO,VIRTUAL,Gestión de Almacenes,2026-06-25,2026-06,Femenino,Entre 41 y 50 años,Regional,UNIDAD DE GESTION EDUCATIVA LOCAL DE ASCOPE,La Libertad,Educación,II Trimestre,406bcb083b6e
CURSO,VIRTUAL,Gestión de Almacenes,2026-06-25,2026-06,Masculino,Entre 41 y 50 años,Regional,UNIDAD DE GESTION EDUCATIVA LOCAL DE PAITA (UGEL PAITA),Piura,Educación,II Trimestre,6f9ee36561dd
CURSO,VIRTUAL,Gestión de Almacenes,2026-06-25,2026-06,Femenino,Entre 41 y 50 años,Regional,UNIDAD DE GESTION EDUCATIVA LOCAL CHEPEN,La Libertad,Educación,II Trimestre,29dc1ee92a71
CURSO,VIRTUAL,Gestión de Almacenes,2026-06-25,2026-06,Masculino,Entre 51 y 60 años,Regional,UNIDAD DE GESTION EDUCATIVA LOCAL BOLIVAR,La Libertad,Educación,II Trimestre,3b1b1a712019
CURSO,VIRTUAL,Gestión de Almacenes,2026-06-25,2026-06,Masculino,Entre 51 y 60 años,Otros,PROGRAMA GFP SUBNACIONAL,Cusco,Otros,II Trimestre,33c91bac4295
CURSO,VIRTUAL,Gestión de Almacenes,2026-06-25,2026-06,Femenino,Entre 20 y 30 años,Regional,UNIDAD DE GESTION EDUCATIVA LOCAL CALCA,Cusco,Educación,II Trimestre,b6b8cd61896e
CURSO,VIRTUAL,Gestión de Almacenes,2026-06-25,2026-06,Masculino,Entre 20 y 30 años,Regional,HOSPITAL DE APOYO II-1 NUESTRA SEÑORA DE LAS MERCEDES PAITA,Piura,Salud ,II Trimestre,dd45e0580198
CURSO,VIRTUAL,Gestión de Almacenes,2026-06-25,2026-06,Femenino,Entre 51 y 60 años,Regional,UNIDAD DE GESTION EDUCATIVA LOCAL SAN MARTIN,San Martín,Educación,II Trimestre,d0cbe9514dd6
CURSO,VIRTUAL,Gestión de Almacenes,2026-06-25,2026-06,Femenino,Entre 31 y 40 años,Regional,UNIDAD DE GESTION EDUCATIVA LOCAL BELLAVISTA,San Martín,Educación,II Trimestre,2913f0950d0f
CURSO,VIRTUAL,Gestión de Almacenes,2026-06-25,2026-06,Femenino,Entre 31 y 40 años,Regional,HOSPITAL DE APOYO II-1 NUESTRA SEÑORA DE LAS MERCEDES PAITA,Piura,SALUD,II Trimestre,e1e8090b1adf
CURSO,VIRTUAL,Gestión de Almacenes,2026-06-25,2026-06,Femenino,Entre 51 y 60 años,Regional,UNIDAD DE GESTION EDUCATIVA LOCAL LAMAS,San Martín,Educación,II Trimestre,7c8a1185b4fc
CURSO,VIRTUAL,Gestión de Almacenes,2026-06-25,2026-06,Femenino,Entre 31 y 40 años,Regional,UNIDAD DE GESTION EDUCATIVA LOCAL FERRENAFE,Lambayeque,Educación,II Trimestre,6944cd32a5a9
CURSO,VIRTUAL,Gestión de Almacenes,2026-06-25,2026-06,Masculino,Entre 41 y 50 años,Regional,DIRECCIÓN REGIONAL DE EDUCACIÓN DE LA LIBERTAD,La Libertad,Educación,II Trimestre,c0a88dae0932
CURSO,VIRTUAL,Gestión de Almacenes,2026-06-25,2026-06,Masculino,Entre 31 y 40 años,Regional,UNIDAD DE GESTION EDUCATIVA LOCAL SAN MARTIN,San Martín,Educación,II Trimestre,ce5944db0c98
CURSO,VIRTUAL,Gestión de Almacenes,2026-06-25,2026-06,Masculino,Mayor a 61 años,Regional,UNIDAD DE GESTION EDUCATIVA LOCAL LAMAS,San Martín,Educación,II Trimestre,5e3d274bb3ee
CURSO,VIRTUAL,Gestión de Almacenes,2026-06-25,2026-06,Masculino,Entre 41 y 50 años,Regional,UNIDAD DE GESTION EDUCATIVA LOCAL DE MORROPON,Piura,Educación,II Trimestre,1fa1b7da706f
CURSO,VIRTUAL,Gestión de Almacenes,2026-06-25,2026-06,Masculino,Entre 41 y 50 años,Regional,UNIDAD DE GESTION EDUCATIVA LOCAL DE PICHARI-KIMBIRI-VILLA VIRGEN,Cusco,Educación,II Trimestre,209a89653fd8
CURSO,VIRTUAL,Gestión de Almacenes,2026-06-25,2026-06,Masculino,Entre 41 y 50 años,Regional,UNIDAD DE GESTION EDUCATIVA LOCAL CUSCO,Cusco,Educación,II Trimestre,859233b248bb
CURSO,VIRTUAL,Gestión de Almacenes,2026-06-25,2026-06,Femenino,Entre 31 y 40 años,Regional,UNIDAD DE GESTION EDUCATIVA LOCAL URUBAMBA,Cusco,Educación,II Trimestre,5ad90baceef1
CURSO,VIRTUAL,Gestión de Almacenes,2026-06-25,2026-06,Masculino,Entre 31 y 40 años,Regional,UNIDAD DE GESTION EDUCATIVA LOCAL MARISCAL CACERES,San Martín,Educación,II Trimestre,43bd62192201
CURSO,VIRTUAL,Gestión de Almacenes,2026-06-25,2026-06,Masculino,Entre 41 y 50 años,Regional,UNIDAD DE GESTION EDUCATIVA LOCAL ESPINAR,Cusco,Educación,II Trimestre,c4070641cc51
CURSO,VIRTUAL,Gestión de Almacenes,2026-06-25,2026-06,Femenino,No deseo proporcionar mi rango de edad,Regional,UNIDAD DE GESTION EDUCATIVA LOCAL N° 01- EL PORVENIR,La Libertad,Educación,II Trimestre,4bb4fe105e91
CURSO,VIRTUAL,Gestión de Almacenes,2026-06-25,2026-06,Femenino,Entre 31 y 40 años,Regional,UNIDAD DE GESTION EDUCATIVA LOCAL CUSCO,Cusco,Educación,II Trimestre,2a4c577dc2da
CURSO,VIRTUAL,Gestión de Almacenes,2026-06-25,2026-06,Masculino,Entre 41 y 50 años,Regional,UNIDAD DE GESTION EDUCATIVA LOCAL LAMBAYEQUE,Lambayeque,Educación,II Trimestre,3174a97eda53
CURSO,VIRTUAL,Gestión de Almacenes,2026-06-25,2026-06,Masculino,Entre 31 y 40 años,Regional,UNIDAD DE GESTION EDUCATIVA LOCAL DE CHULUCANAS (ALTO PIURA),Piura,Educación,II Trimestre,72b05d250b16
CURSO,VIRTUAL,Gestión de Almacenes,2026-06-25,2026-06,Masculino,Entre 31 y 40 años,Regional,UNIDAD DE GESTION EDUCATIVA LOCAL DE HUANCABAMBA,Piura,Educación,II Trimestre,97fb83a349df
CURSO,VIRTUAL,Gestión de Almacenes,2026-06-25,2026-06,Masculino,Entre 51 y 60 años,Regional,DIRECCIÓN REGIONAL DE EDUCACIÓN DE CUSCO,Cusco,Educación,II Trimestre,9a0bea649c06
CURSO,VIRTUAL,Gestión de Almacenes,2026-06-25,2026-06,Masculino,Entre 51 y 60 años,Regional,UNIDAD DE GESTION EDUCATIVA LOCAL DE SECHURA,Piura,Educación,II Trimestre,e69702fa7cbf
CURSO,VIRTUAL,Gestión de Almacenes,2026-06-25,2026-06,Masculino,Entre 41 y 50 años,Regional,UNIDAD DE GESTION EDUCATIVA LOCAL HUALLAGA,San Martín,Educación,II Trimestre,2e2e083af699
CURSO,VIRTUAL,Gestión de Almacenes,2026-06-25,2026-06,Masculino,Entre 31 y 40 años,Regional,UNIDAD GESTION EDUCATIVA LOCAL QUISPICANCHI,Cusco,Educación,II Trimestre,6c214077bcce
CURSO,VIRTUAL,Gestión de Almacenes,2026-06-25,2026-06,Femenino,Entre 31 y 40 años,Regional,UNIDAD GESTION EDUCATIVA LOCAL QUISPICANCHI,Cusco,Educación,II Trimestre,6b8f91e72d77
CURSO,VIRTUAL,Gestión de Almacenes,2026-06-25,2026-06,Femenino,Entre 31 y 40 años,Regional,UNIDAD DE GESTION EDUCATIVA LOCAL CALCA,Cusco,Educación,II Trimestre,5b75f3b884b7
CURSO,VIRTUAL,Gestión de Almacenes,2026-06-25,2026-06,Femenino,Entre 51 y 60 años,Regional,DIRECCIÓN REGIONAL DE EDUCACIÓN DE LAMBAYEQUE,Lambayeque,Educación,II Trimestre,dd49ba7e199c
CURSO,VIRTUAL,Gestión de Almacenes,2026-06-25,2026-06,Masculino,Entre 31 y 40 años,Regional,UNIDAD DE GESTION EDUCATIVA LOCAL MARISCAL CACERES,San Martín,Educación,II Trimestre,1bc5f591d9dc
CURSO,VIRTUAL,Gestión de Almacenes,2026-06-25,2026-06,Femenino,Entre 41 y 50 años,Regional,UNIDAD GESTION EDUCATIVA LOCAL QUISPICANCHI,Cusco,Educación,II Trimestre,cc626c6a7708
CURSO,VIRTUAL,Gestión de Almacenes,2026-06-25,2026-06,Masculino,Entre 31 y 40 años,Regional,UNIDAD DE GESTION EDUCATIVA LOCAL DE PAITA (UGEL PAITA),Piura,Educación,II Trimestre,2cddc90218e8
CURSO,VIRTUAL,Gestión de Almacenes,2026-06-25,2026-06,Femenino,Entre 41 y 50 años,Regional,UNIDAD DE GESTION EDUCATIVA LOCAL CUSCO,Cusco,Educación,II Trimestre,fe0d56845135
CURSO,VIRTUAL,Gestión de Almacenes,2026-06-25,2026-06,Masculino,Entre 31 y 40 años,Regional,UNIDAD DE GESTION EDUCATIVA LOCAL FERRENAFE,Lambayeque,Educación,II Trimestre,8b03129606f7
CURSO,VIRTUAL,Gestión de Almacenes,2026-06-25,2026-06,Masculino,Mayor a 61 años,Otros,Basel Institute on Governance - PROGRAMA GFP SUBNACIONAL,Lima,Educación,II Trimestre,097c7bdcead0
CURSO,VIRTUAL,Gestión de Almacenes,2026-06-25,2026-06,Masculino,Entre 20 y 30 años,Regional,UNIDAD DE GESTION EDUCATIVA LOCAL DE VIRU,La Libertad,Educación,II Trimestre,1c2087d8ba53
CURSO,VIRTUAL,Gestión de Almacenes,2026-06-25,2026-06,Femenino,Entre 20 y 30 años,Regional,UNIDAD DE GESTION EDUCATIVA LOCAL DE PAITA (UGEL PAITA),Piura,Educación,II Trimestre,f155915b32a7
CURSO,VIRTUAL,Gestión de Almacenes,2026-06-25,2026-06,Masculino,Entre 31 y 40 años,Regional,UNIDAD DE GESTION EDUCATIVA LOCAL SAN MARTIN,San Martín,Educación,II Trimestre,20a4c2c94253
CURSO,VIRTUAL,Gestión de Almacenes,2026-06-25,2026-06,Masculino,Entre 31 y 40 años,Regional,UNIDAD DE GESTION EDUCATIVA LOCAL DE SULLANA (LUCIANO CASTILLO COLONNA),Piura,Educación,II Trimestre,d6ef52cd3875
CURSO,VIRTUAL,Gestión de Almacenes,2026-06-25,2026-06,Masculino,Entre 31 y 40 años,Regional,UNIDAD DE GESTION EDUCATIVA LOCAL CHICLAYO,Lambayeque,Educación,II Trimestre,6df8362860cf
CURSO,VIRTUAL,Gestión de Almacenes,2026-06-25,2026-06,Masculino,Entre 41 y 50 años,Regional,UNIDAD DE GESTION EDUCATIVA LOCAL DE AYABACA,Piura,Educación,II Trimestre,01e6855fa127
CURSO,VIRTUAL,Gestión de Almacenes,2026-06-25,2026-06,Femenino,Mayor a 61 años,Otros,Basel Institute on Governance - PROGRAMA GFP SUBNACIONAL,Piura,Otros,II Trimestre,c5b4bf20c30e
CURSO,VIRTUAL,Gestión de Almacenes,2026-06-25,2026-06,Femenino,Entre 31 y 40 años,Regional,UNIDAD DE GESTION EDUCATIVA LOCAL DE HUARMACA,Piura,Educación,II Trimestre,52d4a594f12f
CURSO,VIRTUAL,Gestión de Almacenes,2026-06-25,2026-06,Femenino,Entre 31 y 40 años,Regional,UNIDAD DE GESTION EDUCATIVA LOCAL GRAN CHIMU,La Libertad,Educación,II Trimestre,2c255aac2fea
CURSO,VIRTUAL,Gestión de Almacenes,2026-06-25,2026-06,Masculino,Entre 31 y 40 años,Regional,UNIDAD DE GESTION EDUCATIVA LOCAL RIOJA,San Martín,Educación,II Trimestre,70c77e4671e3
CURSO,VIRTUAL,Gestión de Almacenes,2026-06-25,2026-06,Masculino,Entre 31 y 40 años,Regional,UNIDAD DE GESTION EDUCATIVA LOCAL DE TALARA,Piura,Educación,II Trimestre,0eb3ee2031c0
